word,definition,English translation,lesson,tags
À bientôt.,,See you soon.,Leçon_1B,Espaces;Unité_1;Leçon_1B;Salut!;Bonjour et au revoir;phrase
à condition que...,,"on the condition that…, provided that…",Leçon_15B,Espaces;Unité_15;Leçon_15B;Les arts;Conjonctions suivies du subjonctif;phrase
à côté de,,next to,Leçon_3B,Espaces;Unité_3;Leçon_3B;La famille et les copains;Prepositions of Location;preposition
À demain.,,See you tomorrow.,Leçon_1B,Espaces;Unité_1;Leçon_1B;Salut!;Bonjour et au revoir;phrase
à droite de,,to the right of,Leçon_3B,Espaces;Unité_3;Leçon_3B;La famille et les copains;Prepositions of Location;preposition
à gauche de,,to the left of,Leçon_3B,Espaces;Unité_3;Leçon_3B;La famille et les copains;Prepositions of Location;preposition
à l’étranger,,"abroad, overseas",Leçon_7A,Espaces;Unité_7;Leçon_7A;En vacances;Partir en voyage;adverb
à la maison,,at home,Leçon_4A,Espaces;Unité_4;Leçon_4A;Au café;Prepositions;phrase
à la radio,,on the radio,Leçon_15B,Espaces;Unité_15;Leçon_15B;Les arts;Le cinéma et la télévision;phrase
à la télé,,on television,Leçon_15B,Espaces;Unité_15;Leçon_15B;Les arts;Le cinéma et la télévision;phrase
à la télévision ,,on television,Leçon_15B,Espaces;Unité_15;Leçon_15B;Les arts;Le cinéma et la télévision;phrase
à la terrasse,,on the terrace,Leçon_4A,Espaces;Unité_4;Leçon_4A;Au café;Prepositions;phrase
à moins que...,,unless…,Leçon_15B,Espaces;Unité_15;Leçon_15B;Les arts;Conjonctions suivies du subjonctif;phrase
à Paris,,in Paris,Leçon_4A,Espaces;Unité_4;Leçon_4A;Au café;Prepositions;phrase
À plus tard.,,See you later.,Leçon_1A,Espaces;Unité_1;Leçon_1A;Salut!;Bonjour et au revoir;phrase
À quelle heure?,,(At) what time/when?,Leçon_2B; Leçon_4A,Espaces;Unité_2;Leçon_2B;À la fac;Telling time;phrase;Unité_4;Leçon_4A;Au café;Les questions
à qui?,,to whom?,Leçon_4A,Espaces;Unité_4;Leçon_4A;Au café;Les questions;phrase
À table!,,Let's eat!/Food is ready!,Leçon_9B,Espaces;Unité_9;Leçon_9B;La nourriture;À table!;phrase
À tout à l’heure.,,See you later.,Leçon_1A,Espaces;Unité_1;Leçon_1A;Salut!;Bonjour et au revoir;phrase
abolir,,to abolish,Leçon_14A,Espaces;Unité_14;Leçon_14A;L'espace vert;Les lois et les règlements;verb
absolument,,absolutely,Leçon_7B,Espaces;Unité_7;Leçon_7B;En vacances;Adverbs;adverb
accompagner,,to accompany,Leçon_12A,Espaces;Unité_12;Leçon_12A;En ville;En ville;verb
acheter,,to buy,Leçon_5B,Espaces;Unité_5;Leçon_5B;Les loisirs;Verbes;verb
actif,,active (m.),Leçon_3B,Espaces;Unité_3;Leçon_3B;La famille et les copains;Adjectifs irréguliers;adjective
active,,active (f.),Leçon_3B,Espaces;Unité_3;Leçon_3B;La famille et les copains;Adjectifs irréguliers;adjective
activement,,actively,Leçon_7B,Espaces;Unité_7;Leçon_7B;En vacances;Adverbs;adverb
adorer,,to love,Leçon_2A; Leçon_11A,Espaces;Unité_2;Leçon_2A;À la fac;Verbes;verb;Unité_11;Leçon_11A;La technologie;Prepositions with the infinitive
agréable,,pleasant ,Leçon_1B,Espaces;Unité_1;Leçon_1B;Salut!;Descriptive adjectives;adjective
aider (à),,to help,Leçon_11A; Leçon_5A,Espaces;Unité_11;Leçon_11A;La technologie;Prepositions with the infinitive;verb;Unité_5;Leçon_5A;Les loisirs;Activités sportives et loisirs
aimer,,to like; to love,Leçon_2A; Leçon_11A,Espaces;Unité_2;Leçon_2A;À la fac;Verbes;verb; Unité_11;Leçon_11A;La technologie;Prepositions with the infinitive
aimer mieux,,to prefer,Leçon_2A,Espaces;Unité_2;Leçon_2A;À la fac;Verbes;verb
aimer que…,,to like that…,Leçon_14B,Espaces;Unité_14;Leçon_14B;L'espace vert;Verbs and expressions of emotion;phrase
aîné,,elder (m.),Leçon_3A,Espaces;Unité_3;Leçon_3A;La famille et les copains;La famille;adjective
aînée,,elder (f.),Leçon_3A,Espaces;Unité_3;Leçon_3A;La famille et les copains;La famille;adjective
algérien,,Algerian (m.),Leçon_1B,Espaces;Unité_1;Leçon_1B;Salut!;Adjectives of nationality;adjective
algérienne,,Algerian (f.),Leçon_1B,Espaces;Unité_1;Leçon_1B;Salut!;Adjectives of nationality;adjective
Allemagne,,Germany (f.),Leçon_7A,Espaces;Unité_7;Leçon_7A;En vacances;Les pays;noun
allemand,,German (m.),Leçon_1B,Espaces;Unité_1;Leçon_1B;Salut!;Adjectives of nationality;adjective
allemande,,German (f.),Leçon_1B,Espaces;Unité_1;Leçon_1B;Salut!;Adjectives of nationality;adjective
aller,,to go,Leçon_4A; Leçon_11A; Leçon_7A,Espaces;Unité_4;Leçon_4A;Au café;verb;Unité_11;Leçon_11A;La technologie;Prepositions with the infinitive;Unité_7;Leçon_7A;En vacances;Verbes
aller à la pêche,,to go fishing,Leçon_5A,Espaces;Unité_5;Leçon_5A;Les loisirs;Activités sportives et loisirs;phrase
aller à la pharmacie,,to go to the pharmacy,Leçon_10B,Espaces;Unité_10;Leçon_10B;La santé;phrase
aller aux urgences,,to go to the emergency room,Leçon_10B,Espaces;Unité_10;Leçon_10B;La santé;phrase
aller avec,,to go with,Leçon_6B,Espaces;Unité_6;Leçon_6B;Les fêtes;Les vêtements;phrase
Allô!,,Hello! (on the phone),Leçon_13A,Espaces;Unité_13;Leçon_13A;L'avenir et les métiers;Au téléphone;phrase
allumer,,to turn on,Leçon_11A,Espaces;Unité_11;Leçon_11A;La technologie;L’électronique;verb
alors,,"so, then; at that moment",Leçon_7B,Espaces;Unité_7;Leçon_7B;En vacances;Adverbes et locutions de temps;adverb
améliorer,,to improve,Leçon_14A,Espaces;Unité_14;Leçon_14A;L'espace vert;L’écologie;verb
amener,,to bring (someone),Leçon_5B,Espaces;Unité_5;Leçon_5B;Les loisirs;Verbes;verb
américain,,American (m.),Leçon_1B,Espaces;Unité_1;Leçon_1B;Salut!;Adjectives of nationality;adjective
américaine,,American (f.),Leçon_1B,Espaces;Unité_1;Leçon_1B;Salut!;Adjectives of nationality;adjective
amusant ,,fun (m.),Leçon_1B,Espaces;Unité_1;Leçon_1B;Salut!;Descriptive adjectives;adjective
amusante,,fun (f.),Leçon_1B,Espaces;Unité_1;Leçon_1B;Salut!;Descriptive adjectives;adjective
ancien,,ancient; old; former (m.),Leçon_15B,Espaces;Unité_15;Leçon_15B;Les arts;adjective
ancienne,,ancient; old; former (f.),Leçon_15B,Espaces;Unité_15;Leçon_15B;Les arts;adjective
anglais,,English (m.),Leçon_1B,Espaces;Unité_1;Leçon_1B;Salut!;Adjectives of nationality;adjective
anglaise,,English (f.),Leçon_1B,Espaces;Unité_1;Leçon_1B;Salut!;Adjectives of nationality;adjective
Angleterre,,England,Leçon_7A,Espaces;Unité_7;Leçon_7A;En vacances;Les pays;noun
annuler,,to cancel,Leçon_7B,Espaces;Unité_7;Leçon_7B;En vacances;Faire une réservation;verb
antipathique,,unpleasant,Leçon_3B,Espaces;Unité_3;Leçon_3B;La famille et les copains;Adjectifs descriptifs;adjective
août,,August,Leçon_5B,"Espaces;Unité_5;Leçon_5B;Les loisirs;Les saisons, les mois, les dates;noun"
apercevoir,,"to catch sight of, to see",Leçon_12A,Espaces;Unité_12;Leçon_12A;En ville;Verbes;verb
appeler,,to call,Leçon_13A,Espaces;Unité_13;Leçon_13A;L'avenir et les métiers;Au téléphone;verb
applaudir,,to applaud,Leçon_15A,Espaces;Unité_15;Leçon_15A;Les arts;Aller au spectacle;verb
apporter,,"to bring, to carry",Leçon_4B,Espaces;Unité_4;Leçon_4B;Au café;verb
apprendre (à),,to learn (to),Leçon_11A; Leçon_4B,Espaces;Unité_11;Leçon_11A;La technologie;Prepositions with the infinitive;Unité_4;Leçon_4B;Au café;Verbes;verb
après (que),,after,Leçon_7B; Leçon_2B,Espaces;Unité_7;Leçon_7B;En vacances;Adverbes et locutions de temps;adverb;Unité_2;Leçon_2B;À la fac;Expressions de temps
après-demain,,day after tomorrow,Leçon_2B,Espaces;Unité_2;Leçon_2B;À la fac;Expressions de temps;phrase
arrêter (de)  ,,to stop,Leçon_11A; Leçon_11B,Espaces;Unité_11;Leçon_11A;La technologie;Prepositions with the infinitive;Leçon_11B;La technologie;La voiture;verb
arrêter de faire quelque chose,,to stop doing something,Leçon_11B,Espaces;Unité_11;Leçon_11B;La technologie;La voiture;phrase
arriver,,to arrive,Leçon_2A; Leçon_7A,Espaces;Unité_2;Leçon_2A;À la fac;Verbes;verb;Unité_7;Leçon_7A;En vacances
arriver à,,to manage to,Leçon_11A,Espaces;Unité_11;Leçon_11A;La technologie;Prepositions with the infinitive;phrase
assez ,,enough,Leçon_4B,Espaces;Unité_4;Leçon_4B;Au café;Expressions de quantité;adverb
assister,,to attend,Leçon_2B,Espaces;Unité_2;Leçon_2B;À la fac;L'université;verb
attacher sa ceinture de sécurité,,to buckle/to fasten one's seatbelt ,Leçon_11B,Espaces;Unité_11;Leçon_11B;La technologie;La voiture;phrase
attendre,,to wait,Leçon_6B,Espaces;Unité_6;Leçon_6B;Les fêtes;Verbes en -re;verb
au bout (de),,at the end (of),Leçon_12B,Espaces;Unité_12;Leçon_12B;En ville;Pour donner des indications;adverb
au Brésil,,to Brazil,Leçon_7A,Espaces;Unité_7;Leçon_7A;En vacances;Les pays;phrase
au Canada,,to Canada,Leçon_7A,Espaces;Unité_7;Leçon_7A;En vacances;Les pays;phrase
au coin (de),,at the corner (of),Leçon_12B,Espaces;Unité_12;Leçon_12B;En ville;Pour donner des indications;adverb
au Japon,,to Japan ,Leçon_7A,Espaces;Unité_7;Leçon_7A;En vacances;Les pays;phrase
au Mexique,,to Mexico,Leçon_7A,Espaces;Unité_7;Leçon_7A;En vacances;Les pays;phrase
Au revoir.,,Good-bye.,Leçon_1A,Espaces;Unité_1;Leçon_1A;Salut!;Bonjour et au revoir;phrase
aujourd’hui,,today,Leçon_2B,Espaces;Unité_2;Leçon_2B;À la fac;Expressions de temps;noun
aussi [+ adjective/verb] que,,as…as,Leçon_9B,Espaces;Unité_9;Leçon_9B;La nourriture;Comparatives and superlatives;adverb
autant de  + [noun},,as much; as many,Leçon_14B,Espaces;Unité_14;Leçon_14B;L'espace vert;Comparatives and superlatives of nouns;phrase
autour (de),,around,Leçon_12B,Espaces;Unité_12;Leçon_12B;En ville;Pour donner des indications;adverb
aux États-Unis,,to United States,Leçon_7A,Espaces;Unité_7;Leçon_7A;En vacances;Les pays;phrase
avant (de),,before,Leçon_7B,Espaces;Unité_7;Leçon_7B;En vacances;Adverbes et locutions de temps;adverb
avant que...,,before…,Leçon_15B,Espaces;Unité_15;Leçon_15B;Les arts;Conjonctions suivies du subjonctif;phrase
avant-hier, ,the day before yesterday,Leçon_6A,Espaces;Unité_6;Leçon_6A;Les fêtes;Périodes de la vie;phrase
avec qui?,,with whom?,Leçon_4A,Espaces;Unité_4;Leçon_4A;Au café;Les questions;phrase
avoir,,to have  ,Leçon_2B,Espaces;Unité_2;Leçon_2B;À la fac;Expressions avec avoir;verb
avoir besoin (de),,to need,Leçon_2B,Espaces;Unité_2;Leçon_2B;À la fac;Expressions avec avoir;phrase
avoir chaud,,to be hot,Leçon_2B,Espaces;Unité_2;Leçon_2B;À la fac;Expressions avec avoir;phrase
avoir de la chance,,to be lucky,Leçon_2B,Espaces;Unité_2;Leçon_2B;À la fac;Expressions avec avoir;phrase
avoir de la fièvre,,to have a fever,Leçon_10B,Espaces;Unité_10;Leçon_10B;La santé;phrase
avoir envie (de),,to feel like,Leçon_2B,Espaces;Unité_2;Leçon_2B;À la fac;Expressions avec avoir;phrase
avoir faim,,to be hungry,Leçon_4B,Espaces;Unité_4;Leçon_4B;Au café;À table;phrase
avoir froid,,to be cold,Leçon_2B,Espaces;Unité_2;Leçon_2B;À la fac;Expressions avec avoir;phrase
avoir honte (de),,to be ashamed (of),Leçon_2B,Espaces;Unité_2;Leçon_2B;À la fac;Expressions avec avoir;phrase
avoir l’air,,to look like,Leçon_2B,Espaces;Unité_2;Leçon_2B;À la fac;Expressions avec avoir;phrase
avoir mal,,to have an ache,Leçon_10B,Espaces;Unité_10;Leçon_10B;La santé;phrase
avoir mal au cœur,,to feel nauseous,Leçon_10B,Espaces;Unité_10;Leçon_10B;La santé;phrase
avoir peur (de),,to be afraid (of),Leçon_2B,Espaces;Unité_2;Leçon_2B;À la fac;Expressions avec avoir;phrase
avoir peur que…,,to be afraid that…,Leçon_14B,Espaces;Unité_14;Leçon_14B;L'espace vert;Verbs and expressions of emotion;phrase
avoir raison,,to be right,Leçon_2B,Espaces;Unité_2;Leçon_2B;À la fac;Expressions avec avoir;phrase
avoir soif,,to be thirsty,Leçon_4B,Espaces;Unité_4;Leçon_4B;Au café;À table;phrase
avoir sommeil,,to be sleepy,Leçon_2B,Espaces;Unité_2;Leçon_2B;À la fac;Expressions avec avoir;phrase
avoir tort,,to be wrong,Leçon_2B,Espaces;Unité_2;Leçon_2B;À la fac;Expressions avec avoir;phrase
avoir un accident,,to have/to be in an accident,Leçon_11B,Espaces;Unité_11;Leçon_11B;La technologie;La voiture;phrase
avoir un compte bancaire,,to have a bank account,Leçon_12A,Espaces;Unité_12;Leçon_12A;En ville;À la banque;phrase
avoir... ans,,to be... years old,Leçon_2B,Espaces;Unité_2;Leçon_2B;À la fac;Expressions avec avoir;phrase
avril,,April,Leçon_5B,"Espaces;Unité_5;Leçon_5B;Les loisirs;Les saisons, les mois, les dates;noun"
balayer,,to sweep,Leçon_8B,Espaces;Unité_8;Leçon_8B;Chez nous;Les tâches ménagères;verb
bavarder,,to chat,Leçon_4A,Espaces;Unité_4;Leçon_4A;Au café;Activités;verb
beau,,beautiful; handsome (m.),Leçon_3A,Espaces;Unité_3;Leçon_3A;La famille et les copains;Adjectifs irréguliers;adjective
beaucoup (de),,a lot (of),Leçon_4B,Espaces;Unité_4;Leçon_4B;Au café;Expressions de quantité;adverb
belge,,Belgian,Leçon_7A,Espaces;Unité_7;Leçon_7A;En vacances;Les pays;adjective
Belgique,,Belgium,Leçon_7A,Espaces;Unité_7;Leçon_7A;En vacances;Les pays;noun
belle,,beautiful; handsome (f.),Leçon_3A,Espaces;Unité_3;Leçon_3A;La famille et les copains;Adjectifs irréguliers;adjective
bien,,well,Leçon_7B; Leçon_9B,Espaces;Unité_7;Leçon_7B;En vacances;Adverbs;adverb;Unité_9;Leçon_9B;La nourriture;Comparatives and superlatives
bien sûr,,of course,Leçon_2A,Espaces;Unité_2;Leçon_2A;À la fac;Des questions et des opinions;phrase
blanc,,white (m.),Leçon_6B,Espaces;Unité_6;Leçon_6B;Les fêtes;Les couleurs;adjective
blanche,,white (f.),Leçon_6B,Espaces;Unité_6;Leçon_6B;Les fêtes;Les couleurs;adjective
bleu,,blue (m.),Leçon_6B; Leçon_3A,Espaces;Unité_6;Leçon_6B;Les fêtes;Les couleurs;adjective;Unité_3;Leçon_3A;La famille et les copains;Adjectifs descriptifs
bleue,,blue (f.),Leçon_3A; Leçon_6B,Espaces;Unité_3;Leçon_3A;La famille et les copains;Adjectifs descriptifs;adjective;Unité_6;Leçon_6B;Les fêtes;Les couleurs
blond ,,blond (m.),Leçon_3A,Espaces;Unité_3;Leçon_3A;La famille et les copains;Adjectifs descriptifs;adjective
blonde,,blond (f.),Leçon_3A,Espaces;Unité_3;Leçon_3A;La famille et les copains;Adjectifs descriptifs;adjective
boire,,to drink,Leçon_4B,Espaces;Unité_4;Leçon_4B;Au café;Verbes;verb
bon,,kind; good (m. sing.),Leçon_9B; Leçon_3A,Espaces;Unité_9;Leçon_9B;La nourriture;Comparatives and superlatives;adjective;Unité_3;Leçon_3A;La famille et les copains;Adjectifs irréguliers
bon marché,,inexpensive,Leçon_6B,Espaces;Unité_6;Leçon_6B;Les fêtes;Les vêtements;adjective
Bonjour.,,Good morning.; Hello.,Leçon_1A,Espaces;Unité_1;Leçon_1A;Salut!;Bonjour et au revoir;phrase
bonne,,kind; good (f. sing.),Leçon_3A; Leçon_9B,Espaces;Unité_3;Leçon_3A;La famille et les copains;Adjectifs irréguliers;adjective;Unité_9;Leçon_9B;La nourriture;Comparatives and superlatives
Bonne journée!,,Have a good day!,Leçon_1A,Espaces;Unité_1;Leçon_1A;Salut!;Bonjour et au revoir;phrase
bonnes,,good (f. pl.),Leçon_9B,Espaces;Unité_9;Leçon_9B;La nourriture;Comparatives and superlatives;adjective
bons,,good (m. pl.),Leçon_9B,Espaces;Unité_9;Leçon_9B;La nourriture;Comparatives and superlatives;adjective
Bonsoir.,,Good evening.; Hello.,Leçon_1A,Espaces;Unité_1;Leçon_1A;Salut!;Bonjour et au revoir;phrase
Brésil,,Brazil ,Leçon_7A,Espaces;Unité_7;Leçon_7A;En vacances;Les pays;noun
brésilien,,Brazilian (m.),Leçon_7A,Espaces;Unité_7;Leçon_7A;En vacances;Les pays;adjective
brésilienne,,Brazilian (f.),Leçon_7A,Espaces;Unité_7;Leçon_7A;En vacances;Les pays;adjective
bricoler,,to tinker; to do odd jobs,Leçon_5A,Espaces;Unité_5;Leçon_5A;Les loisirs;Activités sportives et loisirs;verb
brillant ,,brilliant (m.),Leçon_1B,Espaces;Unité_1;Leçon_1B;Salut!;Descriptive adjectives;adjective
brillante,,brilliant (f.),Leçon_1B,Espaces;Unité_1;Leçon_1B;Salut!;Descriptive adjectives;adjective
bronzer,,to tan,Leçon_7A,Espaces;Unité_7;Leçon_7A;En vacances;Les vacances;verb
brun ,,dark (hair); (m.),Leçon_3A,Espaces;Unité_3;Leçon_3A;La famille et les copains;Adjectifs descriptifs;adjective
brune,,dark (hair); (f.),Leçon_3A,Espaces;Unité_3;Leçon_3A;La famille et les copains;Adjectifs descriptifs;adjective
C’est de la part de qui?,,On behalf of whom?,Leçon_13A,Espaces;Unité_13;Leçon_13A;L'avenir et les métiers;Au téléphone;phrase
C’est le 15 mars.,,It's March 15th.,Leçon_5B,"Espaces;Unité_5;Leçon_5B;Les loisirs;Les saisons, les mois, les dates;phrase"
C’est le 1er (premier) octobre.,,It's the first of October.,Leçon_5B,"Espaces;Unité_5;Leçon_5B;Les loisirs;Les saisons, les mois, les dates;phrase"
C’est le 2 mai.,,It's the second of May.,Leçon_5B,"Espaces;Unité_5;Leçon_5B;Les loisirs;Les saisons, les mois, les dates;phrase"
C’est M./Mme/Mlle… (à l’appareil.),,It’s Mr./Mrs./Miss…(on the phone.),Leçon_13A,Espaces;Unité_13;Leçon_13A;L'avenir et les métiers;Au téléphone;phrase
C’est quand l'anniversaire de Paul?,,When is Paul's birthday?,Leçon_5B,"Espaces;Unité_5;Leçon_5B;Les loisirs;Les saisons, les mois, les dates;phrase"
C’est quand ton anniversaire?,,When is your birthday? (fam.),Leçon_5B,"Espaces;Unité_5;Leçon_5B;Les loisirs;Les saisons, les mois, les dates;phrase"
C’est quand votre anniversaire?,,When is your birthday? (form.),Leçon_5B,"Espaces;Unité_5;Leçon_5B;Les loisirs;Les saisons, les mois, les dates;phrase"
Ça va?,,What’s up?; How are things?,Leçon_1A,Espaces;Unité_1;Leçon_1A;Salut!;Comment ça va?;phrase
cadet,,younger (m.),Leçon_3A,Espaces;Unité_3;Leçon_3A;La famille et les copains;La famille;adjective
cadette,,younger (f.),Leçon_3A,Espaces;Unité_3;Leçon_3A;La famille et les copains;La famille;adjective
Canada,,Canada ,Leçon_7A,Espaces;Unité_7;Leçon_7A;En vacances;Les pays;noun
canadien,,Canadian (m.),Leçon_1B,Espaces;Unité_1;Leçon_1B;Salut!;Adjectives of nationality;adjective
canadienne,,Canadian (f.),Leçon_1B,Espaces;Unité_1;Leçon_1B;Salut!;Adjectives of nationality;adjective
CD,,CDs,Leçon_11A,Espaces;Unité_11;Leçon_11A;La technologie;L'ordinateur;noun
ce,,"this, that (m. sing. before consonant)",Leçon_6A,Espaces;Unité_6;Leçon_6A;Les fêtes;Demonstrative adjectives;adjective
ce matin,,this morning,Leçon_2B,Espaces;Unité_2;Leçon_2B;À la fac;Expressions de temps;phrase
ce mois-ci,,this month,Leçon_2B,Espaces;Unité_2;Leçon_2B;À la fac;Expressions de temps;phrase
ce soir,,this evening,Leçon_2B,Espaces;Unité_2;Leçon_2B;À la fac;Expressions de temps;phrase
Ce sont,,They are,Leçon_1A,Espaces;Unité_1;Leçon_1A;Salut!;Identifier;phrase
ce week-end,,this weekend,Leçon_2B,Espaces;Unité_2;Leçon_2B;À la fac;Expressions de temps;phrase
célèbre,,famous,Leçon_15A,Espaces;Unité_15;Leçon_15A;Les arts;Les artistes;adjective
célébrer,,to celebrate,Leçon_5B,Espaces;Unité_5;Leçon_5B;Les loisirs;Verbes;verb
célibataire,,single,Leçon_3A,Espaces;Unité_3;Leçon_3A;La famille et les copains;Vocabulaire supplémentaire;adjective
celle,,this one; that one; the one (f. sing.),Leçon_14A,Espaces;Unité_14;Leçon_14A;L'espace vert;Pronoms démonstratifs;pronoun
celles,,these; those; the ones (f. pl.),Leçon_14A,Espaces;Unité_14;Leçon_14A;L'espace vert;Pronoms démonstratifs;pronoun
celui,,this one; that one; the one (m. sing.),Leçon_14A,Espaces;Unité_14;Leçon_14A;L'espace vert;Pronoms démonstratifs;pronoun
cent,,one hundred,Leçon_3B,Espaces;Unité_3;Leçon_3B;La famille et les copains;Numbers 61-100;adjective
cent mille,,one hundred thousand,Leçon_5B,Espaces;Unité_5;Leçon_5B;Les loisirs;Numbers 101 and higher;adjective
cent quatre-vingt-dix-huit,,one hundred and ninety-eight,Leçon_5B,Espaces;Unité_5;Leçon_5B;Les loisirs;Numbers 101 and higher;adjective
cent un,,one hundred and one,Leçon_5B,Espaces;Unité_5;Leçon_5B;Les loisirs;Numbers 101 and higher;adjective
cent vingt-cinq,,one hundred and twenty-five,Leçon_5B,Espaces;Unité_5;Leçon_5B;Les loisirs;Numbers 101 and higher;adjective
centième,,hundredth,Leçon_7B,Espaces;Unité_7;Leçon_7B;En vacances;Ordinal numbers;adjective
ces,,"these, those ",Leçon_6A,Espaces;Unité_6;Leçon_6A;Les fêtes;Demonstrative adjectives;adjective
C'est,,It's,Leçon_1A,Espaces;Unité_1;Leçon_1A;Salut!;Identifier;phrase
cet,,"this, that (m. sing. before vowel sound)",Leçon_6A,Espaces;Unité_6;Leçon_6A;Les fêtes;Demonstrative adjectives;adjective
cet après-midi,,this afternoon,Leçon_2B,Espaces;Unité_2;Leçon_2B;À la fac;Expressions de temps;phrase
cette,,"this, that (f. sing.)",Leçon_6A,Espaces;Unité_6;Leçon_6A;Les fêtes;Demonstrative adjectives;adjective
cette année,,this year,Leçon_2B,Espaces;Unité_2;Leçon_2B;À la fac;Expressions de temps;phrase
cette nuit,,this night,Leçon_2B,Espaces;Unité_2;Leçon_2B;À la fac;Expressions de temps;phrase
cette semaine,,this week,Leçon_2B,Espaces;Unité_2;Leçon_2B;À la fac;Expressions de temps;phrase
ceux,,these; those; the ones (m. pl.),Leçon_14A,Espaces;Unité_14;Leçon_14A;L'espace vert;Pronoms démonstratifs;pronoun
chanter,,to sing,Leçon_5A,Espaces;Unité_5;Leçon_5A;Les loisirs;Activités sportives et loisirs;verb
chaque,,each,Leçon_6B,Espaces;Unité_6;Leçon_6B;Les fêtes;Les vêtements;pronoun
charmant,,charming (m.),Leçon_1B,Espaces;Unité_1;Leçon_1B;Salut!;Descriptive adjectives;adjective
charmante,,charming (f.),Leçon_1B,Espaces;Unité_1;Leçon_1B;Salut!;Descriptive adjectives;adjective
chasser,,to hunt,Leçon_14A,Espaces;Unité_14;Leçon_14A;L'espace vert;L’écologie;verb
châtain,,brown (hair),Leçon_3A,Espaces;Unité_3;Leçon_3A;La famille et les copains;Adjectifs irréguliers;adjective
cher,,expensive (m.),Leçon_6B,Espaces;Unité_6;Leçon_6B;Les fêtes;Les vêtements;adjective
chercher,,to look for,Leçon_2A,Espaces;Unité_2;Leçon_2A;À la fac;Verbes;verb
chercher du travail,,to look for work,Leçon_13A,Espaces;Unité_13;Leçon_13A;L'avenir et les métiers;La recherche d’emploi;phrase
chercher un travail,,to look for work,Leçon_13A,Espaces;Unité_13;Leçon_13A;L'avenir et les métiers;La recherche d’emploi;phrase
chère,,expensive (f.),Leçon_6B,Espaces;Unité_6;Leçon_6B;Les fêtes;Les vêtements;adjective
Chine,,China ,Leçon_7A,Espaces;Unité_7;Leçon_7A;En vacances;Les pays;noun
chinois,,Chinese (m.),Leçon_7A,Espaces;Unité_7;Leçon_7A;En vacances;Les pays;adjective
chinoise,,Chinese (f.),Leçon_7A,Espaces;Unité_7;Leçon_7A;En vacances;Les pays;adjective
choisir,,to choose,Leçon_4B,Espaces;Unité_4;Leçon_4B;Au café;Verbes réguliers en -ir;verb
cinq,,five,Leçon_1B,Espaces;Unité_1;Leçon_1B;Salut!;Numbers 0-60;adjective
cinq cent cinquante mille,,five-hundred and fifty thousand,Leçon_5B,Espaces;Unité_5;Leçon_5B;Les loisirs;Numbers 101 and higher;adjective
cinq cents,,five hundred,Leçon_5B,Espaces;Unité_5;Leçon_5B;Les loisirs;Numbers 101 and higher;adjective
cinq mille,,five thousand,Leçon_5B,Espaces;Unité_5;Leçon_5B;Les loisirs;Numbers 101 and higher;adjective
cinquante,,fifty,Leçon_1B,Espaces;Unité_1;Leçon_1B;Salut!;Numbers 0-60;adjective
cinquième,,fifth,Leçon_7B,Espaces;Unité_7;Leçon_7B;En vacances;Ordinal numbers;adjective
Combien coûte...?,,How much is...?,Leçon_4B,Espaces;Unité_4;Leçon_4B;Au café;phrase
Combien coûtent...?,,How much are...?,Leçon_4B,Espaces;Unité_4;Leçon_4B;Au café;phrase
combien de?,,how much?,Leçon_4A,Espaces;Unité_4;Leçon_4A;Au café;Les questions;phrase
Combien…?,,How much/many…?,Leçon_1A; Leçon_4A ,Espaces;Unité_1;Leçon_1A;Salut!;Identifier;interrogative;Unité_4;Leçon_4A;Au café;Les questions
commander,,to order,Leçon_9B,Espaces;Unité_9;Leçon_9B;La nourriture;Les repas;verb
"Comme ci, comme ça.",,So-so.,Leçon_1A,Espaces;Unité_1;Leçon_1A;Salut!;Comment ça va?;phrase
commencer,,"to begin, to start",Leçon_2A,Espaces;Unité_2;Leçon_2A;À la fac;Verbes;verb
commencer à,,to start (doing something); to begin to,Leçon_4A; Leçon_11A,Espaces;Unité_4;Leçon_4A;Au café;Prepositions;phrase;Unité_11;Leçon_11A;La technologie;Prepositions with the infinitive
Comment allez-vous?,,How are you? (form.),Leçon_1A,Espaces;Unité_1;Leçon_1A;Salut!;Comment ça va?;phrase
Comment t’appelles-tu?,,What is your name? (fam.),Leçon_1A,Espaces;Unité_1;Leçon_1A;Salut!;Les présentations;phrase
Comment vas-tu?,,How are you? (fam.),Leçon_1A,Espaces;Unité_1;Leçon_1A;Salut!;Comment ça va?;phrase
Comment vous appelez-vous?,,What is your name? (form.),Leçon_1A,Espaces;Unité_1;Leçon_1A;Salut!;Les présentations;phrase
comment?,,how?; what?,Leçon_4A,Espaces;Unité_4;Leçon_4A;Au café;Les questions;interrogative
compact disc,,compact discs,Leçon_11A,Espaces;Unité_11;Leçon_11A;La technologie;L'ordinateur;noun
complet,,full (no vacancies) (m.),Leçon_7B,Espaces;Unité_7;Leçon_7B;En vacances;Faire une réservation;adjective
complète,,full (no vacancies) (f.),Leçon_7B,Espaces;Unité_7;Leçon_7B;En vacances;Faire une réservation;adjective
composer,,to dial,Leçon_11A,Espaces;Unité_11;Leçon_11A;La technologie;L’électronique;verb
composer un numéro,,to dial a number,Leçon_11A,Espaces;Unité_11;Leçon_11A;La technologie;L’électronique;phrase
comprendre,,to understand,Leçon_4B,Espaces;Unité_4;Leçon_4B;Au café;Verbes;verb
compris,,included,Leçon_9B,Espaces;Unité_9;Leçon_9B;La nourriture;À table!;adjective
conduire,,to drive,Leçon_6B,Espaces;Unité_6;Leçon_6B;Les fêtes;Verbes en -re;verb
connaître,,"to know, to be familiar with",Leçon_8B,Espaces;Unité_8;Leçon_8B;Chez nous;Verbes;verb
considérer,,to consider,Leçon_5B,Espaces;Unité_5;Leçon_5B;Les loisirs;Verbes;verb
constamment,,constantly,Leçon_7B,Espaces;Unité_7;Leçon_7B;En vacances;Adverbs;adverb
construire,,to build; to construct,Leçon_6B,Espaces;Unité_6;Leçon_6B;Les fêtes;Verbes en -re;verb
continuer (à),,to continue (to),Leçon_11A; Leçon_12B,Espaces;Unité_11;Leçon_11A;La technologie;Prepositions with the infinitive;Unité_12;Leçon_12B;En ville;Retrouver son chemin;verb
courageuse,,"courageous, brave (f.)",Leçon_3B,Espaces;Unité_3;Leçon_3B;La famille et les copains;Adjectifs irréguliers;adjective
courageux,,"courageous, brave (m.)",Leçon_3B,Espaces;Unité_3;Leçon_3B;La famille et les copains;Adjectifs irréguliers;adjective
couramment,,fluently,Leçon_7B,Espaces;Unité_7;Leçon_7B;En vacances;Adverbs;adverb
courir,,to run,Leçon_5A,Espaces;Unité_5;Leçon_5A;Les loisirs;Verbes irréguliers en –ir;verb
court ,,short (m.),Leçon_3A,Espaces;Unité_3;Leçon_3A;La famille et les copains;Adjectifs descriptifs;adjective
courte,,short (f.),Leçon_3A,Espaces;Unité_3;Leçon_3A;La famille et les copains;Adjectifs descriptifs;adjective
coûter,,to cost,Leçon_4B,Espaces;Unité_4;Leçon_4B;Au café;verb
couvrir,,to cover,Leçon_11B,Espaces;Unité_11;Leçon_11B;La technologie;Verbes;verb
croire (que…),,to believe (that…),Leçon_15A; Leçon_12A,Espaces;Unité_15;Leçon_15A;Les arts;Expressions de doute et de certitude;phrase;Unité_12;Leçon_12A;En ville;Verbes;verb
cruel,,cruel (m.),Leçon_3B,Espaces;Unité_3;Leçon_3B;La famille et les copains;Adjectifs irréguliers;adjective
cruelle,,cruel (f.),Leçon_3B,Espaces;Unité_3;Leçon_3B;La famille et les copains;Adjectifs irréguliers;adjective
cuisiner,,to cook,Leçon_9A,Espaces;Unité_9;Leçon_9A;La nourriture;Les repas;verb
curieuse,,curious (f.),Leçon_3A,Espaces;Unité_3;Leçon_3A;La famille et les copains;Adjectifs irréguliers;adjective
curieux,,curious (m.),Leçon_3A,Espaces;Unité_3;Leçon_3A;La famille et les copains;Adjectifs irréguliers;adjective
d’accord,,"OK, all right",Leçon_2B,Espaces;Unité_2;Leçon_2B;À la fac;Vocabulaire supplémentaire;phrase
d’autres,,others,Leçon_4B,Espaces;Unité_4;Leçon_4B;Au café;Expressions de quantité;adverb
d'abord,,first,Leçon_7B,Espaces;Unité_7;Leçon_7B;En vacances;Adverbes et locutions de temps;adverb
dans ,,in,Leçon_3B,Espaces;Unité_3;Leçon_3B;La famille et les copains;Prepositions of Location;preposition
dans la maison,,inside the house,Leçon_4A,Espaces;Unité_4;Leçon_4A;Au café;Prepositions;phrase
dans la ville,,within the town,Leçon_4A,Espaces;Unité_4;Leçon_4A;Au café;Prepositions;phrase
dans Paris,,within Paris,Leçon_4A,Espaces;Unité_4;Leçon_4A;Au café;Prepositions;phrase
danser,,to dance,Leçon_4A,Espaces;Unité_4;Leçon_4A;Au café;Activités;verb
de l',,"some, any (sing. noun beginning with a vowel)",Leçon_4B,Espaces;Unité_4;Leçon_4B;Au café;Partitives;adverb;preposition
de la,,"some, any (f. sing)",Leçon_4B,Espaces;Unité_4;Leçon_4B;Au café;Partitives;adverb;preposition
de la monnaie,,change,Leçon_12A,Espaces;Unité_12;Leçon_12A;En ville;À la banque;noun
de l'après-midi,,in the afternoon,Leçon_2B,Espaces;Unité_2;Leçon_2B;À la fac;Telling time;phrase
De quelle couleur...?,,In what color…?,Leçon_6B,Espaces;Unité_6;Leçon_6B;Les fêtes;Les couleurs;phrase
De rien.,,You're welcome.,Leçon_1A,Espaces;Unité_1;Leçon_1A;Salut!;Expressions de la politesse;phrase
débarrasser la table,,to clear the table,Leçon_8B,Espaces;Unité_8;Leçon_8B;Chez nous;Les tâches ménagères;phrase
décembre,,December,Leçon_5B,"Espaces;Unité_5;Leçon_5B;Les loisirs;Les saisons, les mois, les dates;noun"
décider de,,to decide to,Leçon_11A,Espaces;Unité_11;Leçon_11A;La technologie;Prepositions with the infinitive;phrase
découvrir,,to discover,Leçon_11B,Espaces;Unité_11;Leçon_11B;La technologie;Verbes;verb
décrire,,to describe,Leçon_7B,Espaces;Unité_7;Leçon_7B;En vacances;Verbes irréguliers;verb
décrocher,,to pick up,Leçon_13A,Espaces;Unité_13;Leçon_13A;L'avenir et les métiers;Au téléphone;verb
déjà,,already,Leçon_5A,Espaces;Unité_5;Leçon_5A;Les loisirs;La fréquence;adverb
déjeuner,,to eat lunch,Leçon_4A,Espaces;Unité_4;Leçon_4A;Au café;Activités;verb
demain,,tomorrow,Leçon_2B,Espaces;Unité_2;Leçon_2B;À la fac;Expressions de temps;noun
demain après-midi,,tomorrow afternoon,Leçon_2B,Espaces;Unité_2;Leçon_2B;À la fac;Expressions de temps;phrase
demain matin,,tomorrow morning,Leçon_2B,Espaces;Unité_2;Leçon_2B;À la fac;Expressions de temps;phrase
demain soir,,tomorrow evening,Leçon_2B,Espaces;Unité_2;Leçon_2B;À la fac;Expressions de temps;phrase
demander (que…),,to ask (that…),Leçon_14B; Leçon_2B,Espaces;Unité_14;Leçon_14B;L'espace vert;Verbes de volonté;phrase;Unité_2;Leçon_2B;À la fac;L'université;verb
démarrer,,to start up,Leçon_11A,Espaces;Unité_11;Leçon_11A;La technologie;L'ordinateur;verb
déménager,,to move out,Leçon_8A,Espaces;Unité_8;Leçon_8A;Chez nous;Chez soi;verb
démissionner,,to resign,Leçon_13B,Espaces;Unité_13;Leçon_13B;L'avenir et les métiers;Au travail;verb
dépasser,,to go over; to pass,Leçon_11B,Espaces;Unité_11;Leçon_11B;La technologie;La voiture;verb
dépenser de l'argent,,to spend money ,Leçon_4A,Espaces;Unité_4;Leçon_4A;Au café;Activités;phrase
déposer de l’argent,,to deposit money,Leçon_12A,Espaces;Unité_12;Leçon_12A;En ville;À la banque;phrase
déprimé,,depressed (m.),Leçon_10B,Espaces;Unité_10;Leçon_10B;La santé;adjective
déprimée,,depressed (f.),Leçon_10B,Espaces;Unité_10;Leçon_10B;La santé;adjective
depuis [+ time],,since,Leçon_9A,Espaces;Unité_9;Leçon_9A;La nourriture;Autres mots et locutions;adverb
dernier,,last (m.),Leçon_2B,Espaces;Unité_2;Leçon_2B;À la fac;Expressions de temps;adjective
dernière,,last (f.),Leçon_2B,Espaces;Unité_2;Leçon_2B;À la fac;Expressions de temps;adjective
derrière,,behind,Leçon_3B,Espaces;Unité_3;Leçon_3B;La famille et les copains;Prepositions of Location;preposition
des baskets,,tennis shoes,Leçon_6B,Espaces;Unité_6;Leçon_6B;Les fêtes;Les vêtements;noun
des déchets toxiques,,toxic waste ,Leçon_14A,Espaces;Unité_14;Leçon_14A;L'espace vert;L’écologie;noun
des écouteurs,,headphones ,Leçon_11A,Espaces;Unité_11;Leçon_11A;La technologie;L’électronique;noun
des frites,,French fries ,Leçon_4B,Espaces;Unité_4;Leçon_4B;Au café;À table;noun
des gens,,people,Leçon_7A,Espaces;Unité_7;Leçon_7A;En vacances;Partir en voyage;noun
des haricots verts,,green beans ,Leçon_9A,Espaces;Unité_9;Leçon_9A;La nourriture;Les légumes;noun
des indications,,directions,Leçon_12B,Espaces;Unité_12;Leçon_12B;En ville;Retrouver son chemin;noun
des jeunes mariés,,newlyweds,Leçon_6A,Espaces;Unité_6;Leçon_6A;Les fêtes;Les relations;noun
des lunettes ,,glasses,Leçon_6B,Espaces;Unité_6;Leçon_6B;Les fêtes;Les vêtements;noun
des lunettes de soleil,,sunglasses,Leçon_6B,Espaces;Unité_6;Leçon_6B;Les fêtes;Les vêtements;noun
des pâtes ,,pasta ,Leçon_9A,Espaces;Unité_9;Leçon_9A;La nourriture;Autres aliments;noun
des petits pois,,peas ,Leçon_9A,Espaces;Unité_9;Leçon_9A;La nourriture;Les légumes;noun
dès que,,as soon as,Leçon_13A,Espaces;Unité_13;Leçon_13A;L'avenir et les métiers;Vocabulaire supplémentaire;adverb
des soldes,,sales,Leçon_6B,Espaces;Unité_6;Leçon_6B;Les fêtes;Les vêtements;noun
des vacances,,vacation ,Leçon_7A,Espaces;Unité_7;Leçon_7A;En vacances;Les vacances;noun
des vêtements,,clothing ,Leçon_6B,Espaces;Unité_6;Leçon_6B;Les fêtes;Les vêtements;noun
désagréable,,unpleasant,Leçon_1B,Espaces;Unité_1;Leçon_1B;Salut!;Descriptive adjectives;adjective
descendre (de),,to go down; to get off; to take down; to come down,Leçon_6B; Leçon_7A; Leçon_12B,Espaces;Unité_6;Leçon_6B;Les fêtes;Verbes en -re;Unité_7;Leçon_7A;En vacances;Verbes;verb;Unité_12;Leçon_12B;En ville;Retrouver son chemin
désirer (que…),,to want/desire that…,Leçon_14B; Leçon_5A,Espaces;Unité_14;Leçon_14B;L'espace vert;Verbes de volonté;phrase;Unité_5;Leçon_5A;Les loisirs;Activités sportives et loisirs;verb
dessiner,,to draw,Leçon_2A,Espaces;Unité_2;Leçon_2A;À la fac;Verbes;verb
détester,,to hate,Leçon_2A; Leçon_11A,Espaces;Unité_2;Leçon_2A;À la fac;Verbes;verb;Unité_11;Leçon_11A;La technologie;Prepositions with the infinitive
détruire,,to destroy,Leçon_6B,Espaces;Unité_6;Leçon_6B;Les fêtes;Verbes en -re;verb
deux,,two,Leçon_1B,Espaces;Unité_1;Leçon_1B;Salut!;Numbers 0-60;adjective
deux cent quarante-cinq,,two hundred and forty-five,Leçon_5B,Espaces;Unité_5;Leçon_5B;Les loisirs;Numbers 101 and higher;adjective
deux cents,,two hundred,Leçon_5B,Espaces;Unité_5;Leçon_5B;Les loisirs;Numbers 101 and higher;adjective
deux fois,,two times; twice,Leçon_5A; Leçon_8B,Espaces;Unité_5;Leçon_5A;Les loisirs;La fréquence;adverb;Unité_8;Leçon_8B;Chez nous;Expressions that signal a past tense
deux mille,,two thousand,Leçon_5B,Espaces;Unité_5;Leçon_5B;Les loisirs;Numbers 101 and higher;adjective
devant,,in front of ,Leçon_3B,Espaces;Unité_3;Leçon_3B;La famille et les copains;Prepositions of Location;preposition
développer,,to develop,Leçon_14A,Espaces;Unité_14;Leçon_14A;L'espace vert;L’écologie;verb
devenir,,to become,Leçon_9A,Espaces;Unité_9;Leçon_9A;La nourriture;Verbes;verb
devoir,,to have to (must); to owe,Leçon_9A; Leçon_11A,Espaces;Unité_9;Leçon_9A;La nourriture;Verbes;verb;Unité_11;Leçon_11A;La technologie;Prepositions with the infinitive
d'habitude,,usually,Leçon_8B,Espaces;Unité_8;Leçon_8B;Chez nous;Expressions that signal a past tense;adverb
différement,,differently,Leçon_7B,Espaces;Unité_7;Leçon_7B;En vacances;Adverbs;adverb
différent,,different (m.),Leçon_1B,Espaces;Unité_1;Leçon_1B;Salut!;Descriptive adjectives;adjective
différente,,different (f.),Leçon_1B,Espaces;Unité_1;Leçon_1B;Salut!;Descriptive adjectives;adjective
difficile,,difficult,Leçon_1B; Leçon_2A,Espaces;Unité_1;Leçon_1B;Salut!;Descriptive adjectives;adjective;Unité_2;Leçon_2A;À la fac;Adjectifs et adverbes
dimanche,,Sunday,Leçon_2B,Espaces;Unité_2;Leçon_2B;À la fac;Expressions de temps;noun
dîner,,to have dinner,Leçon_2B,Espaces;Unité_2;Leçon_2B;À la fac;L'université;verb
dire,,to say,Leçon_7B,Espaces;Unité_7;Leçon_7B;En vacances;Verbes irréguliers;verb
diriger,,to manage,Leçon_13B,Espaces;Unité_13;Leçon_13B;L'avenir et les métiers;Au travail;verb
discret,,discreet; unassuming (m.),Leçon_3B,Espaces;Unité_3;Leçon_3B;La famille et les copains;Adjectifs irréguliers;adjective
discrète,,discreet; unassuming (f.),Leçon_3B,Espaces;Unité_3;Leçon_3B;La famille et les copains;Adjectifs irréguliers;adjective
disques compacts,,compact discs ,Leçon_11A,Espaces;Unité_11;Leçon_11A;La technologie;L'ordinateur;noun
divorcé,,divorced (m.),Leçon_3A,Espaces;Unité_3;Leçon_3A;La famille et les copains;Vocabulaire supplémentaire;adjective
divorcée,,divorced (f.),Leçon_3A,Espaces;Unité_3;Leçon_3A;La famille et les copains;Vocabulaire supplémentaire;adjective
divorcer,,to divorce,Leçon_3A,Espaces;Unité_3;Leçon_3A;La famille et les copains;Vocabulaire supplémentaire;verb
dix,,ten,Leçon_1B,Espaces;Unité_1;Leçon_1B;Salut!;Numbers 0-60;adjective
dix-huit,,eighteen,Leçon_1B,Espaces;Unité_1;Leçon_1B;Salut!;Numbers 0-60;adjective
dix-neuf,,nineteen,Leçon_1B,Espaces;Unité_1;Leçon_1B;Salut!;Numbers 0-60;adjective
dix-sept,,seventeen,Leçon_1B,Espaces;Unité_1;Leçon_1B;Salut!;Numbers 0-60;adjective
donc,,therefore,Leçon_7B,Espaces;Unité_7;Leçon_7B;En vacances;Adverbes et locutions de temps;adverb
donner,,to give,Leçon_2A,Espaces;Unité_2;Leçon_2A;À la fac;Verbes;verb
dont,,"of which, of whom",Leçon_13B,Espaces;Unité_13;Leçon_13B;L'avenir et les métiers;Pronoms relatifs;pronoun
dormir,,to sleep,Leçon_5A,Espaces;Unité_5;Leçon_5A;Les loisirs;Verbes irréguliers en –ir;verb
douce,,sweet; soft (f.),Leçon_3B,Espaces;Unité_3;Leçon_3B;La famille et les copains;Adjectifs irréguliers;adjective
doué,,talented; gifted (m.),Leçon_15B,Espaces;Unité_15;Leçon_15B;Les arts;Les artistes;adjective
douée,,talented; gifted (f.),Leçon_15B,Espaces;Unité_15;Leçon_15B;Les arts;Les artistes;adjective
douter que...,,to doubt that…,Leçon_15A,Espaces;Unité_15;Leçon_15A;Les arts;Expressions de doute et de certitude;phrase
doux,,sweet; soft (m.),Leçon_3B,Espaces;Unité_3;Leçon_3B;La famille et les copains;Adjectifs irréguliers;adjective
douze,,twelve,Leçon_1B,Espaces;Unité_1;Leçon_1B;Salut!;Numbers 0-60;adjective
drôle,,funny,Leçon_3B,Espaces;Unité_3;Leçon_3B;La famille et les copains;Adjectifs descriptifs;adjective
du,,"some, any (m. sing.)",Leçon_4B,Espaces;Unité_4;Leçon_4B;Au café;Partitives;adverb;preposition
du matin,,in the morning,Leçon_2B,Espaces;Unité_2;Leçon_2B;À la fac;Telling time;phrase
du soir,,in the evening,Leçon_2B,Espaces;Unité_2;Leçon_2B;À la fac;Telling time;phrase
échouer,,to fail,Leçon_2B,Espaces;Unité_2;Leçon_2B;À la fac;L'université;verb
écologique,,ecological,Leçon_14A,Espaces;Unité_14;Leçon_14A;L'espace vert;L’écologie;adjective
écouter,,to listen (to),Leçon_2B,Espaces;Unité_2;Leçon_2B;À la fac;L'université;verb
écrire,,to write,Leçon_7B,Espaces;Unité_7;Leçon_7B;En vacances;Verbes irréguliers;verb
effacer,,to erase,Leçon_11A,Espaces;Unité_11;Leçon_11A;La technologie;L’électronique;verb
égoïste,,selfish,Leçon_1B,Espaces;Unité_1;Leçon_1B;Salut!;Descriptive adjectives;adjective
élégant,,elegant (m.),Leçon_1B,Espaces;Unité_1;Leçon_1B;Salut!;Descriptive adjectives;adjective
élégante,,elegant (f.),Leçon_1B,Espaces;Unité_1;Leçon_1B;Salut!;Descriptive adjectives;adjective
elle,,she/it ,Leçon_1B,Espaces;Unité_1;Leçon_1B;Salut!;Subject pronouns;pronoun
elles,,they (f.),Leçon_1B,Espaces;Unité_1;Leçon_1B;Salut!;Subject pronouns;pronoun
embaucher,,to hire,Leçon_13A,Espaces;Unité_13;Leçon_13A;L'avenir et les métiers;La recherche d’emploi;verb
emménager,,to move in,Leçon_8A,Espaces;Unité_8;Leçon_8A;Chez nous;Chez soi;verb
emmener,,to take (someone),Leçon_5B,Espaces;Unité_5;Leçon_5B;Les loisirs;Verbes;verb
employer,,to use; to employ,Leçon_5B,Espaces;Unité_5;Leçon_5B;Les loisirs;Verbes;verb
emprunter,,to borrow,Leçon_12A,Espaces;Unité_12;Leçon_12A;En ville;À la banque;verb
en,,in,Leçon_3B,Espaces;Unité_3;Leçon_3B;La famille et les copains;Prepositions of Location;preposition
en Allemagne,,to Germany,Leçon_7A,Espaces;Unité_7;Leçon_7A;En vacances;Les pays;phrase
en Angleterre,,to England,Leçon_7A,Espaces;Unité_7;Leçon_7A;En vacances;Les pays;phrase
en automne,,in the fall,Leçon_5B,"Espaces;Unité_5;Leçon_5B;Les loisirs;Les saisons, les mois, les dates;phrase"
en avance,,early,Leçon_2B,Espaces;Unité_2;Leçon_2B;À la fac;Telling time;adverb
en Belgique,,to Belgium,Leçon_7A,Espaces;Unité_7;Leçon_7A;En vacances;Les pays;phrase
en Chine,,to China,Leçon_7A,Espaces;Unité_7;Leçon_7A;En vacances;Les pays;phrase
en Espagne,,to Spain ,Leçon_7A,Espaces;Unité_7;Leçon_7A;En vacances;Les pays;phrase
en été,,in the summer,Leçon_5B,"Espaces;Unité_5;Leçon_5B;Les loisirs;Les saisons, les mois, les dates;phrase"
en face de,,"facing, across from",Leçon_3B,Espaces;Unité_3;Leçon_3B;La famille et les copains;Prepositions of Location;preposition
en France,,to France,Leçon_7A,Espaces;Unité_7;Leçon_7A;En vacances;Les pays;phrase
en hiver,,in the winter ,Leçon_5B,"Espaces;Unité_5;Leçon_5B;Les loisirs;Les saisons, les mois, les dates;phrase"
en Irlande,,to Ireland,Leçon_7A,Espaces;Unité_7;Leçon_7A;En vacances;Les pays;phrase
en Italie,,to Italy,Leçon_7A,Espaces;Unité_7;Leçon_7A;En vacances;Les pays;phrase
en plein air,,"outdoor, open-air",Leçon_14A,Espaces;Unité_14;Leçon_14A;L'espace vert;La nature;adjective
en retard,,late,Leçon_2B,Espaces;Unité_2;Leçon_2B;À la fac;Telling time;adverb
en Suisse,,to Switzerland,Leçon_7A,Espaces;Unité_7;Leçon_7A;En vacances;Les pays;phrase
en ville,,in town,Leçon_4A,Espaces;Unité_4;Leçon_4A;Au café;Prepositions;phrase
enceinte,,pregnant,Leçon_10B,Espaces;Unité_10;Leçon_10B;La santé;adjective
Enchanté.,,Delighted. (m.),Leçon_1A,Espaces;Unité_1;Leçon_1A;Salut!;Les présentations;adjective
Enchantée.,,Delighted. (f.),Leçon_1A,Espaces;Unité_1;Leçon_1A;Salut!;Les présentations;adjective
encore,,"again, still",Leçon_5A,Espaces;Unité_5;Leçon_5A;Les loisirs;La fréquence;adverb
enfin,,"finally, at last",Leçon_7B,Espaces;Unité_7;Leçon_7B;En vacances;Adverbes et locutions de temps;adverb
enfler,,to swell,Leçon_10B,Espaces;Unité_10;Leçon_10B;La santé;verb
enlever la poussière,,to dust,Leçon_8B,Espaces;Unité_8;Leçon_8B;Chez nous;Les tâches ménagères;phrase
ennuyeuse,,boring (f.),Leçon_3B,Espaces;Unité_3;Leçon_3B;La famille et les copains;Adjectifs irréguliers;adjective
ennuyeux,,boring (m.),Leçon_3B,Espaces;Unité_3;Leçon_3B;La famille et les copains;Adjectifs irréguliers;adjective
enregistrer,,to record,Leçon_11A,Espaces;Unité_11;Leçon_11A;La technologie;L’électronique;verb
enseigner,,to teach,Leçon_2B,Espaces;Unité_2;Leçon_2B;À la fac;L'université;verb
ensemble,,together,Leçon_6A,Espaces;Unité_6;Leçon_6A;Les fêtes;Les relations;adverb
ensuite,,"then, next",Leçon_7B,Espaces;Unité_7;Leçon_7B;En vacances;Adverbes et locutions de temps;adverb
entendre,,to hear,Leçon_6B,Espaces;Unité_6;Leçon_6B;Les fêtes;Verbes en -re;verb
entre,,between,Leçon_3B,Espaces;Unité_3;Leçon_3B;La famille et les copains;Prepositions of Location;preposition
entrer,,to enter,Leçon_7A,Espaces;Unité_7;Leçon_7A;En vacances;Verbes;verb 
envoyer,,to send,Leçon_5B,Espaces;Unité_5;Leçon_5B;Les loisirs;Verbes;verb
épouser,,to marry,Leçon_3A,Espaces;Unité_3;Leçon_3A;La famille et les copains;Vocabulaire supplémentaire;verb
Espagne,,Spain ,Leçon_7A,Espaces;Unité_7;Leçon_7A;En vacances;Les pays;noun
espagnol,,Spanish (m.),Leçon_1B,Espaces;Unité_1;Leçon_1B;Salut!;Adjectives of nationality;adjective
espagnole,,Spanish (f.),Leçon_1B,Espaces;Unité_1;Leçon_1B;Salut!;Adjectives of nationality;adjective
espérer,,to hope,Leçon_5B; Leçon_11A,Espaces;Unité_5;Leçon_5B;Les loisirs;Verbes;verb;Unité_11;Leçon_11A;La technologie;Prepositions with the infinitive
essayer (de + inf.),,to try (to),Leçon_5B,Espaces;Unité_5;Leçon_5B;Les loisirs;Verbes;verb
essuie-glaces,,windshield wipers,Leçon_11B,Espaces;Unité_11;Leçon_11B;La technologie;La voiture;noun
essuyer la table,,to wipe the table,Leçon_8B,Espaces;Unité_8;Leçon_8B;Chez nous;Les tâches ménagères;phrase
essuyer la vaisselle,,to dry the dishes,Leçon_8B,Espaces;Unité_8;Leçon_8B;Chez nous;Les tâches ménagères;phrase
est,,east,Leçon_12B,Espaces;Unité_12;Leçon_12B;En ville;Retrouver son chemin;adjective
Est-ce que/qu’...?,,question phrase,Leçon_2A,Espaces;Unité_2;Leçon_2A;À la fac;Des questions et des opinions;phrase
Et toi?,,And you? (fam.),Leçon_1A,Espaces;Unité_1;Leçon_1A;Salut!;Les présentations;phrase
Et vous?,,And you? (form.),Leçon_1A,Espaces;Unité_1;Leçon_1A;Salut!;Les présentations;phrase
États-Unis,,United States (m.),Leçon_7A,Espaces;Unité_7;Leçon_7A;En vacances;Les pays;noun
éteindre,,to turn off; to shut off,Leçon_11A,Espaces;Unité_11;Leçon_11A;La technologie;L’électronique;verb
éternuer,,to sneeze,Leçon_10B,Espaces;Unité_10;Leçon_10B;La santé;verb
étranger,,foreign (m.),Leçon_3B,Espaces;Unité_3;Leçon_3B;La famille et les copains;Adjectifs irréguliers;adjective
étrangère,,foreign (f.),Leçon_3B,Espaces;Unité_3;Leçon_3B;La famille et les copains;Adjectifs irréguliers;adjective
être,,to be,Leçon_1B,Espaces;Unité_1;Leçon_1B;Salut!;être;verb
être au chômage,,to be unemployed,Leçon_13B,Espaces;Unité_13;Leçon_13B;L'avenir et les métiers;Au travail;phrase
être au régime,,to be on a diet,Leçon_9B,Espaces;Unité_9;Leçon_9B;La nourriture;Les repas;phrase
être bien payé,,to be well paid (m.),Leçon_13B,Espaces;Unité_13;Leçon_13B;L'avenir et les métiers;Au travail;phrase
être bien payée,,to be well paid (f.),Leçon_13B,Espaces;Unité_13;Leçon_13B;L'avenir et les métiers;Au travail;phrase
être connecté (avec),,to be connected (with) (m.),Leçon_11A,Espaces;Unité_11;Leçon_11A;La technologie;L'ordinateur;phrase
être connectée (avec),,to be connected (with) (f.),Leçon_11A,Espaces;Unité_11;Leçon_11A;La technologie;L'ordinateur;phrase
être content que…,,to be glad that... (m.),Leçon_14B,Espaces;Unité_14;Leçon_14B;L'espace vert;Verbs and expressions of emotion;phrase
être contente que…,,to be glad that…(f.),Leçon_14B,Espaces;Unité_14;Leçon_14B;L'espace vert;Verbs and expressions of emotion;phrase
être désolé que…,,to be sorry that…(m.),Leçon_14B,Espaces;Unité_14;Leçon_14B;L'espace vert;Verbs and expressions of emotion;phrase
être désolée que…,,to be sorry that…(f.),Leçon_14B,Espaces;Unité_14;Leçon_14B;L'espace vert;Verbs and expressions of emotion;phrase
être en bonne santé,,to be in good health,Leçon_10B,Espaces;Unité_10;Leçon_10B;La santé;phrase
être en ligne,,to be online/on the phone,Leçon_11A,Espaces;Unité_11;Leçon_11A;La technologie;L'ordinateur;phrase
être en ligne (avec),,to be online/on the phone (with),Leçon_11A,Espaces;Unité_11;Leçon_11A;La technologie;L'ordinateur;phrase
être en mauvaise santé,,to be in bad health,Leçon_10B,Espaces;Unité_10;Leçon_10B;La santé;phrase
être en pleine forme,,to be in good shape,Leçon_10B,Espaces;Unité_10;Leçon_10B;La santé;La forme;phrase
être furieuse que…,,to be furious that…(f.),Leçon_14B,Espaces;Unité_14;Leçon_14B;L'espace vert;Verbs and expressions of emotion;phrase
être furieux que…,,to be furious that…(m.),Leçon_14B,Espaces;Unité_14;Leçon_14B;L'espace vert;Verbs and expressions of emotion;phrase
être heureuse que…,,to be happy that…(f.),Leçon_14B,Espaces;Unité_14;Leçon_14B;L'espace vert;Verbs and expressions of emotion;phrase
être heureux que…,,to be happy that…(m.),Leçon_14B,Espaces;Unité_14;Leçon_14B;L'espace vert;Verbs and expressions of emotion;phrase
être mal payé,,to be badly paid (m.),Leçon_13B,Espaces;Unité_13;Leçon_13B;L'avenir et les métiers;Au travail;phrase
être mal payée,,to be badly paid (f.),Leçon_13B,Espaces;Unité_13;Leçon_13B;L'avenir et les métiers;Au travail;phrase
être malade,,to be sick,Leçon_10B,Espaces;Unité_10;Leçon_10B;La santé;phrase
être perdu,,to be lost (m.),Leçon_12B,Espaces;Unité_12;Leçon_12B;En ville;Retrouver son chemin;phrase
être perdue,,to be lost (f.),Leçon_12B,Espaces;Unité_12;Leçon_12B;En ville;Retrouver son chemin;phrase
être reçu à un examen,,to pass an exam (m.),Leçon_2A,Espaces;Unité_2;Leçon_2A;À la fac;Vocabulaire supplémentaire;phrase
être reçue à un examen,,to pass an exam (f.),Leçon_2A,Espaces;Unité_2;Leçon_2A;À la fac;Vocabulaire supplémentaire;phrase
être surpris que…,,to be surprised that…(m.),Leçon_14B,Espaces;Unité_14;Leçon_14B;L'espace vert;Verbs and expressions of emotion;phrase
être surprise que…,,to be surprised that…(f.),Leçon_14B,Espaces;Unité_14;Leçon_14B;L'espace vert;Verbs and expressions of emotion;phrase
être triste que…,,to be sad that…,Leçon_14B,Espaces;Unité_14;Leçon_14B;L'espace vert;Verbs and expressions of emotion;phrase
étudier,,to study,Leçon_2A,Espaces;Unité_2;Leçon_2A;À la fac;Verbes;verb
évidemment,,obviously,Leçon_7B,Espaces;Unité_7;Leçon_7B;En vacances;Adverbs;adverb
éviter de,,to avoid (doing),Leçon_11A; Leçon_10B,Espaces;Unité_11;Leçon_11A;La technologie;Prepositions with the infinitive;phrase;Unité_10;Leçon_10B;La santé
Excuse-moi.,,Excuse me. (fam.),Leçon_1A,Espaces;Unité_1;Leçon_1A;Salut!;Expressions de la politesse;phrase
Excusez-moi.,,Excuse me. (form.),Leçon_1A,Espaces;Unité_1;Leçon_1A;Salut!;Expressions de la politesse;phrase
exiger que...,,to demand that…,Leçon_14B,Espaces;Unité_14;Leçon_14B;L'espace vert;Verbes de volonté;phrase
expliquer,,to explain,Leçon_2B,Espaces;Unité_2;Leçon_2B;À la fac;L'université;verb
explorer,,to explore,Leçon_4A,Espaces;Unité_4;Leçon_4A;Au café;Activités;verb
facile,,easy,Leçon_2A,Espaces;Unité_2;Leçon_2A;À la fac;Adjectifs et adverbes;adjective
faible,,weak,Leçon_3B,Espaces;Unité_3;Leçon_3B;La famille et les copains;Adjectifs descriptifs;adjective
faire,,"to do, to make",Leçon_5A,Espaces;Unité_5;Leçon_5A;Les loisirs;faire;verb
faire attention (à),,to pay attention (to),Leçon_5A,Espaces;Unité_5;Leçon_5A;Les loisirs;Expressions with faire;phrase
faire de l’exercice,,to exercise,Leçon_10B,Espaces;Unité_10;Leçon_10B;La santé;La forme;phrase
faire de la gym,,to work out,Leçon_5A,Espaces;Unité_5;Leçon_5A;Les loisirs;Expressions with faire;phrase
faire de la musique,,to play music,Leçon_15A,Espaces;Unité_15;Leçon_15A;Les arts;Les artistes;phrase
faire de la peinture,,to paint,Leçon_15B,Espaces;Unité_15;Leçon_15B;Les arts;Les artistes;phrase
faire de la planche à voile,,to go wind-surfing,Leçon_5A,Espaces;Unité_5;Leçon_5A;Les loisirs;Expressions with faire;phrase
faire de l'aérobic,,to do aerobics,Leçon_5A,Espaces;Unité_5;Leçon_5A;Les loisirs;Expressions with faire;phrase
faire des projets,,to make plans,Leçon_13A,Espaces;Unité_13;Leçon_13A;L'avenir et les métiers;La recherche d’emploi;phrase
faire du camping,,to go camping,Leçon_5A,Espaces;Unité_5;Leçon_5A;Les loisirs;Expressions with faire;phrase
faire du cheval,,to go horseback riding,Leçon_5A,Espaces;Unité_5;Leçon_5A;Les loisirs;Expressions with faire;phrase
faire du jogging,,to go jogging,Leçon_5A,Espaces;Unité_5;Leçon_5A;Les loisirs;Expressions with faire;phrase
faire du shopping,,to go shopping,Leçon_7A,Espaces;Unité_7;Leçon_7A;En vacances;Les vacances;phrase
faire du ski,,to go skiing,Leçon_5A,Espaces;Unité_5;Leçon_5A;Les loisirs;Expressions with faire;phrase
faire du sport,,to play sports,Leçon_5A,Espaces;Unité_5;Leçon_5A;Les loisirs;Expressions with faire;phrase
faire du vélo,,to go bike riding,Leçon_5A,Espaces;Unité_5;Leçon_5A;Les loisirs;Expressions with faire;phrase
faire la connaissance de…,,to meet (someone) for the first time,Leçon_5A,Espaces;Unité_5;Leçon_5A;Les loisirs;Expressions with faire;phrase
faire la cuisine,,to cook,Leçon_5A,Espaces;Unité_5;Leçon_5A;Les loisirs;Expressions with faire;phrase
faire la fête,,to party,Leçon_6A,Espaces;Unité_6;Leçon_6A;Les fêtes;phrase
faire la lessive,,to do the laundry,Leçon_8B,Espaces;Unité_8;Leçon_8B;Chez nous;Les tâches ménagères;phrase
faire la poussière,,to dust,Leçon_8B,Espaces;Unité_8;Leçon_8B;Chez nous;Les tâches ménagères;phrase
faire la queue,,to wait in line,Leçon_12A,Espaces;Unité_12;Leçon_12A;En ville;En ville;phrase
faire la vaisselle,,to do the dishes,Leçon_8B,Espaces;Unité_8;Leçon_8B;Chez nous;Les tâches ménagères;phrase
faire le lit,,to make the bed,Leçon_8B,Espaces;Unité_8;Leçon_8B;Chez nous;Les tâches ménagères;phrase
faire le ménage,,to do the housework,Leçon_8B,Espaces;Unité_8;Leçon_8B;Chez nous;Les tâches ménagères;phrase
faire le plein,,to fill the tank,Leçon_11B,Espaces;Unité_11;Leçon_11B;La technologie;La voiture;phrase
faire les courses,,to go (grocery) shopping ,Leçon_9B,Espaces;Unité_9;Leçon_9B;La nourriture;Les achats;phrase
faire les musées,,to go to museums,Leçon_15B,Espaces;Unité_15;Leçon_15B;Les arts;phrase
faire les valises,,to pack one's bags,Leçon_7A,Espaces;Unité_7;Leçon_7A;En vacances;Les vacances;phrase
faire mal,,to hurt,Leçon_10B,Espaces;Unité_10;Leçon_10B;La santé;phrase
faire sa toilette,,to wash up,Leçon_10A,Espaces;Unité_10;Leçon_10A;La santé;La routine;phrase
faire un séjour,,to spend time (somewhere),Leçon_7A,Espaces;Unité_7;Leçon_7A;En vacances;Les vacances;phrase
faire un tour,,to go for a walk,Leçon_5A,Espaces;Unité_5;Leçon_5A;Les loisirs;Expressions with faire;phrase
faire un tour en voiture,,to go for a drive,Leçon_5A,Espaces;Unité_5;Leçon_5A;Les loisirs;Expressions with faire;phrase
faire une piqûre,,to give a shot,Leçon_10B,Espaces;Unité_10;Leçon_10B;La santé;phrase
faire une promenade,,to go for a walk,Leçon_5A,Espaces;Unité_5;Leçon_5A;Les loisirs;Expressions with faire;phrase
faire une randonnée,,to go for a hike,Leçon_5A,Espaces;Unité_5;Leçon_5A;Les loisirs;Expressions with faire;phrase
faire une surprise (à quelqu’un),,to surprise (someone),Leçon_6A,Espaces;Unité_6;Leçon_6A;Les fêtes;phrase
fatigué,,tired (m.),Leçon_3B,Espaces;Unité_3;Leçon_3B;La famille et les copains;Adjectifs descriptifs;adjective
fatiguée,,tired (f.),Leçon_3B,Espaces;Unité_3;Leçon_3B;La famille et les copains;Adjectifs descriptifs;adjective
favori ,,favorite (m.),Leçon_3B,Espaces;Unité_3;Leçon_3B;La famille et les copains;Adjectifs irréguliers;adjective
favorite,,favorite (f.),Leçon_3B,Espaces;Unité_3;Leçon_3B;La famille et les copains;Adjectifs irréguliers;adjective
fermé,,closed (m.),Leçon_12A,Espaces;Unité_12;Leçon_12A;En ville;En ville;adjective
fermée,,closed (f.),Leçon_12A,Espaces;Unité_12;Leçon_12A;En ville;En ville;adjective
fermer,,to close; to shut off,Leçon_11A,Espaces;Unité_11;Leçon_11A;La technologie;L’électronique;verb
fêter,,to celebrate,Leçon_6A,Espaces;Unité_6;Leçon_6A;Les fêtes;verb
feux de signalisation,,traffic lights,Leçon_12B,Espaces;Unité_12;Leçon_12B;En ville;Retrouver son chemin;noun
février,,February,Leçon_5B,"Espaces;Unité_5;Leçon_5B;Les loisirs;Les saisons, les mois, les dates;noun"
fiancé,,engaged (m.),Leçon_3A,Espaces;Unité_3;Leçon_3A;La famille et les copains;Vocabulaire supplémentaire;adjective
fiancée,,engaged (f.),Leçon_3A,Espaces;Unité_3;Leçon_3A;La famille et les copains;Vocabulaire supplémentaire;adjective
fier,,proud (m.),Leçon_3A,Espaces;Unité_3;Leçon_3A;La famille et les copains;Adjectifs irréguliers;adjective
fière,,proud (f.),Leçon_3A,Espaces;Unité_3;Leçon_3A;La famille et les copains;Adjectifs irréguliers;adjective
finalement,,finally,Leçon_7B,Espaces;Unité_7;Leçon_7B;En vacances;Adverbes et locutions de temps;adverb
finir (de),,to finish (doing),Leçon_11A; Leçon_4B,Espaces;Unité_11;Leçon_11A;La technologie;Prepositions with the infinitive;verb;Unité_4;Leçon_4B;Au café;Verbes réguliers en -ir
folle,,crazy (f.),Leçon_3B,Espaces;Unité_3;Leçon_3B;La famille et les copains;Adjectifs irréguliers;adjective
fonctionner,,"to work, to function",Leçon_11A,Espaces;Unité_11;Leçon_11A;La technologie;L’électronique;verb
fort ,,strong (m.),Leçon_3B,Espaces;Unité_3;Leçon_3B;La famille et les copains;Adjectifs descriptifs;adjective
forte,,strong (f.),Leçon_3B,Espaces;Unité_3;Leçon_3B;La famille et les copains;Adjectifs descriptifs;adjective
fou,,crazy (m.),Leçon_3B,Espaces;Unité_3;Leçon_3B;La famille et les copains;Adjectifs irréguliers;adjective
français,,French (m.),Leçon_1B,Espaces;Unité_1;Leçon_1B;Salut!;Adjectives of nationality;adjective
française,,French (f.),Leçon_1B,Espaces;Unité_1;Leçon_1B;Salut!;Adjectives of nationality;adjective
France,,France ,Leçon_7A,Espaces;Unité_7;Leçon_7A;En vacances;Les pays;noun
franchement,,"frankly, honestly",Leçon_7B,Espaces;Unité_7;Leçon_7B;En vacances;Adverbs;adverb
freiner,,to brake,Leçon_11B,Espaces;Unité_11;Leçon_11B;La technologie;La voiture;verb
fréquenter,,to frequent; to visit,Leçon_4A,Espaces;Unité_4;Leçon_4A;Au café;Activités;verb
frisé,,curly (m.),Leçon_3A,Espaces;Unité_3;Leçon_3A;La famille et les copains;Adjectifs descriptifs;adjective
frisée,,curly (f.),Leçon_3A,Espaces;Unité_3;Leçon_3A;La famille et les copains;Adjectifs descriptifs;adjective
fumer,,to smoke,Leçon_10B,Espaces;Unité_10;Leçon_10B;La santé;verb
gagner,,to earn; to win,Leçon_13B; Leçon_5A,Espaces;Unité_13;Leçon_13B;L'avenir et les métiers;Au travail;verb;Unité_5;Leçon_5A;Les loisirs;Activités sportives et loisirs
garder la ligne,,to stay slim,Leçon_10B,Espaces;Unité_10;Leçon_10B;La santé;La forme;phrase
gaspiller,,to waste,Leçon_14A,Espaces;Unité_14;Leçon_14A;L'espace vert;L’écologie;verb
généreuse,,generous (f.),Leçon_3B,Espaces;Unité_3;Leçon_3B;La famille et les copains;Adjectifs irréguliers;adjective
généreux,,generous (m.),Leçon_3B,Espaces;Unité_3;Leçon_3B;La famille et les copains;Adjectifs irréguliers;adjective
génial,,great (m.),Leçon_3B,Espaces;Unité_3;Leçon_3B;La famille et les copains;Adjectifs descriptifs;adjective
géniale,,great (f.),Leçon_3B,Espaces;Unité_3;Leçon_3B;La famille et les copains;Adjectifs descriptifs;adjective
géniaux,,great (pl.),Leçon_3B,Espaces;Unité_3;Leçon_3B;La famille et les copains;Adjectifs descriptifs;adjective
genoux,,knees,Leçon_10A,Espaces;Unité_10;Leçon_10A;La santé;Le corps;noun
gentil,,nice (m.),Leçon_3B,Espaces;Unité_3;Leçon_3B;La famille et les copains;Adjectifs irréguliers;adjective
gentille,,nice (f.),Leçon_3B,Espaces;Unité_3;Leçon_3B;La famille et les copains;Adjectifs irréguliers;adjective
gentiment,,nicely,Leçon_7B,Espaces;Unité_7;Leçon_7B;En vacances;Adverbs;adverb
goûter,,to taste,Leçon_9B,Espaces;Unité_9;Leçon_9B;La nourriture;Les repas;verb
grand ,,big; tall (m.),Leçon_3A,Espaces;Unité_3;Leçon_3A;La famille et les copains;Adjectifs descriptifs;adjective
grande,,big; tall (f.),Leçon_3A,Espaces;Unité_3;Leçon_3A;La famille et les copains;Adjectifs descriptifs;adjective
grandir,,to grow,Leçon_4B,Espaces;Unité_4;Leçon_4B;Au café;Verbes réguliers en -ir;verb
gratuit,,free (m.),Leçon_15A,Espaces;Unité_15;Leçon_15A;Les arts;Aller au spectacle;adjective
gratuite,,free (f.),Leçon_15A,Espaces;Unité_15;Leçon_15A;Les arts;Aller au spectacle;adjective
grave,,serious,Leçon_10B,Espaces;Unité_10;Leçon_10B;La santé;adjective
graver,,"to record, to burn (a CD)",Leçon_11A,Espaces;Unité_11;Leçon_11A;La technologie;L'ordinateur;verb
gris,,gray (m.),Leçon_6B,Espaces;Unité_6;Leçon_6B;Les fêtes;Les couleurs;adjective
grise,,gray (f.),Leçon_6B,Espaces;Unité_6;Leçon_6B;Les fêtes;Les couleurs;adjective
gros,,fat (m.),Leçon_3A,Espaces;Unité_3;Leçon_3A;La famille et les copains;Adjectifs irréguliers;adjective
grosse,,fat (f.),Leçon_3A,Espaces;Unité_3;Leçon_3A;La famille et les copains;Adjectifs irréguliers;adjective
grossir,,to gain weight,Leçon_4B,Espaces;Unité_4;Leçon_4B;Au café;Verbes réguliers en -ir;verb
guérir,,to get better,Leçon_10B,Espaces;Unité_10;Leçon_10B;La santé;verb
habiter à,,to live in,Leçon_2A,Espaces;Unité_2;Leçon_2A;À la fac;Verbes;verb
habiter en,,to live in,Leçon_2A,Espaces;Unité_2;Leçon_2A;À la fac;Verbes;verb
hésiter à,,to hesitate,Leçon_11A,Espaces;Unité_11;Leçon_11A;La technologie;Prepositions with the infinitive;phrase
heureuse,,happy (f.),Leçon_3A,Espaces;Unité_3;Leçon_3A;La famille et les copains;Adjectifs irréguliers;adjective
heureusement,,fortunately,Leçon_7B,Espaces;Unité_7;Leçon_7B;En vacances;Adverbs;adverb
heureux,,happy (m.),Leçon_3A,Espaces;Unité_3;Leçon_3A;La famille et les copains;Adjectifs irréguliers;adjective
hier,,yesterday,Leçon_6A,Espaces;Unité_6;Leçon_6A;Les fêtes;Périodes de la vie;adverb
huit,,eight,Leçon_1B,Espaces;Unité_1;Leçon_1B;Salut!;Numbers 0-60;adjective
huit cents,,eight hundred,Leçon_5B,Espaces;Unité_5;Leçon_5B;Les loisirs;Numbers 101 and higher;adjective
huit millions,,eight million,Leçon_5B,Espaces;Unité_5;Leçon_5B;Les loisirs;Numbers 101 and higher;adjective
ici,,here,Leçon_1A,Espaces;Unité_1;Leçon_1A;Salut!;Identifier;adverb
il,,he/it ,Leçon_1B,Espaces;Unité_1;Leçon_1B;Salut!;Subject pronouns;pronoun
Il est bon que...,,It is good that...,Leçon_14A,Espaces;Unité_14;Leçon_14A;L'espace vert;Expressions impersonnelles;phrase
Il est certain que...,,It is certain that…,Leçon_15A,Espaces;Unité_15;Leçon_15A;Les arts;Expressions de doute et de certitude;phrase
Il est clair que...,,It is clear that…,Leçon_15A,Espaces;Unité_15;Leçon_15A;Les arts;Expressions de doute et de certitude;phrase
Il est dommage que...,,It is a shame that...,Leçon_14A,Espaces;Unité_14;Leçon_14A;L'espace vert;Expressions impersonnelles;phrase
Il est douteux que...,,It is doubtful that…,Leçon_15A,Espaces;Unité_15;Leçon_15A;Les arts;Expressions de doute et de certitude;phrase
Il est essentiel que...,,It is essential that…,Leçon_14A,Espaces;Unité_14;Leçon_14A;L'espace vert;Expressions impersonnelles;phrase
Il est évident que...,,It is obvious that…,Leçon_15A,Espaces;Unité_15;Leçon_15A;Les arts;Expressions de doute et de certitude;phrase
Il est important que...,,It is important that…,Leçon_14A,Espaces;Unité_14;Leçon_14A;L'espace vert;Expressions impersonnelles;phrase
Il est impossible que…,,It is impossible that…,Leçon_15A,Espaces;Unité_15;Leçon_15A;Les arts;Expressions de doute et de certitude;phrase
Il est indispensable que…,,It is essential that…,Leçon_14A,Espaces;Unité_14;Leçon_14A;L'espace vert;Expressions impersonnelles;phrase
Il est nécessaire que…,,It is necessary that…,Leçon_14A,Espaces;Unité_14;Leçon_14A;L'espace vert;Expressions impersonnelles;phrase
Il est possible que...,,It is possible that...,Leçon_14A,Espaces;Unité_14;Leçon_14A;L'espace vert;Expressions impersonnelles;phrase
Il est sûr que...,,It is sure that…,Leçon_15A,Espaces;Unité_15;Leçon_15A;Les arts;Expressions de doute et de certitude;phrase
Il est vrai que...,,It is true that…,Leçon_15A,Espaces;Unité_15;Leçon_15A;Les arts;Expressions de doute et de certitude;phrase
Il fait (du) soleil.,,It is sunny.,Leçon_5B,Espaces;Unité_5;Leçon_5B;Les loisirs;Le temps qu’il fait;phrase
Il fait 18 degrés.,,It is 18 degrees.,Leçon_5B,Espaces;Unité_5;Leçon_5B;Les loisirs;Le temps qu’il fait;phrase
Il fait beau.,,The weather is nice.,Leçon_5B,Espaces;Unité_5;Leçon_5B;Les loisirs;Le temps qu’il fait;phrase
Il fait bon.,,The weather is good/warm.,Leçon_5B,Espaces;Unité_5;Leçon_5B;Les loisirs;Le temps qu’il fait;phrase
Il fait chaud.,,It is hot (out).,Leçon_5B,Espaces;Unité_5;Leçon_5B;Les loisirs;Le temps qu’il fait;phrase
Il fait du vent.,,It is windy.,Leçon_5B,Espaces;Unité_5;Leçon_5B;Les loisirs;Le temps qu’il fait;phrase
Il fait frais.,,It is cool.,Leçon_5B,Espaces;Unité_5;Leçon_5B;Les loisirs;Le temps qu’il fait;phrase
Il fait froid.,,It is cold.,Leçon_5B,Espaces;Unité_5;Leçon_5B;Les loisirs;Le temps qu’il fait;phrase
Il fait mauvais.,,The weather is bad.,Leçon_5B,Espaces;Unité_5;Leçon_5B;Les loisirs;Le temps qu’il fait;phrase
Il fait un temps épouvantable.,,The weather is dreadful. ,Leçon_5B,Espaces;Unité_5;Leçon_5B;Les loisirs;Le temps qu’il fait;phrase
Il faut (que)…,,"One must…, It is necessary to/that…",Leçon_14A; Leçon_5A,Espaces;Unité_14;Leçon_14A;L'espace vert;Expressions impersonnelles;phrase;Unité_5;Leçon_5A;Les loisirs;Il faut…
Il n’est pas certain que…,,It is uncertain that…,Leçon_15A,Espaces;Unité_15;Leçon_15A;Les arts;Expressions de doute et de certitude;phrase
Il n’est pas sûr que...,,It is not sure that…,Leçon_15A,Espaces;Unité_15;Leçon_15A;Les arts;Expressions de doute et de certitude;phrase
Il n’est pas vrai que...,,It is untrue that…,Leçon_15A,Espaces;Unité_15;Leçon_15A;Les arts;Expressions de doute et de certitude;phrase
Il n’y a pas de quoi.,,You’re welcome.,Leçon_1A,Espaces;Unité_1;Leçon_1A;Salut!;Expressions de la politesse;phrase
Il neige.,,It is snowing.,Leçon_5B,Espaces;Unité_5;Leçon_5B;Les loisirs;Le temps qu’il fait;phrase
Il pleut.,,It is raining.,Leçon_5B,Espaces;Unité_5;Leçon_5B;Les loisirs;Le temps qu’il fait;phrase
Il vaut mieux que...,,It is better that…,Leçon_14A,Espaces;Unité_14;Leçon_14A;L'espace vert;Expressions impersonnelles;phrase
il y a [+ time],,ago,Leçon_9A,Espaces;Unité_9;Leçon_9A;La nourriture;Autres mots et locutions;adverb
Il y a…,,There is/are…,Leçon_1A,Espaces;Unité_1;Leçon_1A;Salut!;Identifier;phrase
ils,,they (m.),Leçon_1B,Espaces;Unité_1;Leçon_1B;Salut!;Subject pronouns;pronoun
impatient,,impatient (m.),Leçon_1B,Espaces;Unité_1;Leçon_1B;Salut!;Descriptive adjectives;adjective
impatiente,,impatient (f.),Leçon_1B,Espaces;Unité_1;Leçon_1B;Salut!;Descriptive adjectives;adjective
important,,important (m.),Leçon_1B,Espaces;Unité_1;Leçon_1B;Salut!;Descriptive adjectives;adjective
importante,,important (f.),Leçon_1B,Espaces;Unité_1;Leçon_1B;Salut!;Descriptive adjectives;adjective
imprimer,,to print,Leçon_11A,Espaces;Unité_11;Leçon_11A;La technologie;L'ordinateur;verb
indépendant,,independent (m.),Leçon_1B,Espaces;Unité_1;Leçon_1B;Salut!;Descriptive adjectives;adjective
indépendante,,independent (f.),Leçon_1B,Espaces;Unité_1;Leçon_1B;Salut!;Descriptive adjectives;adjective
indiquer,,to indicate,Leçon_5A,Espaces;Unité_5;Leçon_5A;Les loisirs;Activités sportives et loisirs;verb
inquiet,,worried (m.),Leçon_3B,Espaces;Unité_3;Leçon_3B;La famille et les copains;Adjectifs irréguliers;adjective
inquiète,,worried (f.),Leçon_3B,Espaces;Unité_3;Leçon_3B;La famille et les copains;Adjectifs irréguliers;adjective
intellectuel,,intellectual (m.),Leçon_3A,Espaces;Unité_3;Leçon_3A;La famille et les copains;Adjectifs irréguliers;adjective
intellectuelle,,intellectual (f.),Leçon_3A,Espaces;Unité_3;Leçon_3A;La famille et les copains;Adjectifs irréguliers;adjective
intelligent,,intelligent (m.),Leçon_1B,Espaces;Unité_1;Leçon_1B;Salut!;Descriptive adjectives;adjective
intelligente,,intelligent (f.),Leçon_1B,Espaces;Unité_1;Leçon_1B;Salut!;Descriptive adjectives;adjective
interdire,,"to forbid, to prohibit",Leçon_14A,Espaces;Unité_14;Leçon_14A;L'espace vert;Les lois et les règlements;verb
intéressant,,interesting (m.),Leçon_1B,Espaces;Unité_1;Leçon_1B;Salut!;Descriptive adjectives;adjective
intéressante,,interesting (f.),Leçon_1B,Espaces;Unité_1;Leçon_1B;Salut!;Descriptive adjectives;adjective
inutile,,useless,Leçon_2A,Espaces;Unité_2;Leçon_2A;À la fac;Adjectifs et adverbes;adjective
inviter,,to invite,Leçon_4A,Espaces;Unité_4;Leçon_4A;Au café;Activités;verb
irlandais,,Irish (m.),Leçon_7A,Espaces;Unité_7;Leçon_7A;En vacances;Les pays;adjective
irlandaise,,Irish (f.),Leçon_7A,Espaces;Unité_7;Leçon_7A;En vacances;Les pays;adjective
Irlande,,Ireland ,Leçon_7A,Espaces;Unité_7;Leçon_7A;En vacances;Les pays;noun
Italie,,Italy ,Leçon_7A,Espaces;Unité_7;Leçon_7A;En vacances;Les pays;noun
italien,,Italian (m.),Leçon_1B,Espaces;Unité_1;Leçon_1B;Salut!;Adjectives of nationality;adjective
italienne,,Italian (f.),Leçon_1B,Espaces;Unité_1;Leçon_1B;Salut!;Adjectives of nationality;adjective
J’adore…,,I love...,Leçon_2A,Espaces;Unité_2;Leçon_2A;À la fac;Vocabulaire supplémentaire;phrase
J’aime bien...,,I like…,Leçon_2A,Espaces;Unité_2;Leçon_2A;À la fac;Vocabulaire supplémentaire;phrase
jalouse,,jealous (f.),Leçon_3B,Espaces;Unité_3;Leçon_3B;La famille et les copains;Adjectifs irréguliers;adjective
jaloux,,jealous (m.),Leçon_3B,Espaces;Unité_3;Leçon_3B;La famille et les copains;Adjectifs irréguliers;adjective
jamais,,never; ever,Leçon_12A; Leçon_5A,Espaces;Unité_12;Leçon_12A;En ville;La négation;adverb;Unité_5;Leçon_5A;Les loisirs;La fréquence
janvier,,January,Leçon_5B,"Espaces;Unité_5;Leçon_5B;Les loisirs;Les saisons, les mois, les dates;noun"
Japon,,Japan ,Leçon_7A,Espaces;Unité_7;Leçon_7A;En vacances;Les pays;noun
japonais,,Japanese (m.),Leçon_1B,Espaces;Unité_1;Leçon_1B;Salut!;Adjectives of nationality;adjective
japonaise,,Japanese (f.),Leçon_1B,Espaces;Unité_1;Leçon_1B;Salut!;Adjectives of nationality;adjective
jaune,,yellow,Leçon_6B,Espaces;Unité_6;Leçon_6B;Les fêtes;Les couleurs;adjective
je,,I,Leçon_1B,Espaces;Unité_1;Leçon_1B;Salut!;Subject pronouns;pronoun
Je déteste…,,I hate…,Leçon_2A,Espaces;Unité_2;Leçon_2A;À la fac;Vocabulaire supplémentaire;phrase
Je m’appelle…,,My name is…,Leçon_1A,Espaces;Unité_1;Leçon_1A;Salut!;Les présentations;phrase
Je n’aime pas tellement…,,I don’t like... very much.,Leçon_2A,Espaces;Unité_2;Leçon_2A;À la fac;Vocabulaire supplémentaire;phrase
Je te présente…,,I would like to introduce (name) to you. (fam.),Leçon_1A,Espaces;Unité_1;Leçon_1A;Salut!;Les présentations;phrase
Je t'en prie.,,You’re welcome.; It's nothing. (fam.),Leçon_1A,Espaces;Unité_1;Leçon_1A;Salut!;Expressions de la politesse;phrase
Je vais bien.,,I am doing well.,Leçon_1A,Espaces;Unité_1;Leçon_1A;Salut!;Comment ça va?;phrase
Je vais mal.,,I am doing badly.,Leçon_1A,Espaces;Unité_1;Leçon_1A;Salut!;Comment ça va?;phrase
Je vous en prie.,,You’re welcome.; It's nothing. (form.),Leçon_1A,Espaces;Unité_1;Leçon_1A;Salut!;Expressions de la politesse;phrase
Je vous présente…,,I would like to introduce (name) to you. (form.),Leçon_1A,Espaces;Unité_1;Leçon_1A;Salut!;Les présentations;phrase
jeter,,to throw away,Leçon_14A,Espaces;Unité_14;Leçon_14A;L'espace vert;L’écologie;verb
jeudi,,Thursday,Leçon_2B,Espaces;Unité_2;Leçon_2B;À la fac;Expressions de temps;noun
jeune,,young,Leçon_3A,Espaces;Unité_3;Leçon_3A;La famille et les copains;Adjectifs descriptifs;adjective
jeux vidéo,,video games,Leçon_11A,Espaces;Unité_11;Leçon_11A;La technologie;L'ordinateur;noun
joli ,,pretty (m.),Leçon_3A,Espaces;Unité_3;Leçon_3A;La famille et les copains;Adjectifs descriptifs;adjective
jolie,,pretty (f.),Leçon_3A,Espaces;Unité_3;Leçon_3A;La famille et les copains;Adjectifs descriptifs;adjective
jouer à,,to play,Leçon_5A,Espaces;Unité_5;Leçon_5A;Les loisirs;Activités sportives et loisirs;phrase
jouer de,,to play,Leçon_5A,Espaces;Unité_5;Leçon_5A;Les loisirs;Activités sportives et loisirs;phrase
jouer de la batterie,,to play the drums,Leçon_15A,Espaces;Unité_15;Leçon_15A;Les arts;Les artistes;phrase
jouer de la guitare,,to play the guitar,Leçon_15A,Espaces;Unité_15;Leçon_15A;Les arts;Les artistes;phrase
jouer du piano,,to play the piano,Leçon_15A,Espaces;Unité_15;Leçon_15A;Les arts;Les artistes;phrase
jouer du violon,,to play the violin,Leçon_15A,Espaces;Unité_15;Leçon_15A;Les arts;Les artistes;phrase
jouer un rôle,,to play a role,Leçon_15A,Espaces;Unité_15;Leçon_15A;Les arts;Les artistes;phrase
juillet,,July,Leçon_5B,"Espaces;Unité_5;Leçon_5B;Les loisirs;Les saisons, les mois, les dates;noun"
juin ,,June,Leçon_5B,"Espaces;Unité_5;Leçon_5B;Les loisirs;Les saisons, les mois, les dates;noun"
jusqu’à,,until,Leçon_12B,Espaces;Unité_12;Leçon_12B;En ville;Pour donner des indications;adverb
jusqu’à ce que...,,until…,Leçon_15B,Espaces;Unité_15;Leçon_15B;Les arts;Conjonctions suivies du subjonctif;phrase
l’addition,,"check, bill ",Leçon_4B,Espaces;Unité_4;Leçon_4B;Au café;noun
l’adolescence,,adolescence ,Leçon_6A,Espaces;Unité_6;Leçon_6A;Les fêtes;Périodes de la vie;noun
l’âge adulte,,adulthood ,Leçon_6A,Espaces;Unité_6;Leçon_6A;Les fêtes;Périodes de la vie;noun
l’ail,,garlic ,Leçon_9A,Espaces;Unité_9;Leçon_9A;La nourriture;Les légumes;noun
l’Allemagne,,in Germany,Leçon_7A,Espaces;Unité_7;Leçon_7A;En vacances;Les pays;phrase
l’appareil ,,telephone,Leçon_13A,Espaces;Unité_13;Leçon_13A;L'avenir et les métiers;Au téléphone;noun
l’architecture,,architecture,Leçon_2A,Espaces;Unité_2;Leçon_2A;À la fac;L'université;noun
l’art,,art,Leçon_2A,Espaces;Unité_2;Leçon_2A;À la fac;L'université;noun
l’automne,,fall,Leçon_5B,"Espaces;Unité_5;Leçon_5B;Les loisirs;Les saisons, les mois, les dates;noun"
l’école,,school,Leçon_2A,Espaces;Unité_2;Leçon_2A;À la fac;L'université;noun
l’écologie,,ecology ,Leçon_14A,Espaces;Unité_14;Leçon_14A;L'espace vert;L’écologie;noun
l’économie,,economics,Leçon_2A,Espaces;Unité_2;Leçon_2A;À la fac;L'université;noun
l’écotourisme,,ecotourism ,Leçon_14A,Espaces;Unité_14;Leçon_14A;L'espace vert;L’écologie;noun
l’éducation physique,,physical education,Leçon_2A,Espaces;Unité_2;Leçon_2A;À la fac;L'université;noun
l’effet de serre,,greenhouse effect ,Leçon_14A,Espaces;Unité_14;Leçon_14A;L'espace vert;L’écologie;noun
l’embrayage,,clutch,Leçon_11B,Espaces;Unité_11;Leçon_11B;La technologie;La voiture;noun
l’énergie nucléaire,,nuclear energy ,Leçon_14A,Espaces;Unité_14;Leçon_14A;L'espace vert;L’écologie;noun
l’énergie solaire,,solar energy ,Leçon_14A,Espaces;Unité_14;Leçon_14A;L'espace vert;L’écologie;noun
l’enfance,,childhood ,Leçon_6A,Espaces;Unité_6;Leçon_6A;Les fêtes;Périodes de la vie;noun
l’environnement,,environment ,Leçon_14A,Espaces;Unité_14;Leçon_14A;L'espace vert;L’écologie;noun
l’essence,,gas,Leçon_11B,Espaces;Unité_11;Leçon_11B;La technologie;La voiture;noun
l’état civil,,marital status ,Leçon_6A,Espaces;Unité_6;Leçon_6A;Les fêtes;Périodes de la vie;noun
l’été,,summer ,Leçon_5B,"Espaces;Unité_5;Leçon_5B;Les loisirs;Les saisons, les mois, les dates;noun"
l’extinction,,extinction ,Leçon_14A,Espaces;Unité_14;Leçon_14A;L'espace vert;L’écologie;noun
l’herbe,,grass ,Leçon_14B,Espaces;Unité_14;Leçon_14B;L'espace vert;La nature;noun
l’histoire,,history,Leçon_2A,Espaces;Unité_2;Leçon_2A;À la fac;L'université;noun
l’hiver,,winter ,Leçon_5B,"Espaces;Unité_5;Leçon_5B;Les loisirs;Les saisons, les mois, les dates;noun"
l’huile ,,oil ,Leçon_11B,Espaces;Unité_11;Leçon_11B;La technologie;La voiture
l’huile d’olive,,olive oil ,Leçon_9B,Espaces;Unité_9;Leçon_9B;La nourriture;À table!;noun
l’informatique,,computer science,Leçon_2A,Espaces;Unité_2;Leçon_2A;À la fac;L'université;noun
là,,there  ,Leçon_1A,Espaces;Unité_1;Leçon_1A;Salut!;Identifier;adverb
la Belgique,,in Belgium,Leçon_7A,Espaces;Unité_7;Leçon_7A;En vacances;Les pays;phrase
la biologie,,biology,Leçon_2A,Espaces;Unité_2;Leçon_2A;À la fac;L'université;noun
la bouche,,mouth,Leçon_10A,Espaces;Unité_10;Leçon_10A;La santé;Le corps;noun
la campagne,,country(side),Leçon_7A,Espaces;Unité_7;Leçon_7A;En vacances;Partir en voyage;noun
la chasse,,hunt,Leçon_14A,Espaces;Unité_14;Leçon_14A;L'espace vert;L’écologie;noun
la chimie,,chemistry,Leçon_2A,Espaces;Unité_2;Leçon_2A;À la fac;L'université;noun
la Chine,,in China,Leçon_7A,Espaces;Unité_7;Leçon_7A;En vacances;Les pays;phrase
la circulation,,traffic,Leçon_11B,Espaces;Unité_11;Leçon_11B;La technologie;La voiture;noun
la confiture,,jam,Leçon_9A,Espaces;Unité_9;Leçon_9A;La nourriture;Autres aliments;noun
la crème,,cream,Leçon_9B,Espaces;Unité_9;Leçon_9B;La nourriture;À table!;noun
la crème à raser,,shaving cream,Leçon_10A,Espaces;Unité_10;Leçon_10A;La santé;Dans la salle de bains;noun
la fin,,end,Leçon_15A,Espaces;Unité_15;Leçon_15A;Les arts;Aller au spectacle;noun
la France,,in France,Leçon_7A,Espaces;Unité_7;Leçon_7A;En vacances;Les pays;phrase
la géographie,,geography,Leçon_2A,Espaces;Unité_2;Leçon_2A;À la fac;L'université;noun
la gestion,,business administration,Leçon_2A,Espaces;Unité_2;Leçon_2A;À la fac;L'université;noun
la glace,,ice cream,Leçon_6A,Espaces;Unité_6;Leçon_6A;Les fêtes;noun
la gorge,,throat,Leçon_10A,Espaces;Unité_10;Leçon_10A;La santé;Le corps;noun
la grippe,,flu ,Leçon_10B,Espaces;Unité_10;Leçon_10B;La santé;noun
la jeunesse,,youth,Leçon_6A,Espaces;Unité_6;Leçon_6A;Les fêtes;Périodes de la vie;noun
la jungle,,jungle,Leçon_14B,Espaces;Unité_14;Leçon_14B;L'espace vert;La nature;noun
la leur,,theirs (f. sing.),Leçon_15A,Espaces;Unité_15;Leçon_15A;Les arts;Possessive pronouns;pronoun
la limitation de vitesse,,speed limit,Leçon_11B,Espaces;Unité_11;Leçon_11B;La technologie;La voiture;noun
la littérature,,literature,Leçon_1A,Espaces;Unité_1;Leçon_1A;Salut!;Le campus;noun
la Lune,,moon ,Leçon_14B,Espaces;Unité_14;Leçon_14B;L'espace vert;La nature;noun
la matinée,,morning,Leçon_2B,Espaces;Unité_2;Leçon_2B;À la fac;Expressions de temps;noun
la mayonnaise,,mayonnaise,Leçon_9B,Espaces;Unité_9;Leçon_9B;La nourriture;À table!;noun
la meilleure,,best (f. sing.),Leçon_9B,Espaces;Unité_9;Leçon_9B;La nourriture;Comparatives and superlatives;adjective
la mer,,sea,Leçon_7A,Espaces;Unité_7;Leçon_7A;En vacances;Les vacances;noun
la messagerie,,voicemail,Leçon_13A,Espaces;Unité_13;Leçon_13A;L'avenir et les métiers;Au téléphone;noun
la météo,,weather,Leçon_15B,Espaces;Unité_15;Leçon_15B;Les arts;Le cinéma et la télévision;noun
la mienne,,mine (f. sing.),Leçon_15A,Espaces;Unité_15;Leçon_15A;Les arts;Possessive pronouns;pronoun
la mort,,death,Leçon_6A,Espaces;Unité_6;Leçon_6A;Les fêtes;Périodes de la vie;noun
la moutarde,,mustard,Leçon_9B,Espaces;Unité_9;Leçon_9B;La nourriture;À table!;noun
la naissance,,birth ,Leçon_6A,Espaces;Unité_6;Leçon_6A;Les fêtes;Périodes de la vie;noun
la nature,,nature,Leçon_14B,Espaces;Unité_14;Leçon_14B;L'espace vert;La nature;noun
la nôtre,,ours (f. sing.),Leçon_15A,Espaces;Unité_15;Leçon_15A;Les arts;Possessive pronouns;pronoun
la nourriture,,"food, sustenance",Leçon_9A,Espaces;Unité_9;Leçon_9A;La nourriture;Autres aliments;noun
la peau,,skin,Leçon_10A,Espaces;Unité_10;Leçon_10A;La santé;Le corps;noun
la philosophie,,philosophy,Leçon_2A,Espaces;Unité_2;Leçon_2A;À la fac;L'université;noun
la physique,,physics,Leçon_2A,Espaces;Unité_2;Leçon_2A;À la fac;L'université;noun
la pire,,worst (f. sing.),Leçon_9B,Espaces;Unité_9;Leçon_9B;La nourriture;Comparatives and superlatives;adjective
la pluie acide,,acid rain,Leçon_14A,Espaces;Unité_14;Leçon_14A;L'espace vert;L’écologie;noun
la plus mauvaise,,worst (f. sing.),Leçon_9B,Espaces;Unité_9;Leçon_9B;La nourriture;Comparatives and superlatives;adjective
la poitrine,,chest,Leçon_10A,Espaces;Unité_10;Leçon_10A;La santé;Le corps;noun
la pollution,,pollution  ,Leçon_14A,Espaces;Unité_14;Leçon_14A;L'espace vert;L’écologie;noun
la préservation,,protection,Leçon_14A,Espaces;Unité_14;Leçon_14A;L'espace vert;L’écologie;noun
la protection,,protection,Leçon_14A,Espaces;Unité_14;Leçon_14A;L'espace vert;L’écologie;noun
la psychologie,,psychology,Leçon_2A,Espaces;Unité_2;Leçon_2A;À la fac;L'université;noun
la réception,,reception desk,Leçon_7B,Espaces;Unité_7;Leçon_7B;En vacances;Faire une réservation;noun
la sienne,,hers/its (sing.),Leçon_15A,Espaces;Unité_15;Leçon_15A;Les arts;Possessive pronouns;pronoun
la sociologie,,sociology,Leçon_1A,Espaces;Unité_1;Leçon_1A;Salut!;Le campus;noun
la Suisse,,in Switzerland,Leçon_7A,Espaces;Unité_7;Leçon_7A;En vacances;Les pays;phrase
la surpopulation,,overpopulation,Leçon_14A,Espaces;Unité_14;Leçon_14A;L'espace vert;L’écologie;noun
la taille,,waist,Leçon_10A,Espaces;Unité_10;Leçon_10A;La santé;Le corps;noun
la télévision ,,television,Leçon_1A,Espaces;Unité_1;Leçon_1A;Salut!;Le campus;noun
la tête,,head,Leçon_10A,Espaces;Unité_10;Leçon_10A;La santé;Le corps;noun
la tienne,,yours (f. fam. sing.),Leçon_15A,Espaces;Unité_15;Leçon_15A;Les arts;Possessive pronouns;pronoun
la viande,,meat  ,Leçon_9A,Espaces;Unité_9;Leçon_9A;La nourriture;Les viandes et les poissons;noun
la vie,,life,Leçon_6A,Espaces;Unité_6;Leçon_6A;Les fêtes;Périodes de la vie;noun
la vieillesse,,old age,Leçon_6A,Espaces;Unité_6;Leçon_6A;Les fêtes;Périodes de la vie;noun
la vôtre,,yours (f. form. pl.),Leçon_15A,Espaces;Unité_15;Leçon_15A;Les arts;Possessive pronouns;pronoun
là-bas,,over there,Leçon_1A,Espaces;Unité_1;Leçon_1A;Salut!;Identifier;adverb
laid ,,ugly (m.),Leçon_3A,Espaces;Unité_3;Leçon_3A;La famille et les copains;Adjectifs descriptifs;adjective
laide,,ugly (f.),Leçon_3A,Espaces;Unité_3;Leçon_3A;La famille et les copains;Adjectifs descriptifs;adjective
laisser un message,,to leave a message,Leçon_13A,Espaces;Unité_13;Leçon_13A;L'avenir et les métiers;Au téléphone;phrase
laisser un pourboire,,to leave a tip,Leçon_4B,Espaces;Unité_4;Leçon_4B;Au café;phrase
l'Angleterre,,in England,Leçon_7A,Espaces;Unité_7;Leçon_7A;En vacances;Les pays;phrase
laquelle,,which one (f. sing.),Leçon_13A,Espaces;Unité_13;Leçon_13A;L'avenir et les métiers;Vocabulaire supplémentaire;pronoun
large,,loose; big,Leçon_6B,Espaces;Unité_6;Leçon_6B;Les fêtes;Les vêtements;adjective
laver,,to wash,Leçon_8B,Espaces;Unité_8;Leçon_8B;Chez nous;Les tâches ménagères;verb
le baseball,,baseball,Leçon_5A,Espaces;Unité_5;Leçon_5A;Les loisirs;Activités sportives et loisirs;noun
le basket ,,basketball,Leçon_5A,Espaces;Unité_5;Leçon_5A;Les loisirs;Activités sportives et loisirs;noun
le basket-ball,,basketball,Leçon_5A,Espaces;Unité_5;Leçon_5A;Les loisirs;Activités sportives et loisirs;noun
le beurre,,butter,Leçon_4B,Espaces;Unité_4;Leçon_4B;Au café;À table;noun
le bœuf,,beef,Leçon_9A,Espaces;Unité_9;Leçon_9A;La nourriture;Les viandes et les poissons;noun
le bonheur,,happiness,Leçon_6A,Espaces;Unité_6;Leçon_6A;Les fêtes;Les relations;noun
le Brésil,,in Brazil,Leçon_7A,Espaces;Unité_7;Leçon_7A;En vacances;Les pays;phrase
le Canada,,in Canada,Leçon_7A,Espaces;Unité_7;Leçon_7A;En vacances;Les pays;phrase
le champagne,,champagne,Leçon_6A,Espaces;Unité_6;Leçon_6A;Les fêtes;noun
le ciel,,sky,Leçon_14B,Espaces;Unité_14;Leçon_14B;L'espace vert;La nature;noun
le cinéma,,movies,Leçon_5A,Espaces;Unité_5;Leçon_5A;Les loisirs;Activités sportives et loisirs;noun
le cœur,,heart,Leçon_10A,Espaces;Unité_10;Leçon_10A;La santé;Le corps;noun
le combiné,,receiver,Leçon_13A,Espaces;Unité_13;Leçon_13A;L'avenir et les métiers;Au téléphone;noun
le corps,,body,Leçon_10A,Espaces;Unité_10;Leçon_10A;La santé;Le corps;noun
le cou,,neck,Leçon_10A,Espaces;Unité_10;Leçon_10A;La santé;Le corps;noun
le courrier,,mail,Leçon_12A,Espaces;Unité_12;Leçon_12A;En ville;À la poste;noun
le covoiturage,,carpooling,Leçon_14A,Espaces;Unité_14;Leçon_14A;L'espace vert;L’écologie;noun
le déboisement,,deforestation,Leçon_14A,Espaces;Unité_14;Leçon_14A;L'espace vert;L’écologie;noun
le début,,beginning; debut,Leçon_15A,Espaces;Unité_15;Leçon_15A;Les arts;Aller au spectacle;noun
le dentifrice,,toothpaste,Leçon_10A,Espaces;Unité_10;Leçon_10A;La santé;Dans la salle de bains;noun
le dimanche,,on Sundays,Leçon_2B,Espaces;Unité_2;Leçon_2B;À la fac;Expressions de temps;phrase
le dos,,back,Leçon_10A,Espaces;Unité_10;Leçon_10A;La santé;Le corps;noun
le droit,,law,Leçon_2A,Espaces;Unité_2;Leçon_2A;À la fac;L'université;noun
le foot,,soccer,Leçon_5A,Espaces;Unité_5;Leçon_5A;Les loisirs;Activités sportives et loisirs;noun
le football,,soccer,Leçon_5A,Espaces;Unité_5;Leçon_5A;Les loisirs;Activités sportives et loisirs;noun
le football américain,,football,Leçon_5A,Espaces;Unité_5;Leçon_5A;Les loisirs;Activités sportives et loisirs;noun
le gaspillage,,waste,Leçon_14A,Espaces;Unité_14;Leçon_14A;L'espace vert;L’écologie;noun
le golf,,golf,Leçon_5A,Espaces;Unité_5;Leçon_5A;Les loisirs;Activités sportives et loisirs;noun
le gymnase,,gymnasium,Leçon_2A,Espaces;Unité_2;Leçon_2A;À la fac;L'université;noun
le jambon,,ham,Leçon_4B,Espaces;Unité_4;Leçon_4B;Au café;À table;noun
le Japon,,in Japan,Leçon_7A,Espaces;Unité_7;Leçon_7A;En vacances;Les pays;phrase
le jeudi,,on Thursdays,Leçon_2B,Espaces;Unité_2;Leçon_2B;À la fac;Expressions de temps;phrase
le journal,,newspaper,Leçon_7A,Espaces;Unité_7;Leçon_7A;En vacances;Les vacances;noun
le lait,,milk,Leçon_4B,Espaces;Unité_4;Leçon_4B;Au café;À table;noun
le leur,,theirs (m. sing.),Leçon_15A,Espaces;Unité_15;Leçon_15A;Les arts;Possessive pronouns;pronoun
le lundi,,on Mondays,Leçon_2B,Espaces;Unité_2;Leçon_2B;À la fac;Expressions de temps;phrase
le maquillage,,makeup,Leçon_10A,Espaces;Unité_10;Leçon_10A;La santé;Dans la salle de bains;noun
le mardi,,on Tuesdays,Leçon_2B,Espaces;Unité_2;Leçon_2B;À la fac;Expressions de temps;phrase
le meilleur,,best (m. sing.),Leçon_9B,Espaces;Unité_9;Leçon_9B;La nourriture;Comparatives and superlatives;adjective
le mercredi,,on Wednesdays,Leçon_2B,Espaces;Unité_2;Leçon_2B;À la fac;Expressions de temps;phrase
le Mexique,,in Mexico,Leçon_7A,Espaces;Unité_7;Leçon_7A;En vacances;Les pays;phrase
le mien,,mine (m. sing.),Leçon_15A,Espaces;Unité_15;Leçon_15A;Les arts;Possessive pronouns;pronoun
le mieux,,best,Leçon_9B,Espaces;Unité_9;Leçon_9B;La nourriture;Comparatives and superlatives;adjective
le monde,,world,Leçon_7A,Espaces;Unité_7;Leçon_7A;En vacances;Partir en voyage;noun
le nez,,nose,Leçon_10A,Espaces;Unité_10;Leçon_10A;La santé;Le corps;noun
le nôtre,,ours (m. sing.),Leçon_15A,Espaces;Unité_15;Leçon_15A;Les arts;Possessive pronouns;pronoun
le pire,,worst (m. sing.),Leçon_9B,Espaces;Unité_9;Leçon_9B;La nourriture;Comparatives and superlatives;adjective
le plus mauvais,,worst (m. sing.),Leçon_9B,Espaces;Unité_9;Leçon_9B;La nourriture;Comparatives and superlatives;adjective
le poivre,,pepper,Leçon_9B,Espaces;Unité_9;Leçon_9B;La nourriture;À table!;noun
le porc,,pork,Leçon_9A,Espaces;Unité_9;Leçon_9A;La nourriture;Les viandes et les poissons;noun
le printemps,,spring,Leçon_5B,"Espaces;Unité_5;Leçon_5B;Les loisirs;Les saisons, les mois, les dates;noun"
le ramassage des ordures,,garbage collection,Leçon_14A,Espaces;Unité_14;Leçon_14A;L'espace vert;L’écologie;phrase
le réchauffement climatique,,global warming,Leçon_14A,Espaces;Unité_14;Leçon_14A;L'espace vert;L’écologie;phrase
le recyclage,,recycling,Leçon_14A,Espaces;Unité_14;Leçon_14A;L'espace vert;L’écologie;noun
le rez-de-chaussée,,ground floor,Leçon_7B,Espaces;Unité_7;Leçon_7B;En vacances;Faire une réservation;noun
le riz,,rice,Leçon_9A,Espaces;Unité_9;Leçon_9A;La nourriture;Autres aliments;noun
le samedi,,on Saturdays,Leçon_2B,Espaces;Unité_2;Leçon_2B;À la fac;Expressions de temps;phrase
le sauvetage des habitats naturels,,natural habitat preservation,Leçon_14A,Espaces;Unité_14;Leçon_14A;L'espace vert;L’écologie;phrase
le savon,,soap,Leçon_10A,Espaces;Unité_10;Leçon_10A;La santé;Dans la salle de bains;noun
le sel,,salt,Leçon_9B,Espaces;Unité_9;Leçon_9B;La nourriture;À table!;noun
le shampooing,,shampoo,Leçon_10A,Espaces;Unité_10;Leçon_10A;La santé;Dans la salle de bains;noun
le sien,,his/its (sing.),Leçon_15A,Espaces;Unité_15;Leçon_15A;Les arts;Possessive pronouns;pronoun
le sport,,sport,Leçon_5A,Espaces;Unité_5;Leçon_5A;Les loisirs;Activités sportives et loisirs;noun
le stylisme (de mode),,fashion design,Leçon_2A,Espaces;Unité_2;Leçon_2A;À la fac;L'université;noun
le sucre,,sugar,Leçon_4B,Espaces;Unité_4;Leçon_4B;Au café;À table;noun
Le temps est nuageux.,,It is cloudy.,Leçon_5B,Espaces;Unité_5;Leçon_5B;Les loisirs;Le temps qu’il fait;phrase
Le temps est orageux.,,It is stormy.,Leçon_5B,Espaces;Unité_5;Leçon_5B;Les loisirs;Le temps qu’il fait;phrase
le temps libre,,free time,Leçon_5A,Espaces;Unité_5;Leçon_5A;Les loisirs;Activités sportives et loisirs;noun
le tennis,,tennis,Leçon_5A,Espaces;Unité_5;Leçon_5A;Les loisirs;Activités sportives et loisirs;noun
le thon,,tuna,Leçon_9A,Espaces;Unité_9;Leçon_9A;La nourriture;Les viandes et les poissons;noun
le tien,,yours (m. fam. sing.),Leçon_15A,Espaces;Unité_15;Leçon_15A;Les arts;Possessive pronouns;pronoun
le trou dans la couche d’ozone,,hole in the ozone layer,Leçon_14A,Espaces;Unité_14;Leçon_14A;L'espace vert;L’écologie;noun
le vendredi,,on Fridays,Leçon_2B,Espaces;Unité_2;Leçon_2B;À la fac;Expressions de temps;phrase
le ventre,,stomach,Leçon_10A,Espaces;Unité_10;Leçon_10A;La santé;Le corps;noun
le vin,,wine,Leçon_6A,Espaces;Unité_6;Leçon_6A;Les fêtes;noun
le visage,,face,Leçon_10A,Espaces;Unité_10;Leçon_10A;La santé;Le corps;noun
le volley,,volleyball,Leçon_5A,Espaces;Unité_5;Leçon_5A;Les loisirs;Activités sportives et loisirs;noun
le volley-ball,,volleyball,Leçon_5A,Espaces;Unité_5;Leçon_5A;Les loisirs;Activités sportives et loisirs;noun
le vôtre,,yours (m. form. pl.),Leçon_15A,Espaces;Unité_15;Leçon_15A;Les arts;Possessive pronouns;pronoun
le week-end,,the weekend,Leçon_2B,Espaces;Unité_2;Leçon_2B;À la fac;Expressions de temps;noun
le/la/l',,him/her/it,Leçon_7A,Espaces;Unité_7;Leçon_7A;En vacances;Direct object pronouns;pronoun
lent ,,slow (m.),Leçon_3B,Espaces;Unité_3;Leçon_3B;La famille et les copains;Adjectifs descriptifs;adjective
lente,,slow (f.),Leçon_3B,Espaces;Unité_3;Leçon_3B;La famille et les copains;Adjectifs descriptifs;adjective
lequel,,which one (m. sing.),Leçon_13A,Espaces;Unité_13;Leçon_13A;L'avenir et les métiers;Vocabulaire supplémentaire;pronoun
les ,,them ,Leçon_7A,Espaces;Unité_7;Leçon_7A;En vacances;Direct object pronouns;pronoun
les beaux-arts,,fine arts ,Leçon_15B,Espaces;Unité_15;Leçon_15B;Les arts;noun
les billets,,"bills, notes ",Leçon_12A,Espaces;Unité_12;Leçon_12A;En ville;À la banque;noun
les cartes,,cards ,Leçon_5A,Espaces;Unité_5;Leçon_5A;Les loisirs;Activités sportives et loisirs;noun
les chefs-d’œuvre,,masterpiece (pl.),Leçon_15B,Espaces;Unité_15;Leçon_15B;Les arts;noun
les draps,,sheets ,Leçon_8A,Espaces;Unité_8;Leçon_8A;Chez nous;Chez soi;noun
les échecs,,chess,Leçon_5A,Espaces;Unité_5;Leçon_5A;Les loisirs;Activités sportives et loisirs;noun
les enfants,,children,Leçon_3A,Espaces;Unité_3;Leçon_3A;La famille et les copains;La famille;noun
les États-Unis,,in United States,Leçon_7A,Espaces;Unité_7;Leçon_7A;En vacances;Les pays;phrase
les études,,"education, studies",Leçon_2A,Espaces;Unité_2;Leçon_2A;À la fac;L'université;noun
les études supérieures,,higher education,Leçon_2A,Espaces;Unité_2;Leçon_2A;À la fac;L'université;noun
les festivals,,festivals ,Leçon_15A,Espaces;Unité_15;Leçon_15A;Les arts;Aller au spectacle;noun
les freins,,brakes (pl.),Leçon_11B,Espaces;Unité_11;Leçon_11B;La technologie;La voiture;noun
les fruits de mer,,seafood ,Leçon_9A,Espaces;Unité_9;Leçon_9A;La nourriture;Les viandes et les poissons;noun
les grands-parents,,grandparents,Leçon_3A,Espaces;Unité_3;Leçon_3A;La famille et les copains;La famille;noun
les informations,,news ,Leçon_15B,Espaces;Unité_15;Leçon_15B;Les arts;Le cinéma et la télévision;noun
les infos,,news ,Leçon_15B,Espaces;Unité_15;Leçon_15B;Les arts;Le cinéma et la télévision;noun
les langues,,languages,Leçon_2A,Espaces;Unité_2;Leçon_2A;À la fac;L'université;noun
les langues étrangères,,foreign languages,Leçon_2A,Espaces;Unité_2;Leçon_2A;À la fac;L'université;noun
les lettres,,humanities,Leçon_2A,Espaces;Unité_2;Leçon_2A;À la fac;L'université;noun
les leurs,,theirs (pl.),Leçon_15A,Espaces;Unité_15;Leçon_15A;Les arts;Possessive pronouns;pronoun
les mathématiques (maths),,mathematics,Leçon_2A,Espaces;Unité_2;Leçon_2A;À la fac;L'université;noun
les meilleures,,best (f. pl.),Leçon_9B,Espaces;Unité_9;Leçon_9B;La nourriture;Comparatives and superlatives;adjective
les meilleurs,,best (m. pl.),Leçon_9B,Espaces;Unité_9;Leçon_9B;La nourriture;Comparatives and superlatives;adjective
les miennes,,mine (f. pl.),Leçon_15A,Espaces;Unité_15;Leçon_15A;Les arts;Possessive pronouns;pronoun
les miens,,mine (m. pl.),Leçon_15A,Espaces;Unité_15;Leçon_15A;Les arts;Possessive pronouns;pronoun
les nôtres,,ours (pl.),Leçon_15A,Espaces;Unité_15;Leçon_15A;Les arts;Possessive pronouns;pronoun
les nouvelles,,news ,Leçon_15B,Espaces;Unité_15;Leçon_15B;Les arts;Le cinéma et la télévision;noun
les parents,,parents,Leçon_3A,Espaces;Unité_3;Leçon_3A;La famille et les copains;La famille;noun
les petits-enfants,,grandchildren,Leçon_3A,Espaces;Unité_3;Leçon_3A;La famille et les copains;La famille;noun
les phares,,headlights ,Leçon_11B,Espaces;Unité_11;Leçon_11B;La technologie;La voiture;noun
les pièces de monnaie,,coins ,Leçon_12A,Espaces;Unité_12;Leçon_12A;En ville;À la banque;noun
les pires,,worst (pl.),Leçon_9B,Espaces;Unité_9;Leçon_9B;La nourriture;Comparatives and superlatives;adjective
les plus mauvais ,,worst (m. pl.),Leçon_9B,Espaces;Unité_9;Leçon_9B;La nourriture;Comparatives and superlatives;adjective
les plus mauvaises,,worst (f. pl.),Leçon_9B,Espaces;Unité_9;Leçon_9B;La nourriture;Comparatives and superlatives;adjective
les sciences,,science,Leçon_2A,Espaces;Unité_2;Leçon_2A;À la fac;L'université;noun
les sciences po,,political science,Leçon_2A,Espaces;Unité_2;Leçon_2A;À la fac;L'université;noun
les sciences politiques,,political science,Leçon_2A,Espaces;Unité_2;Leçon_2A;À la fac;L'université;noun
les siennes,,hers/its (f. pl.),Leçon_15A,Espaces;Unité_15;Leçon_15A;Les arts;Possessive pronouns;pronoun
les siens,,his/its (m. pl.),Leçon_15A,Espaces;Unité_15;Leçon_15A;Les arts;Possessive pronouns;pronoun
les tiennes,,yours (f. fam. pl.),Leçon_15A,Espaces;Unité_15;Leçon_15A;Les arts;Possessive pronouns;pronoun
les tiens,,yours (m. fam. pl.),Leçon_15A,Espaces;Unité_15;Leçon_15A;Les arts;Possessive pronouns;pronoun
les toilettes,,restrooms (f.),Leçon_8A,Espaces;Unité_8;Leçon_8A;Chez nous;Les parties d'une maison;noun
les urgences,,emergency room,Leçon_10B,Espaces;Unité_10;Leçon_10B;La santé;noun
les variétés ,,popular music ,Leçon_15B,Espaces;Unité_15;Leçon_15B;Les arts;Le cinéma et la télévision;phrase
les vôtres,,yours (form. pl.),Leçon_15A,Espaces;Unité_15;Leçon_15A;Les arts;Possessive pronouns;pronoun
l'Espagne,,in Spain ,Leçon_7A,Espaces;Unité_7;Leçon_7A;En vacances;Les pays;phrase
lesquelles,,which ones (f. pl.),Leçon_13A,Espaces;Unité_13;Leçon_13A;L'avenir et les métiers;Vocabulaire supplémentaire;pronoun
lesquels,,which ones (m. pl.),Leçon_13A,Espaces;Unité_13;Leçon_13A;L'avenir et les métiers;Vocabulaire supplémentaire;pronoun
leur,,their (sing.),Leçon_3A,Espaces;Unité_3;Leçon_3A;La famille et les copains;Possessive adjectives;adjective
leur ,,to/for them,Leçon_6B,Espaces;Unité_6;Leçon_6B;Les fêtes;Indirect object pronouns;pronoun
leurs,,their (pl.),Leçon_3A,Espaces;Unité_3;Leçon_3A;La famille et les copains;Possessive adjectives;adjective
libre,,available,Leçon_7B,Espaces;Unité_7;Leçon_7B;En vacances;Faire une réservation;adjective
lire,,to read,Leçon_7B,Espaces;Unité_7;Leçon_7B;En vacances;Verbes irréguliers;verb
lire les annonces,,to read the want ads ,Leçon_13A,Espaces;Unité_13;Leçon_13A;L'avenir et les métiers;La recherche d’emploi;phrase
l'Irlande,,in Ireland ,Leçon_7A,Espaces;Unité_7;Leçon_7A;En vacances;Les pays;phrase
l'Italie,,in Italy ,Leçon_7A,Espaces;Unité_7;Leçon_7A;En vacances;Les pays;phrase
littéraire,,literary,Leçon_15B,Espaces;Unité_15;Leçon_15B;Les arts;adjective
loin de ,,far from,Leçon_3B,Espaces;Unité_3;Leçon_3B;La famille et les copains;Prepositions of Location;preposition
long ,,long (m.),Leçon_3A,Espaces;Unité_3;Leçon_3A;La famille et les copains;Adjectifs irréguliers;adjective
longtemps,,longtime,Leçon_5A,Espaces;Unité_5;Leçon_5A;Les loisirs;La fréquence;adverb
longue,,long (f.),Leçon_3A,Espaces;Unité_3;Leçon_3A;La famille et les copains;Adjectifs irréguliers;adjective
louer,,to rent,Leçon_8A,Espaces;Unité_8;Leçon_8A;Chez nous;Chez soi;verb
lui,,to/for him/her,Leçon_6B,Espaces;Unité_6;Leçon_6B;Les fêtes;Indirect object pronouns;pronoun
lundi,,Monday,Leçon_2B,Espaces;Unité_2;Leçon_2B;À la fac;Expressions de temps;noun
ma,,my (f. sing.),Leçon_3A,Espaces;Unité_3;Leçon_3A;La famille et les copains;Possessive adjectives;adjective
Madame (Mme),,Ma’am (Mrs.),Leçon_1A,Espaces;Unité_1;Leçon_1A;Salut!;Expressions de la politesse;phrase
Mademoiselle (Mlle),,Miss,Leçon_1A,Espaces;Unité_1;Leçon_1A;Salut!;Expressions de la politesse;phrase
mai,,May,Leçon_5B,"Espaces;Unité_5;Leçon_5B;Les loisirs;Les saisons, les mois, les dates;noun"
maigrir,,to lose weight,Leçon_4B,Espaces;Unité_4;Leçon_4B;Au café;Verbes réguliers en -ir;verb
maintenant,,now,Leçon_5A,Espaces;Unité_5;Leçon_5A;Les loisirs;La fréquence;adverb
maintenir,,to maintain,Leçon_9A,Espaces;Unité_9;Leçon_9A;La nourriture;Verbes;verb
mais non,,but of course not,Leçon_2A,Espaces;Unité_2;Leçon_2A;À la fac;Des questions et des opinions;phrase
mal,,badly,Leçon_7B,Espaces;Unité_7;Leçon_7B;En vacances;Adverbs;adverb
malheureuse,,unhappy (f.),Leçon_3A,Espaces;Unité_3;Leçon_3A;La famille et les copains;Adjectifs irréguliers;adjective
malheureusement,,unfortunately,Leçon_7B,Espaces;Unité_7;Leçon_7B;En vacances;Adverbs;adverb
malheureux,,unhappy (m.),Leçon_3A,Espaces;Unité_3;Leçon_3A;La famille et les copains;Adjectifs irréguliers;adjective
manger,,to eat,Leçon_2A,Espaces;Unité_2;Leçon_2A;À la fac;Verbes;verb
manger quelque chose,,to eat something,Leçon_4B,Espaces;Unité_4;Leçon_4B;Au café;À table;phrase
marcher,,"to walk (person); to work, to function (thing)",Leçon_5A; Leçon_11A,Espaces;Unité_5;Leçon_5A;Les loisirs;Activités sportives et loisirs;verb;Unité_11;Leçon_11A;La technologie;L’électronique
mardi,,Tuesday,Leçon_2B,Espaces;Unité_2;Leçon_2B;À la fac;Expressions de temps;noun
marié,,married (m.),Leçon_3A,Espaces;Unité_3;Leçon_3A;La famille et les copains;Vocabulaire supplémentaire;adjective
mariée,,married (f.),Leçon_3A,Espaces;Unité_3;Leçon_3A;La famille et les copains;Vocabulaire supplémentaire;adjective
marocain,,Moroccan (m.),Leçon_1B,Espaces;Unité_1;Leçon_1B;Salut!;Adjectives of nationality;adjective
marocaine,,Moroccan (f.),Leçon_1B,Espaces;Unité_1;Leçon_1B;Salut!;Adjectives of nationality;adjective
marron,,brown (hair); brown,Leçon_3A; Leçon_6B,Espaces;Unité_3;Leçon_3A;La famille et les copains;Adjectifs irréguliers;adjective;Unité_6;Leçon_6B;Les fêtes;Les couleurs
mars,,March,Leçon_5B,"Espaces;Unité_5;Leçon_5B;Les loisirs;Les saisons, les mois, les dates;noun"
martiniquais,,from Martinique (m.),Leçon_1B,Espaces;Unité_1;Leçon_1B;Salut!;Adjectives of nationality;adjective
martiniquaise,,from Martinique (f.),Leçon_1B,Espaces;Unité_1;Leçon_1B;Salut!;Adjectives of nationality;adjective
mauvais,,bad (m.),Leçon_9B; Leçon_3A,Espaces;Unité_9;Leçon_9B;La nourriture;Comparatives and superlatives;adjective;Unité_3;Leçon_3A;La famille et les copains;Adjectifs descriptifs
mauvaise,,bad (f. sing.),Leçon_9B; Leçon_3A,Espaces;Unité_9;Leçon_9B;La nourriture;Comparatives and superlatives;adjective;Unité_3;Leçon_3A;La famille et les copains;Adjectifs descriptifs
mauvaises,,bad (f. pl.),Leçon_9B,Espaces;Unité_9;Leçon_9B;La nourriture;Comparatives and superlatives;adjective
me,,to/for me,Leçon_6B,Espaces;Unité_6;Leçon_6B;Les fêtes;Indirect object pronouns;pronoun
me/m',,me (sing.),Leçon_7A,Espaces;Unité_7;Leçon_7A;En vacances;Direct object pronouns;pronoun
méchant,,mean (m.),Leçon_3B,Espaces;Unité_3;Leçon_3B;La famille et les copains;Adjectifs descriptifs;adjective
méchante,,mean (f.),Leçon_3B,Espaces;Unité_3;Leçon_3B;La famille et les copains;Adjectifs descriptifs;adjective
meilleur,,better (m. sing.),Leçon_9B,Espaces;Unité_9;Leçon_9B;La nourriture;Comparatives and superlatives;adjective
meilleure,,better (f. sing.),Leçon_9B,Espaces;Unité_9;Leçon_9B;La nourriture;Comparatives and superlatives;adjective
meilleures,,better (f. pl.),Leçon_9B,Espaces;Unité_9;Leçon_9B;La nourriture;Comparatives and superlatives;adjective
meilleurs,,better (m. pl.),Leçon_9B,Espaces;Unité_9;Leçon_9B;La nourriture;Comparatives and superlatives;adjective
Merci beaucoup.,,Thank you very much.,Leçon_1A,Espaces;Unité_1;Leçon_1A;Salut!;Expressions de la politesse;phrase
mercredi,,Wednesday,Leçon_2B,Espaces;Unité_2;Leçon_2B;À la fac;Expressions de temps;noun
mes,,my (pl.),Leçon_3A,Espaces;Unité_3;Leçon_3A;La famille et les copains;Possessive adjectives;adjective
mettre,,to put (on); to place,Leçon_6B,Espaces;Unité_6;Leçon_6B;Les fêtes;Verbes en -re;verb
mettre la table,,to set the table,Leçon_8B,Espaces;Unité_8;Leçon_8B;Chez nous;Les tâches ménagères;phrase
mexicain,,Mexican (m.),Leçon_1B,Espaces;Unité_1;Leçon_1B;Salut!;Adjectives of nationality;adjective
mexicaine,,Mexican (f.),Leçon_1B,Espaces;Unité_1;Leçon_1B;Salut!;Adjectives of nationality;adjective
Mexique,,Mexico ,Leçon_7A,Espaces;Unité_7;Leçon_7A;En vacances;Les pays;noun
midi,,noon,Leçon_2B,Espaces;Unité_2;Leçon_2B;À la fac;Telling time;noun
mieux,,better,Leçon_9B,Espaces;Unité_9;Leçon_9B;La nourriture;Comparatives and superlatives;adjective
mille,,a thousand,Leçon_5B,Espaces;Unité_5;Leçon_5B;Les loisirs;Numbers 101 and higher;adjective
mille cent,,a thousand and one hundred,Leçon_5B,Espaces;Unité_5;Leçon_5B;Les loisirs;Numbers 101 and higher;adjective
minuit,,midnight,Leçon_2B,Espaces;Unité_2;Leçon_2B;À la fac;Telling time;noun
modeste,,"modest, humble",Leçon_3B,Espaces;Unité_3;Leçon_3B;La famille et les copains;Adjectifs descriptifs;adjective
Moi aussi.,,Me too.,Leçon_1A,Espaces;Unité_1;Leçon_1A;Salut!;Comment ça va?;phrase
moi non plus,,me neither,Leçon_2A,Espaces;Unité_2;Leçon_2A;À la fac;Des questions et des opinions;phrase
moins [+ adjective/verb] que,,less…than,Leçon_9B,Espaces;Unité_9;Leçon_9B;La nourriture;Comparatives and superlatives;adverb
moins de + [noun],,less; fewer,Leçon_14B,Espaces;Unité_14;Leçon_14B;L'espace vert;Comparatives and superlatives of nouns;phrase
mon,,my (m. sing.),Leçon_3A,Espaces;Unité_3;Leçon_3A;La famille et les copains;Possessive adjectives;adjective
Monsieur (M.),,Sir (Mr.),Leçon_1A,Espaces;Unité_1;Leçon_1A;Salut!;Expressions de la politesse;phrase
monter,,to go/come up; to get in/on,Leçon_7A; Leçon_12B,Espaces;Unité_7;Leçon_7A;En vacances;Verbes;verb;Unité_12;Leçon_12B;En ville;Retrouver son chemin
mourir,,to die,Leçon_7A,Espaces;Unité_7;Leçon_7A;En vacances;Verbes;verb 
n’est-ce pas?,,isn’t that right?,Leçon_2A,Espaces;Unité_2;Leçon_2A;À la fac;Des questions et des opinions;phrase
nager,,to swim,Leçon_4A,Espaces;Unité_4;Leçon_4A;Au café;Activités;verb
naïf,,naïve (m.),Leçon_3A,Espaces;Unité_3;Leçon_3A;La famille et les copains;Adjectifs irréguliers;adjective
naître,,to be born,Leçon_7A,Espaces;Unité_7;Leçon_7A;En vacances;Verbes;verb 
naïve,,naïve (f.),Leçon_3A,Espaces;Unité_3;Leçon_3A;La famille et les copains;Adjectifs irréguliers;adjective
ne pas croire que...,,not to believe that…,Leçon_15A,Espaces;Unité_15;Leçon_15A;Les arts;Expressions de doute et de certitude;phrase
ne pas penser que...,,not to think that…,Leçon_15A,Espaces;Unité_15;Leçon_15A;Les arts;Expressions de doute et de certitude;phrase
Ne quittez pas.,,Please hold.,Leçon_13A,Espaces;Unité_13;Leçon_13A;L'avenir et les métiers;Au téléphone;phrase
ne... pas,,"no, not",Leçon_2A,Espaces;Unité_2;Leçon_2A;À la fac;Des questions et des opinions;phrase
ne… aucun,,none (not any) (m.),Leçon_12A,Espaces;Unité_12;Leçon_12A;En ville;La négation;adverb
ne… aucune,,none (not any) (f.),Leçon_12A,Espaces;Unité_12;Leçon_12A;En ville;La négation;adverb
ne… jamais,,never (not ever),Leçon_12A,Espaces;Unité_12;Leçon_12A;En ville;La négation;adverb
ne… ni… ni,,neither… nor,Leçon_12A,Espaces;Unité_12;Leçon_12A;En ville;La négation;adverb
ne… personne,,"nobody, no one",Leçon_12A,Espaces;Unité_12;Leçon_12A;En ville;La négation;adverb
ne… plus,,no more (not anymore),Leçon_12A,Espaces;Unité_12;Leçon_12A;En ville;La négation;adverb
ne… que,,only,Leçon_12A,Espaces;Unité_12;Leçon_12A;En ville;La négation;adverb
ne… rien,,nothing (not anything),Leçon_12A,Espaces;Unité_12;Leçon_12A;En ville;La négation;adverb
neiger,,to snow,Leçon_5B,Espaces;Unité_5;Leçon_5B;Les loisirs;Le temps qu’il fait;verb
nerveuse,,nervous (f.),Leçon_3A,Espaces;Unité_3;Leçon_3A;La famille et les copains;Adjectifs irréguliers;adjective
nerveux,,nervous (m.),Leçon_3A,Espaces;Unité_3;Leçon_3A;La famille et les copains;Adjectifs irréguliers;adjective
nettoyer,,to clean,Leçon_5B,Espaces;Unité_5;Leçon_5B;Les loisirs;Verbes;verb
neuf,,nine,Leçon_1B,Espaces;Unité_1;Leçon_1B;Salut!;Numbers 0-60;adjective
neuf cents,,nine hundred,Leçon_5B,Espaces;Unité_5;Leçon_5B;Les loisirs;Numbers 101 and higher;adjective
neuvième,,ninth,Leçon_7B,Espaces;Unité_7;Leçon_7B;En vacances;Ordinal numbers;adjective
noir,,black (m.),Leçon_3A; Leçon_6B,Espaces;Unité_3;Leçon_3A;La famille et les copains;Adjectifs descriptifs;adjective;Unité_6;Leçon_6B;Les fêtes;Les couleurs
noire,,black (f.),Leçon_3A; Leçon_6B,Espaces;Unité_3;Leçon_3A;La famille et les copains;Adjectifs descriptifs;adjective;Unité_6;Leçon_6B;Les fêtes;Les couleurs
non,,no,Leçon_2A,Espaces;Unité_2;Leçon_2A;À la fac;Des questions et des opinions;adverb
nord,,north,Leçon_12B,Espaces;Unité_12;Leçon_12B;En ville;Retrouver son chemin;adjective
nos,,our (pl.),Leçon_3A,Espaces;Unité_3;Leçon_3A;La famille et les copains;Possessive adjectives;adjective
notre,,our (sing.),Leçon_3A,Espaces;Unité_3;Leçon_3A;La famille et les copains;Possessive adjectives;adjective
nous,,we,Leçon_1B,Espaces;Unité_1;Leçon_1B;Salut!;Subject pronouns;pronoun
nous,,to/for us,Leçon_6B,Espaces;Unité_6;Leçon_6B;Les fêtes;Indirect object pronouns;pronoun
nous,,us (pl.),Leçon_7A,Espaces;Unité_7;Leçon_7A;En vacances;Direct object pronouns;pronoun
nouveau,,new (m.),Leçon_3A,Espaces;Unité_3;Leçon_3A;La famille et les copains;Adjectifs irréguliers;adjective
nouvelle,,new (f.),Leçon_3A,Espaces;Unité_3;Leçon_3A;La famille et les copains;Adjectifs irréguliers;adjective
novembre,,November,Leçon_5B,"Espaces;Unité_5;Leçon_5B;Les loisirs;Les saisons, les mois, les dates;noun"
obéir (à),,to obey,Leçon_4B,Espaces;Unité_4;Leçon_4B;Au café;Verbes réguliers en -ir;verb
obtenir,,"to get, to obtain",Leçon_13A,Espaces;Unité_13;Leçon_13A;L'avenir et les métiers;La recherche d’emploi;verb
occupé,,busy (m.),Leçon_1B,Espaces;Unité_1;Leçon_1B;Salut!;Descriptive adjectives;adjective
occupée,,busy (f.),Leçon_1B,Espaces;Unité_1;Leçon_1B;Salut!;Descriptive adjectives;adjective
octobre,,October,Leçon_5B,"Espaces;Unité_5;Leçon_5B;Les loisirs;Les saisons, les mois, les dates;noun"
offrir,,to offer,Leçon_11B,Espaces;Unité_11;Leçon_11B;La technologie;Verbes;verb
oixante-dix-neuf,,seventy-nine,Leçon_3B,Espaces;Unité_3;Leçon_3B;La famille et les copains;Numbers 61-100;adjective
on,,one,Leçon_1B,Espaces;Unité_1;Leçon_1B;Salut!;Subject pronouns;pronoun
onze,,eleven,Leçon_1B,Espaces;Unité_1;Leçon_1B;Salut!;Numbers 0-60;adjective
optimiste,,optimistic,Leçon_1B,Espaces;Unité_1;Leçon_1B;Salut!;Descriptive adjectives;adjective
orange,,orange ,Leçon_6B,Espaces;Unité_6;Leçon_6B;Les fêtes;Les couleurs;adjective
organiser une fête,,to organize a party,Leçon_6A,Espaces;Unité_6;Leçon_6A;Les fêtes;phrase
où,,where,Leçon_13B,Espaces;Unité_13;Leçon_13B;L'avenir et les métiers;Pronoms relatifs;pronoun
où?,,where?,Leçon_4A,Espaces;Unité_4;Leçon_4A;Au café;Les questions;interrogative
oublier,,to forget ,Leçon_2A,Espaces;Unité_2;Leçon_2A;À la fac;Verbes;verb
oublier de,,to forget to do,Leçon_11A,Espaces;Unité_11;Leçon_11A;La technologie;Prepositions with the infinitive;verb
ouest,,west,Leçon_12B,Espaces;Unité_12;Leçon_12B;En ville;Retrouver son chemin;adjective
oui,,yes,Leçon_2A,Espaces;Unité_2;Leçon_2A;À la fac;Des questions et des opinions;adverb
ouvert,,open (m.),Leçon_12A,Espaces;Unité_12;Leçon_12A;En ville;En ville;adjective
ouverte,,open (f.),Leçon_12A,Espaces;Unité_12;Leçon_12A;En ville;En ville;adjective
ouvrir,,to open,Leçon_11B,Espaces;Unité_11;Leçon_11B;La technologie;Verbes;verb
par ,,by,Leçon_3B,Espaces;Unité_3;Leçon_3B;La famille et les copains;Prepositions of Location;preposition
par an,,per year,Leçon_5A,Espaces;Unité_5;Leçon_5A;Les loisirs;La fréquence;adverb
par jour,,per day,Leçon_5A,Espaces;Unité_5;Leçon_5A;Les loisirs;La fréquence;adverb
par mois,,per month,Leçon_5A,Espaces;Unité_5;Leçon_5A;Les loisirs;La fréquence;adverb
par semaine,,per week,Leçon_5A,Espaces;Unité_5;Leçon_5A;Les loisirs;La fréquence;adverb
parce que,,because,Leçon_2A; Leçon_4A,Espaces;Unité_2;Leçon_2A;À la fac;Des questions et des opinions;conjunction;Unité_4;Leçon_4A;Au café;Les questions
Pardon.,,Pardon (me).,Leçon_1A,Espaces;Unité_1;Leçon_1A;Salut!;Expressions de la politesse;phrase
pare-brise,,windshield (pl.),Leçon_11B,Espaces;Unité_11;Leçon_11B;La technologie;La voiture;noun
pare-chocs,,bumpers,Leçon_11B,Espaces;Unité_11;Leçon_11B;La technologie;La voiture;noun
paresseuse,,lazy (f.),Leçon_3B,Espaces;Unité_3;Leçon_3B;La famille et les copains;Adjectifs irréguliers;adjective
paresseux,,lazy (m.),Leçon_3B,Espaces;Unité_3;Leçon_3B;La famille et les copains;Adjectifs irréguliers;adjective
parfois,,sometimes,Leçon_5A; Leçon_8B,Espaces;Unité_5;Leçon_5A;Les loisirs;La fréquence;adverb;Unité_8;Leçon_8B;Chez nous;Expressions that signal a past tense
parler,,to speak,Leçon_2A,Espaces;Unité_2;Leçon_2A;À la fac;Verbes;verb
parler à,,to talk to,Leçon_4A,Espaces;Unité_4;Leçon_4A;Au café;Prepositions;phrase
parler au téléphone,,to speak on the phone,Leçon_2A,Espaces;Unité_2;Leçon_2A;À la fac;Verbes;phrase
partager,,to share,Leçon_2A,Espaces;Unité_2;Leçon_2A;À la fac;Verbes;verb
partir,,to leave,Leçon_5A; Leçon_7A,Espaces;Unité_5;Leçon_5A;Les loisirs;Verbes irréguliers en –ir;verb;Unité_7;Leçon_7A;En vacances;Verbes
partir en vacances,,to go on vacation,Leçon_7A,Espaces;Unité_7;Leçon_7A;En vacances;Les vacances;phrase
pas (de),,"no, none",Leçon_12A,Espaces;Unité_12;Leçon_12A;En ville;La négation;adverb
pas assez de,,not enough of,Leçon_4B,Espaces;Unité_4;Leçon_4B;Au café;Expressions de quantité;adverb
pas du tout,,not at all,Leçon_2A,Espaces;Unité_2;Leçon_2A;À la fac;Des questions et des opinions;phrase
Pas mal.,,Not badly.,Leçon_1A,Espaces;Unité_1;Leçon_1A;Salut!;Comment ça va?;phrase
passer,,to pass by; to spend time,Leçon_7A,Espaces;Unité_7;Leçon_7A;En vacances;Verbes;verb 
passer chez quelqu’un,,to stop by someone’s house,Leçon_4A,Espaces;Unité_4;Leçon_4A;Au café;Activités;phrase
passer l'aspirateur,,to vacuum,Leçon_8B,Espaces;Unité_8;Leçon_8B;Chez nous;Les tâches ménagères;phrase
passer un entretien,,to have an interview,Leçon_13A,Espaces;Unité_13;Leçon_13A;L'avenir et les métiers;La recherche d’emploi;phrase
passer un examen,,to take an exam,Leçon_2B,Espaces;Unité_2;Leçon_2B;À la fac;L'université;phrase
patient,,patient (m.),Leçon_1B,Espaces;Unité_1;Leçon_1B;Salut!;Descriptive adjectives;adjective
patiente,,patient (f.),Leçon_1B,Espaces;Unité_1;Leçon_1B;Salut!;Descriptive adjectives;adjective
patienter,,"to wait (on the phone), to be on hold",Leçon_13A,Espaces;Unité_13;Leçon_13A;L'avenir et les métiers;Au téléphone;verb
patiner,,to skate,Leçon_4A,Espaces;Unité_4;Leçon_4A;Au café;Activités;verb
pauvre,,"poor, unfortunate",Leçon_3A,Espaces;Unité_3;Leçon_3A;La famille et les copains;Adjectifs descriptifs;adjective
payer,,to pay,Leçon_5B,Espaces;Unité_5;Leçon_5B;Les loisirs;Verbes;verb
payer en liquide,,to pay in cash,Leçon_12A,Espaces;Unité_12;Leçon_12A;En ville;À la banque;phrase
payer par carte (de crédit),,to pay by credit card,Leçon_12A,Espaces;Unité_12;Leçon_12A;En ville;À la banque;phrase
payer par chèque,,to pay by check,Leçon_12A,Espaces;Unité_12;Leçon_12A;En ville;À la banque;phrase
pendant (que),,"during, while",Leçon_7B,Espaces;Unité_7;Leçon_7B;En vacances;Adverbes et locutions de temps;adverb
pendant [+ time],,for,Leçon_9A,Espaces;Unité_9;Leçon_9A;La nourriture;Autres mots et locutions;adverb
pénible,,tiresome,Leçon_3B,Espaces;Unité_3;Leçon_3B;La famille et les copains;Adjectifs descriptifs;adjective
penser,,to think,Leçon_2A,Espaces;Unité_2;Leçon_2A;À la fac;Verbes;verb
penser (que/qu'…),,to think (that…),Leçon_15A; Leçon_2A,Espaces;Unité_15;Leçon_15A;Les arts;Expressions de doute et de certitude;phrase;Unité_2;Leçon_2A;À la fac;Verbes;verb
penser à,,to think about,Leçon_4A,Espaces;Unité_4;Leçon_4A;Au café;Prepositions;phrase
perdre,,to lose,Leçon_6B,Espaces;Unité_6;Leçon_6B;Les fêtes;Verbes en -re;verb
perdre son temps,,to waste one's time,Leçon_6B,Espaces;Unité_6;Leçon_6B;Les fêtes;Verbes en -re;phrase
permettre,,to allow,Leçon_6B,Espaces;Unité_6;Leçon_6B;Les fêtes;Verbes en -re;verb
permettre de,,to take the liberty of doing,Leçon_11A,Espaces;Unité_11;Leçon_11A;La technologie;Prepositions with the infinitive;phrase
personne,,no one,Leçon_12A,Espaces;Unité_12;Leçon_12A;En ville;La négation;adverb
pessimiste,,pessimistic,Leçon_1B,Espaces;Unité_1;Leçon_1B;Salut!;Descriptive adjectives;adjective
petit,,"small, short (stature) (m.)",Leçon_3A,Espaces;Unité_3;Leçon_3A;La famille et les copains;Adjectifs descriptifs;adjective
petite,,"small, short (stature) (f.)",Leçon_3A,Espaces;Unité_3;Leçon_3A;La famille et les copains;Adjectifs descriptifs;adjective
peu,,little,Leçon_7B,Espaces;Unité_7;Leçon_7B;En vacances;Adverbs;adverb
peut-être,,"maybe, perhaps",Leçon_2A,Espaces;Unité_2;Leçon_2A;À la fac;Des questions et des opinions;adverb
pile,,"sharp, on the dot",Leçon_2B,Espaces;Unité_2;Leçon_2B;À la fac;Telling time;adverb
pire,,worse (sing.),Leçon_9B,Espaces;Unité_9;Leçon_9B;La nourriture;Comparatives and superlatives;adjective
pires,,worse (pl.),Leçon_9B,Espaces;Unité_9;Leçon_9B;La nourriture;Comparatives and superlatives;adjective
pleuvoir,,to rain,Leçon_5B,Espaces;Unité_5;Leçon_5B;Les loisirs;Le temps qu’il fait;verb
plus [+ adjective/verb] que,,more…than,Leçon_9B,Espaces;Unité_9;Leçon_9B;La nourriture;Comparatives and superlatives;adverb
plus de + [noun],,more,Leçon_14B,Espaces;Unité_14;Leçon_14B;L'espace vert;Comparatives and superlatives of nouns;phrase
plus mauvais,,worse (m.),Leçon_9B,Espaces;Unité_9;Leçon_9B;La nourriture;Comparatives and superlatives;adjective
plus mauvaise,,worse (f. sing.),Leçon_9B,Espaces;Unité_9;Leçon_9B;La nourriture;Comparatives and superlatives;adjective
plus mauvaises,,worse (f. pl.),Leçon_9B,Espaces;Unité_9;Leçon_9B;La nourriture;Comparatives and superlatives;adjective
plusieurs,,several,Leçon_4B,Espaces;Unité_4;Leçon_4B;Au café;Expressions de quantité;adverb
poli,,polite(m.),Leçon_1B,Espaces;Unité_1;Leçon_1B;Salut!;Descriptive adjectives;adjective
polie,,polite (f.),Leçon_1B,Espaces;Unité_1;Leçon_1B;Salut!;Descriptive adjectives;adjective
polluer,,to pollute,Leçon_14A,Espaces;Unité_14;Leçon_14A;L'espace vert;L’écologie;verb
porter,,to wear,Leçon_6B,Espaces;Unité_6;Leçon_6B;Les fêtes;Les vêtements;verb
posséder,,"to possess, to own",Leçon_5B,Espaces;Unité_5;Leçon_5B;Les loisirs;Verbes;verb
poster une lettre,,to mail a letter,Leçon_12A,Espaces;Unité_12;Leçon_12A;En ville;À la poste;phrase
postuler,,to apply,Leçon_13A,Espaces;Unité_13;Leçon_13A;L'avenir et les métiers;La recherche d’emploi;verb
pour que...,,so that…,Leçon_15B,Espaces;Unité_15;Leçon_15B;Les arts;Conjonctions suivies du subjonctif;phrase
pour qui?,,for whom?,Leçon_4A,Espaces;Unité_4;Leçon_4A;Au café;Les questions;phrase
pourquoi?,,why?,Leçon_2A; Leçon_4A,Espaces;Unité_2;Leçon_2A;À la fac;Des questions et des opinions;interrogative;Unité_4;Leçon_4A;Au café;Les questions
pouvoir,,to be able to (can),Leçon_9A; Leçon_11A,Espaces;Unité_9;Leçon_9A;La nourriture;Verbes;verb;Unité_11;Leçon_11A;La technologie;Prepositions with the infinitive
pratiquer,,"to play regularly, to practice",Leçon_5A,Espaces;Unité_5;Leçon_5A;Les loisirs;Activités sportives et loisirs;verb
préférer,,to prefer,Leçon_5B; Leçon_11A,Espaces;Unité_5;Leçon_5B;Les loisirs;Verbes;verb;Unité_11;Leçon_11A;La technologie;Prepositions with the infinitive
préférer que...,,to prefer that…,Leçon_14B,Espaces;Unité_14;Leçon_14B;L'espace vert;Verbes de volonté;phrase
premier,,first (m.),Leçon_2B; Leçon_7B,Espaces;Unité_2;Leçon_2B;À la fac;Expressions de temps;adjective;Unité_7;Leçon_7B;En vacances;Ordinal numbers
première,,first (f.),Leçon_2B; Leçon_7B,Espaces;Unité_2;Leçon_2B;À la fac;Expressions de temps;adjective;Unité_7;Leçon_7B;En vacances;Ordinal numbers
prendre,,to take; to have,Leçon_4B,Espaces;Unité_4;Leçon_4B;Au café;Verbes;verb
prendre (un) rendez-vous,,to make an appointment,Leçon_13A,Espaces;Unité_13;Leçon_13A;L'avenir et les métiers;La recherche d’emploi;phrase
prendre sa retraite,,to retire,Leçon_6A,Espaces;Unité_6;Leçon_6A;Les fêtes;Périodes de la vie;phrase
prendre un (auto)bus,,to take a bus,Leçon_7A,Espaces;Unité_7;Leçon_7A;En vacances;Les vacances;phrase
prendre un avion,,to take a plane,Leçon_7A,Espaces;Unité_7;Leçon_7A;En vacances;Les vacances;phrase
prendre un bateau,,to take a boat,Leçon_7A,Espaces;Unité_7;Leçon_7A;En vacances;Les vacances;phrase
prendre un congé,,to take time off,Leçon_13B,Espaces;Unité_13;Leçon_13B;L'avenir et les métiers;Au travail;phrase
prendre un taxi,,to take a taxi,Leçon_7A,Espaces;Unité_7;Leçon_7A;En vacances;Les vacances;phrase
prendre un train,,to take a train,Leçon_7A,Espaces;Unité_7;Leçon_7A;En vacances;Les vacances;phrase
prendre une douche,,to take a shower,Leçon_10A,Espaces;Unité_10;Leçon_10A;La santé;La routine;phrase
préparer,,to prepare (for),Leçon_2B,Espaces;Unité_2;Leçon_2B;À la fac;L'université;verb
près (de),,close (to); near,Leçon_12B; Leçon_3B,Espaces;Unité_12;Leçon_12B;En ville;Pour donner des indications;adverb;Unité_3;Leçon_3B;La famille et les copains;Prepositions of Location;preposition
présenter,,to present,Leçon_15A,Espaces;Unité_15;Leçon_15A;Les arts;Aller au spectacle;verb
préserver,,to preserve,Leçon_14A,Espaces;Unité_14;Leçon_14A;L'espace vert;L’écologie;verb
presque,,almost,Leçon_2B,Espaces;Unité_2;Leçon_2B;À la fac;Telling time;adverb
prêt,,ready (m.),Leçon_3B,Espaces;Unité_3;Leçon_3B;La famille et les copains;Adjectifs descriptifs;adjective
prête,,ready (f.),Leçon_3B,Espaces;Unité_3;Leçon_3B;La famille et les copains;Adjectifs descriptifs;adjective
prévenir l’incendie,,to prevent a fire,Leçon_14A,Espaces;Unité_14;Leçon_14A;L'espace vert;L’écologie;phrase
printemps,,in the spring,Leçon_5B,"Espaces;Unité_5;Leçon_5B;Les loisirs;Les saisons, les mois, les dates;phrase"
prochain,,next (m.),Leçon_2B,Espaces;Unité_2;Leçon_2B;À la fac;Expressions de temps;adjective
prochaine,,next (f.),Leçon_2B,Espaces;Unité_2;Leçon_2B;À la fac;Expressions de temps;adjective
produire,,to produce,Leçon_6B,Espaces;Unité_6;Leçon_6B;Les fêtes;Verbes en -re;verb
profiter de quelque chose,,to take advantage of/ to enjoy something,Leçon_15A,Espaces;Unité_15;Leçon_15A;Les arts;Aller au spectacle;phrase
promettre,,to promise,Leçon_6B,Espaces;Unité_6;Leçon_6B;Les fêtes;Verbes en -re;verb
proposer que...,,to propose that…,Leçon_14B,Espaces;Unité_14;Leçon_14B;L'espace vert;Verbes de volonté;phrase
proposer une solution,,to propose a solution,Leçon_14A,Espaces;Unité_14;Leçon_14A;L'espace vert;L’écologie;phrase
propre,,clean,Leçon_8B,Espaces;Unité_8;Leçon_8B;Chez nous;Les tâches ménagères;adjective
protéger,,to protect,Leçon_5B,Espaces;Unité_5;Leçon_5B;Les loisirs;Verbes;verb
publier,,to publish,Leçon_15B,Espaces;Unité_15;Leçon_15B;Les arts;verb
puis,,then,Leçon_7B,Espaces;Unité_7;Leçon_7B;En vacances;Adverbes et locutions de temps;adverb
pur,,pure (m.),Leçon_14A,Espaces;Unité_14;Leçon_14A;L'espace vert;La nature;adjective
pure,,pure (f.),Leçon_14A,Espaces;Unité_14;Leçon_14A;L'espace vert;La nature;adjective
Qu’est-ce que c’est?,,What is it?,Leçon_1B,Espaces;Unité_1;Leçon_1B;Salut!;Identifier;phrase
quand(?),,when(?),Leçon_4A; Leçon_13A,Espaces;Unité_4;Leçon_4A;Au café;Les questions;interrogative;Unité_13;Leçon_13A;L'avenir et les métiers;Vocabulaire supplémentaire;conjunction
quarante,,forty,Leçon_1B,Espaces;Unité_1;Leçon_1B;Salut!;Numbers 0-60;adjective
quatorze,,fourteen,Leçon_1B,Espaces;Unité_1;Leçon_1B;Salut!;Numbers 0-60;adjective
quatre,,four,Leçon_1B,Espaces;Unité_1;Leçon_1B;Salut!;Numbers 0-60;adjective
quatre cents,,four hundred,Leçon_5B,Espaces;Unité_5;Leçon_5B;Les loisirs;Numbers 101 and higher;adjective
quatre-vingt-cinq,,eighty-five,Leçon_3B,Espaces;Unité_3;Leçon_3B;La famille et les copains;Numbers 61-100;adjective
quatre-vingt-deux,,eighty-two,Leçon_3B,Espaces;Unité_3;Leçon_3B;La famille et les copains;Numbers 61-100;adjective
quatre-vingt-dix,,ninety,Leçon_3B,Espaces;Unité_3;Leçon_3B;La famille et les copains;Numbers 61-100;adjective
quatre-vingt-dix-huit,,ninety-eight,Leçon_3B,Espaces;Unité_3;Leçon_3B;La famille et les copains;Numbers 61-100;adjective
quatre-vingt-dix-neuf,,ninety-nine,Leçon_3B,Espaces;Unité_3;Leçon_3B;La famille et les copains;Numbers 61-100;adjective
quatre-vingt-dix-sept,,ninety-seven,Leçon_3B,Espaces;Unité_3;Leçon_3B;La famille et les copains;Numbers 61-100;adjective
quatre-vingt-douze,,ninety-two,Leçon_3B,Espaces;Unité_3;Leçon_3B;La famille et les copains;Numbers 61-100;adjective
quatre-vingt-huit,,eighty-eight,Leçon_3B,Espaces;Unité_3;Leçon_3B;La famille et les copains;Numbers 61-100;adjective
quatre-vingt-neuf,,eighty-nine,Leçon_3B,Espaces;Unité_3;Leçon_3B;La famille et les copains;Numbers 61-100;adjective
quatre-vingt-onze,,ninety-one,Leçon_3B,Espaces;Unité_3;Leçon_3B;La famille et les copains;Numbers 61-100;adjective
quatre-vingt-quatorze,,ninety-four,Leçon_3B,Espaces;Unité_3;Leçon_3B;La famille et les copains;Numbers 61-100;adjective
quatre-vingt-quatre,,eighty-four,Leçon_3B,Espaces;Unité_3;Leçon_3B;La famille et les copains;Numbers 61-100;adjective
quatre-vingt-quinze,,ninety-five,Leçon_3B,Espaces;Unité_3;Leçon_3B;La famille et les copains;Numbers 61-100;adjective
quatre-vingts,,eighty,Leçon_3B,Espaces;Unité_3;Leçon_3B;La famille et les copains;Numbers 61-100;adjective
quatre-vingt-seize,,ninety-six,Leçon_3B,Espaces;Unité_3;Leçon_3B;La famille et les copains;Numbers 61-100;adjective
quatre-vingt-sept,,eighty-seven,Leçon_3B,Espaces;Unité_3;Leçon_3B;La famille et les copains;Numbers 61-100;adjective
quatre-vingt-six,,eighty-six,Leçon_3B,Espaces;Unité_3;Leçon_3B;La famille et les copains;Numbers 61-100;adjective
quatre-vingt-treize,,ninety-three,Leçon_3B,Espaces;Unité_3;Leçon_3B;La famille et les copains;Numbers 61-100;adjective
quatre-vingt-trois,,eighty-three,Leçon_3B,Espaces;Unité_3;Leçon_3B;La famille et les copains;Numbers 61-100;adjective
quatre-vingt-un,,eighty-one,Leçon_3B,Espaces;Unité_3;Leçon_3B;La famille et les copains;Numbers 61-100;adjective
que,,"that, which",Leçon_13B,Espaces;Unité_13;Leçon_13B;L'avenir et les métiers;Pronoms relatifs;pronoun
que?/qu'…?,,what?,Leçon_4A,Espaces;Unité_4;Leçon_4A;Au café;Les questions;interrogative
québécois,,from Quebec (m.),Leçon_1B,Espaces;Unité_1;Leçon_1B;Salut!;Adjectives of nationality;adjective
québécoise,,from Quebec (f.),Leçon_1B,Espaces;Unité_1;Leçon_1B;Salut!;Adjectives of nationality;adjective
Quel jour sommes-nous?,,What day is it?,Leçon_2B,Espaces;Unité_2;Leçon_2B;À la fac;Expressions de temps;phrase
Quel temps fait-il?,,What is the weather like?,Leçon_5B,Espaces;Unité_5;Leçon_5B;Les loisirs;Le temps qu’il fait;phrase
quel?,,"which?; what?, (m. sing.)",Leçon_4A,Espaces;Unité_4;Leçon_4A;Au café;Les questions;interrogative
Quelle est la date?,,What's the date?,Leçon_5B,"Espaces;Unité_5;Leçon_5B;Les loisirs;Les saisons, les mois, les dates;phrase"
Quelle température fait-il?,,What is the temperature?,Leçon_5B,Espaces;Unité_5;Leçon_5B;Les loisirs;Le temps qu’il fait;phrase
quelle?,,"which?; what?, (f. sing.)",Leçon_4A,Espaces;Unité_4;Leçon_4A;Au café;Les questions;interrogative
quelles?,,"which?; what?, (f. pl.)",Leçon_4A,Espaces;Unité_4;Leçon_4A;Au café;Les questions;interrogative
quelqu’un,,someone,Leçon_12A,Espaces;Unité_12;Leçon_12A;En ville;La négation;noun
quelque chose,,something; anything,Leçon_4B; Leçon_12A,Espaces;Unité_4;Leçon_4B;Au café;Expressions de quantité;adverb;Unité_12;Leçon_12A;En ville;La négation;noun
quelques,,something,Leçon_4B,Espaces;Unité_4;Leçon_4B;Au café;Expressions de quantité;adjective
quels?,,"which?; what?, (m. pl.)",Leçon_4A,Espaces;Unité_4;Leçon_4A;Au café;Les questions;interrogative
Qui est à l’appareil?,,Who’s calling please?,Leçon_13A,Espaces;Unité_13;Leçon_13A;L'avenir et les métiers;Au téléphone;phrase
Qui est-ce?,,Who is it?,Leçon_1A,Espaces;Unité_1;Leçon_1A;Salut!;Identifier;phrase
qui(?),,"who, that, which; who?; whom?",Leçon_13B; Leçon_4A,Espaces;Unité_13;Leçon_13B;L'avenir et les métiers;Pronoms relatifs;pronoun;Unité_4;Leçon_4A;Au café;Les questions;interrogative
quinze,,fifteen,Leçon_1B,Espaces;Unité_1;Leçon_1B;Salut!;Numbers 0-60;adjective
quitter la maison,,to leave the house,Leçon_4A,Espaces;Unité_4;Leçon_4A;Au café;Activités;phrase
Quoi?,,What?,Leçon_1A; Leçon_4A,Espaces;Unité_1;Leçon_1A;Salut!;Identifier;interrogative;Unité_4;Leçon_4A;Au café;Les questions
raccrocher,,to hang up,Leçon_13A,Espaces;Unité_13;Leçon_13A;L'avenir et les métiers;Au téléphone;verb
raide,,straight,Leçon_3A,Espaces;Unité_3;Leçon_3A;La famille et les copains;Adjectifs descriptifs;adjective
ranger,,to tidy up; to put away,Leçon_8B,Espaces;Unité_8;Leçon_8B;Chez nous;Les tâches ménagères;verb
rapide,,fast,Leçon_3B,Espaces;Unité_3;Leçon_3B;La famille et les copains;Adjectifs descriptifs;adjective
rarement,,rarely ,Leçon_5A,Espaces;Unité_5;Leçon_5A;Les loisirs;La fréquence;adverb
réagir,,to react,Leçon_4B,Espaces;Unité_4;Leçon_4B;Au café;Verbes réguliers en -ir;verb
récent,,recent (m.),Leçon_15B,Espaces;Unité_15;Leçon_15B;Les arts;adverb
récente,,recent (f.),Leçon_15B,Espaces;Unité_15;Leçon_15B;Les arts;adverb
recevoir,,to receive,Leçon_12A,Espaces;Unité_12;Leçon_12A;En ville;Verbes;verb
recommander que...,,to recommend that…,Leçon_14B,Espaces;Unité_14;Leçon_14B;L'espace vert;Verbes de volonté;phrase
reconnaître,,to recognize,Leçon_8B,Espaces;Unité_8;Leçon_8B;Chez nous;Verbes;verb
recycler,,to recycle,Leçon_14A,Espaces;Unité_14;Leçon_14A;L'espace vert;L’écologie;verb
réduire,,to reduce,Leçon_6B,Espaces;Unité_6;Leçon_6B;Les fêtes;Verbes en -re;verb
réfléchir,,to think (about),Leçon_4B,Espaces;Unité_4;Leçon_4B;Au café;Verbes réguliers en -ir;verb
réfléchir à,,to reflect (on),Leçon_4B,Espaces;Unité_4;Leçon_4B;Au café;Verbes réguliers en -ir;verb
refuser de,,to refuse to,Leçon_11A,Espaces;Unité_11;Leçon_11A;La technologie;Prepositions with the infinitive;phrase
regarder,,"to look (at), to watch",Leçon_2A,Espaces;Unité_2;Leçon_2A;À la fac;Verbes;verb
regretter que…,,to regret that…,Leçon_14B,Espaces;Unité_14;Leçon_14B;L'espace vert;Verbs and expressions of emotion;phrase
remplir un formulaire,,to fill out a form,Leçon_12A,Espaces;Unité_12;Leçon_12A;En ville;En ville;phrase
rencontrer,,to meet,Leçon_2A,Espaces;Unité_2;Leçon_2A;À la fac;Verbes;verb
rendre (à),,to give back; to return (to),Leçon_6B,Espaces;Unité_6;Leçon_6B;Les fêtes;Verbes en -re;verb
rendre visite (à),,to visit someone,Leçon_6B,Espaces;Unité_6;Leçon_6B;Les fêtes;Verbes en -re;phrase
rentrer,,to return,Leçon_2B; Leçon_7A,Espaces;Unité_2;Leçon_2B;À la fac;L'université;verb;Unité_7;Leçon_7A;En vacances;Verbes
rentrer (dans),,to hit,Leçon_11B,Espaces;Unité_11;Leçon_11B;La technologie;La voiture;verb
rentrer à la maison,,to return home,Leçon_2B,Espaces;Unité_2;Leçon_2B;À la fac;L'université;phrase
renvoyer,,"to dismiss, to let go",Leçon_13B,Espaces;Unité_13;Leçon_13B;L'avenir et les métiers;Au travail;verb
réparer,,to repair,Leçon_11B,Espaces;Unité_11;Leçon_11B;La technologie;La voiture;verb
repasser ,,to iron,Leçon_8B,Espaces;Unité_8;Leçon_8B;Chez nous;Les tâches ménagères;verb
repasser le linge,,to iron the laundry,Leçon_8B,Espaces;Unité_8;Leçon_8B;Chez nous;Les tâches ménagères;phrase
répéter,,to repeat; to rehearse,Leçon_5B,Espaces;Unité_5;Leçon_5B;Les loisirs;Verbes;verb
répondre (à),,to respond; to answer (to),Leçon_6B,Espaces;Unité_6;Leçon_6B;Les fêtes;Verbes en -re;verb
réservé,,reserved (m.),Leçon_1B,Espaces;Unité_1;Leçon_1B;Salut!;Descriptive adjectives;adjective
réservée,,reserved (f.),Leçon_1B,Espaces;Unité_1;Leçon_1B;Salut!;Descriptive adjectives;adjective
réserver,,"to reserve, to book",Leçon_7B,Espaces;Unité_7;Leçon_7B;En vacances;Faire une réservation;verb
rester,,to stay,Leçon_7A,Espaces;Unité_7;Leçon_7A;En vacances;Verbes;verb 
retenir,,"to keep, to retain",Leçon_9A,Espaces;Unité_9;Leçon_9A;La nourriture;Verbes;verb
retirer de l’argent,,to withdraw money,Leçon_12A,Espaces;Unité_12;Leçon_12A;En ville;À la banque;phrase
retourner,,to return,Leçon_7A,Espaces;Unité_7;Leçon_7A;En vacances;Verbes;verb 
retrouver,,to meet up with; to find (again),Leçon_2A,Espaces;Unité_2;Leçon_2A;À la fac;Verbes;verb
réussir (à),,to succeed (in doing something); to manage to,Leçon_4B; Leçon_11A,Espaces;Unité_4;Leçon_4B;Au café;Verbes réguliers en -ir;verb;Unité_11;Leçon_11A;La technologie;Prepositions with the infinitive
revenir,,to come back,Leçon_9A,Espaces;Unité_9;Leçon_9A;La nourriture;Verbes;verb
rêver de,,to dream about/of,Leçon_11A,Espaces;Unité_11;Leçon_11A;La technologie;Prepositions with the infinitive;phrase
rien,,nothing,Leçon_12A,Espaces;Unité_12;Leçon_12A;En ville;La négation;adverb
rire,,to laugh,Leçon_6B,Espaces;Unité_6;Leçon_6B;Les fêtes;Verbes en -re;verb
rose,,pink,Leçon_6B,Espaces;Unité_6;Leçon_6B;Les fêtes;Les couleurs;adjective
rouge,,red,Leçon_6B,Espaces;Unité_6;Leçon_6B;Les fêtes;Les couleurs;adjective
rougir,,to blush,Leçon_4B,Espaces;Unité_4;Leçon_4B;Au café;Verbes réguliers en -ir;verb
rouler en voiture,,to ride in a car,Leçon_7A,Espaces;Unité_7;Leçon_7A;En vacances;Les vacances;phrase
rousse,,red-haired (f.),Leçon_3A,Espaces;Unité_3;Leçon_3A;La famille et les copains;Adjectifs irréguliers;adjective
roux,,red-haired (m.),Leçon_3A,Espaces;Unité_3;Leçon_3A;La famille et les copains;Adjectifs irréguliers;adjective
s’adorer,,to adore one another,Leçon_11A,Espaces;Unité_11;Leçon_11A;La technologie;Verbes pronominaux réciproques;verb
s’aider,,to help one another,Leçon_11A,Espaces;Unité_11;Leçon_11A;La technologie;Verbes pronominaux réciproques;verb
s’aimer,,to love one another,Leçon_11A,Espaces;Unité_11;Leçon_11A;La technologie;Verbes pronominaux réciproques;verb
s’aimer bien,,to like one another,Leçon_11A,Espaces;Unité_11;Leçon_11A;La technologie;Verbes pronominaux réciproques;verb
s’amuser,,"to play, to have fun",Leçon_10A,Espaces;Unité_10;Leçon_10A;La santé;Verbes pronominaux;verb
s’apercevoir,,to notice; to realize,Leçon_12A,Espaces;Unité_12;Leçon_12A;En ville;Verbes;verb
s’appeler,,to be called,Leçon_10A,Espaces;Unité_10;Leçon_10A;La santé;Verbes pronominaux;verb
s’arrêter,,to stop,Leçon_10A,Espaces;Unité_10;Leçon_10A;La santé;Verbes pronominaux;verb
s’asseoir,,to sit down,Leçon_10A,Espaces;Unité_10;Leçon_10A;La santé;Verbes pronominaux;verb
s’écrire,,to write one another,Leçon_11A,Espaces;Unité_11;Leçon_11A;La technologie;Verbes pronominaux réciproques;verb
s’embrasser,,to kiss one another,Leçon_11A,Espaces;Unité_11;Leçon_11A;La technologie;Verbes pronominaux réciproques;verb
s’endormir,,"to go to sleep, to fall asleep",Leçon_10A,Espaces;Unité_10;Leçon_10A;La santé;La routine;verb
s’énerver,,"to get worked up, to become upset",Leçon_10A,Espaces;Unité_10;Leçon_10A;La santé;Verbes pronominaux;verb
s’ennuyer,,to get bored,Leçon_10A,Espaces;Unité_10;Leçon_10A;La santé;Verbes pronominaux;verb
s’entendre bien (avec),,to get along well (with/with one another),Leçon_11A; Leçon_10A,Espaces;Unité_11;Leçon_11A;La technologie;Verbes pronominaux réciproques;phrase;Unité_10;Leçon_10A;La santé;Verbes pronominaux
s’habiller,,to get dressed,Leçon_10A,Espaces;Unité_10;Leçon_10A;La santé;La routine;verb
S’il te plaît.,,Please. (fam.),Leçon_1A,Espaces;Unité_1;Leçon_1A;Salut!;Expressions de la politesse;phrase
S’il vous plaît.,,Please. (form.),Leçon_1A,Espaces;Unité_1;Leçon_1A;Salut!;Expressions de la politesse;phrase
s’inquiéter,,to worry,Leçon_10A,Espaces;Unité_10;Leçon_10A;La santé;Verbes pronominaux;verb
s’intéresser (à),,to be interested (in),Leçon_10A,Espaces;Unité_10;Leçon_10A;La santé;Verbes pronominaux;verb
s’occuper (de),,"to take care of, to keep oneself busy",Leçon_10A,Espaces;Unité_10;Leçon_10A;La santé;Verbes pronominaux;verb
s’orienter,,to get one’s bearings,Leçon_12B,Espaces;Unité_12;Leçon_12B;En ville;Retrouver son chemin;verb
sa,,his/her/its (f. sing.),Leçon_3A,Espaces;Unité_3;Leçon_3A;La famille et les copains;Possessive adjectives;adjective
sain,,healthy (m.),Leçon_10B,Espaces;Unité_10;Leçon_10B;La santé;adjective
saine,,healthy (f.),Leçon_10B,Espaces;Unité_10;Leçon_10B;La santé;adjective
sale,,dirty,Leçon_8B,Espaces;Unité_8;Leçon_8B;Chez nous;Les tâches ménagères;adjective
salir,,"to soil, to make dirty",Leçon_8B,Espaces;Unité_8;Leçon_8B;Chez nous;Les tâches ménagères;verb
Salut!,,Hi!; Bye!,Leçon_1A,Espaces;Unité_1;Leçon_1A;Salut!;Bonjour et au revoir;phrase
samedi,,Saturday,Leçon_2B,Espaces;Unité_2;Leçon_2B;À la fac;Expressions de temps;noun
s'amuser à,,to pass time by,Leçon_11A,Espaces;Unité_11;Leçon_11A;La technologie;Prepositions with the infinitive;phrase
sans que...,,without…,Leçon_15B,Espaces;Unité_15;Leçon_15B;Les arts;Conjonctions suivies du subjonctif;phrase
sauvegarder,,to save,Leçon_11A,Espaces;Unité_11;Leçon_11A;La technologie;L'ordinateur;verb
sauver la planète,,to save the planet,Leçon_14A,Espaces;Unité_14;Leçon_14A;L'espace vert;L’écologie;phrase
savoir,,"to know (facts), to know how to do something",Leçon_8B; Leçon_11A,Espaces;Unité_8;Leçon_8B;Chez nous;Verbes;verb;Unité_11;Leçon_11A;La technologie;Prepositions with the infinitive
savoir que...,,to know that…,Leçon_15A,Espaces;Unité_15;Leçon_15A;Les arts;Expressions de doute et de certitude;phrase
se blesser,,to hurt oneself,Leçon_10B,Espaces;Unité_10;Leçon_10B;La santé;verb
se brosser les cheveux,,to brush one’s hair,Leçon_10A,Espaces;Unité_10;Leçon_10A;La santé;La routine;phrase
se brosser les dents,,to brush one’s teeth,Leçon_10A,Espaces;Unité_10;Leçon_10A;La santé;La routine;phrase
se casser,,to break one’s,Leçon_10B,Espaces;Unité_10;Leçon_10B;La santé;verb
se casser la jambe,,to break one’s leg,Leçon_10B,Espaces;Unité_10;Leçon_10B;La santé;phrase
se casser le bras,,to break one’s arm,Leçon_10B,Espaces;Unité_10;Leçon_10B;La santé;phrase
se coiffer,,to do one’s hair,Leçon_10A,Espaces;Unité_10;Leçon_10A;La santé;La routine;verb
se connaître,,to know one another,Leçon_11A,Espaces;Unité_11;Leçon_11A;La technologie;Verbes pronominaux réciproques;verb
se coucher,,to go to bed,Leçon_10A,Espaces;Unité_10;Leçon_10A;La santé;La routine;verb
se dépêcher,,to hurry,Leçon_10A,Espaces;Unité_10;Leçon_10A;La santé;Verbes pronominaux;verb
se déplacer,,to move (change location),Leçon_12B,Espaces;Unité_12;Leçon_12B;En ville;Retrouver son chemin;verb
se déshabiller,,to undress,Leçon_10A,Espaces;Unité_10;Leçon_10A;La santé;La routine;verb
se détendre,,to relax,Leçon_10A,Espaces;Unité_10;Leçon_10A;La santé;Verbes pronominaux;verb
se dire,,to tell one another,Leçon_11A,Espaces;Unité_11;Leçon_11A;La technologie;Verbes pronominaux réciproques;verb
se disputer (avec),,to argue (with),Leçon_10A,Espaces;Unité_10;Leçon_10A;La santé;Verbes pronominaux;verb
se donner,,to give one another,Leçon_11A,Espaces;Unité_11;Leçon_11A;La technologie;Verbes pronominaux réciproques;verb
se faire mal ,,to hurt one’s,Leçon_10B,Espaces;Unité_10;Leçon_10B;La santé;phrase
se faire mal à la jambe,,to hurt one’s leg,Leçon_10B,Espaces;Unité_10;Leçon_10B;La santé;phrase
se faire mal au bras,,to hurt one’s arm,Leçon_10B,Espaces;Unité_10;Leçon_10B;La santé;phrase
se fouler la cheville,,to twist/sprain one's ankle,Leçon_10B,Espaces;Unité_10;Leçon_10B;La santé;phrase
se garer,,to park,Leçon_11B,Espaces;Unité_11;Leçon_11B;La technologie;La voiture;verb
se laver,,to wash oneself,Leçon_10A,Espaces;Unité_10;Leçon_10A;La santé;La routine;verb
se laver les mains,,to wash one’s hands,Leçon_10A,Espaces;Unité_10;Leçon_10A;La santé;La routine;phrase
se lever,,"to get up, to get out of bed",Leçon_10A,Espaces;Unité_10;Leçon_10A;La santé;La routine;verb
se maquiller,,to put on makeup,Leçon_10A,Espaces;Unité_10;Leçon_10A;La santé;La routine;verb
se mettre à,,to begin to,Leçon_10A,Espaces;Unité_10;Leçon_10A;La santé;Verbes pronominaux;verb
se mettre en colère,,to become angry,Leçon_10A,Espaces;Unité_10;Leçon_10A;La santé;Verbes pronominaux;phrase
se parler,,to speak to one another,Leçon_11A,Espaces;Unité_11;Leçon_11A;La technologie;Verbes pronominaux réciproques;verb
se porter mal,,to be ill,Leçon_10B,Espaces;Unité_10;Leçon_10B;La santé;phrase
se porter mieux,,to be better,Leçon_10B,Espaces;Unité_10;Leçon_10B;La santé;phrase
se préparer,,to get ready,Leçon_10A,Espaces;Unité_10;Leçon_10A;La santé;Verbes pronominaux;verb
se préparer à,,to be prepared for,Leçon_11A,Espaces;Unité_11;Leçon_11A;La technologie;Prepositions with the infinitive;phrase
se promener,,to take a walk,Leçon_10A,Espaces;Unité_10;Leçon_10A;La santé;Verbes pronominaux;verb
se quitter,,to leave one another,Leçon_11A,Espaces;Unité_11;Leçon_11A;La technologie;Verbes pronominaux réciproques;verb
se raser,,to shave oneself,Leçon_10A,Espaces;Unité_10;Leçon_10A;La santé;La routine;verb
se regarder,,to look at oneself; to look at one another,Leçon_10A; Leçon_11A,Espaces;Unité_10;Leçon_10A;La santé;La routine;verb;Unité_11;Leçon_11A;La technologie;Verbes pronominaux réciproques
se rencontrer,,to meet one another (make an acquaintance),Leçon_11A,Espaces;Unité_11;Leçon_11A;La technologie;Verbes pronominaux réciproques;verb
se rendre compte,,to realize,Leçon_10A,Espaces;Unité_10;Leçon_10A;La santé;Verbes pronominaux;phrase
se reposer,,to rest,Leçon_10A,Espaces;Unité_10;Leçon_10A;La santé;Verbes pronominaux;verb
se retrouver,,to meet one another (planned),Leçon_11A,Espaces;Unité_11;Leçon_11A;La technologie;Verbes pronominaux réciproques;verb
se réveiller,,to wake up,Leçon_10A,Espaces;Unité_10;Leçon_10A;La santé;La routine;verb
se sécher,,to dry oneself,Leçon_10A,Espaces;Unité_10;Leçon_10A;La santé;La routine;verb
se sentir,,to feel  ,Leçon_10B,Espaces;Unité_10;Leçon_10B;La santé;verb
se souvenir (de),,to remember,Leçon_10A,Espaces;Unité_10;Leçon_10A;La santé;Verbes pronominaux;verb
se téléphoner,,to phone one another,Leçon_11A,Espaces;Unité_11;Leçon_11A;La technologie;Verbes pronominaux réciproques;verb
se tromper,,to be mistaken,Leçon_10A,Espaces;Unité_10;Leçon_10A;La santé;Verbes pronominaux;verb
se trouver,,to be located,Leçon_10A,Espaces;Unité_10;Leçon_10A;La santé;Verbes pronominaux;verb
seize,,sixteen,Leçon_1B,Espaces;Unité_1;Leçon_1B;Salut!;Numbers 0-60;adjective
sénégalais,,Senegalese (m.),Leçon_1B,Espaces;Unité_1;Leçon_1B;Salut!;Adjectives of nationality;adjective
sénégalaise,,Senegalese (f.),Leçon_1B,Espaces;Unité_1;Leçon_1B;Salut!;Adjectives of nationality;adjective
sentir,,to feel; to smell; to sense,Leçon_5A,Espaces;Unité_5;Leçon_5A;Les loisirs;Verbes irréguliers en –ir;verb
séparé,,separated (m.),Leçon_3A,Espaces;Unité_3;Leçon_3A;La famille et les copains;Vocabulaire supplémentaire;adjective
séparée,,separated (f.),Leçon_3A,Espaces;Unité_3;Leçon_3A;La famille et les copains;Vocabulaire supplémentaire;adjective
sept,,seven,Leçon_1B,Espaces;Unité_1;Leçon_1B;Salut!;Numbers 0-60;adjective
sept cents,,seven hundred,Leçon_5B,Espaces;Unité_5;Leçon_5B;Les loisirs;Numbers 101 and higher;adjective
septembre,,September,Leçon_5B,"Espaces;Unité_5;Leçon_5B;Les loisirs;Les saisons, les mois, les dates;noun"
sérieuse,,serious (f.),Leçon_3A,Espaces;Unité_3;Leçon_3A;La famille et les copains;Adjectifs irréguliers;adjective
sérieux,,serious (m.),Leçon_3A,Espaces;Unité_3;Leçon_3A;La famille et les copains;Adjectifs irréguliers;adjective
serré,,tight (m.),Leçon_6B,Espaces;Unité_6;Leçon_6B;Les fêtes;Les vêtements;adjective
serrée,,tight (f.),Leçon_6B,Espaces;Unité_6;Leçon_6B;Les fêtes;Les vêtements;adjective
servir,,to serve,Leçon_5A,Espaces;Unité_5;Leçon_5A;Les loisirs;Verbes irréguliers en –ir;verb
ses,,his/her/its (pl.),Leçon_3A,Espaces;Unité_3;Leçon_3A;La famille et les copains;Possessive adjectives;adjective
si,,yes,Leçon_2A,Espaces;Unité_2;Leçon_2A;À la fac;Des questions et des opinions;adverb
signer,,to sign,Leçon_12A,Espaces;Unité_12;Leçon_12A;En ville;En ville;verb
sincère,,sincere,Leçon_1B,Espaces;Unité_1;Leçon_1B;Salut!;Descriptive adjectives;adjective
six,,six,Leçon_1B,Espaces;Unité_1;Leçon_1B;Salut!;Numbers 0-60;adjective
six cents,,six hundred,Leçon_5B,Espaces;Unité_5;Leçon_5B;Les loisirs;Numbers 101 and higher;adjective
skier,,to ski,Leçon_5A,Espaces;Unité_5;Leçon_5A;Les loisirs;Activités sportives et loisirs;verb
s'occuper de,,"to take care of, to see to",Leçon_11A,Espaces;Unité_11;Leçon_11A;La technologie;Prepositions with the infinitive;phrase
sociable,,sociable,Leçon_1B,Espaces;Unité_1;Leçon_1B;Salut!;Descriptive adjectives;adjective
soixante,,sixty,Leçon_1B,Espaces;Unité_1;Leçon_1B;Salut!;Numbers 0-60;adjective
soixante et onze,,seventy-one,Leçon_3B,Espaces;Unité_3;Leçon_3B;La famille et les copains;Numbers 61-100;adjective
soixante et un,,sixty-one,Leçon_3B,Espaces;Unité_3;Leçon_3B;La famille et les copains;Numbers 61-100;adjective
soixante-cinq,,sixty-five,Leçon_3B,Espaces;Unité_3;Leçon_3B;La famille et les copains;Numbers 61-100;adjective
soixante-deux,,sixty-two,Leçon_3B,Espaces;Unité_3;Leçon_3B;La famille et les copains;Numbers 61-100;adjective
soixante-dix,,seventy,Leçon_3B,Espaces;Unité_3;Leçon_3B;La famille et les copains;Numbers 61-100;adjective
soixante-dix-huit,,seventy-eight,Leçon_3B,Espaces;Unité_3;Leçon_3B;La famille et les copains;Numbers 61-100;adjective
soixante-dix-sept,,seventy-seven,Leçon_3B,Espaces;Unité_3;Leçon_3B;La famille et les copains;Numbers 61-100;adjective
soixante-douze,,seventy-two,Leçon_3B,Espaces;Unité_3;Leçon_3B;La famille et les copains;Numbers 61-100;adjective
soixante-huit,,sixty-eight,Leçon_3B,Espaces;Unité_3;Leçon_3B;La famille et les copains;Numbers 61-100;adjective
soixante-neuf,,sixty-nine,Leçon_3B,Espaces;Unité_3;Leçon_3B;La famille et les copains;Numbers 61-100;adjective
soixante-quatorze,,seventy-four,Leçon_3B,Espaces;Unité_3;Leçon_3B;La famille et les copains;Numbers 61-100;adjective
soixante-quatre,,sixty-four,Leçon_3B,Espaces;Unité_3;Leçon_3B;La famille et les copains;Numbers 61-100;adjective
soixante-quinze,,seventy-five,Leçon_3B,Espaces;Unité_3;Leçon_3B;La famille et les copains;Numbers 61-100;adjective
soixante-seize,,seventy-six,Leçon_3B,Espaces;Unité_3;Leçon_3B;La famille et les copains;Numbers 61-100;adjective
soixante-sept,,sixty-seven,Leçon_3B,Espaces;Unité_3;Leçon_3B;La famille et les copains;Numbers 61-100;adjective
soixante-six,,sixty-six,Leçon_3B,Espaces;Unité_3;Leçon_3B;La famille et les copains;Numbers 61-100;adjective
soixante-treize,,seventy-three,Leçon_3B,Espaces;Unité_3;Leçon_3B;La famille et les copains;Numbers 61-100;adjective
soixante-trois,,sixty-three,Leçon_3B,Espaces;Unité_3;Leçon_3B;La famille et les copains;Numbers 61-100;adjective
son,,his/her/its (m. sing.),Leçon_3A,Espaces;Unité_3;Leçon_3A;La famille et les copains;Possessive adjectives;adjective
sonner,,to ring,Leçon_11A,Espaces;Unité_11;Leçon_11A;La technologie;L’électronique;verb
sortir,,"to go out, to leave",Leçon_5A; Leçon_7A,Espaces;Unité_5;Leçon_5A;Les loisirs;Verbes irréguliers en –ir;verb;Unité_7;Leçon_7A;En vacances;Verbes
sortir la poubelle,,to take out the trash (sing.),Leçon_8B,Espaces;Unité_8;Leçon_8B;Chez nous;Les tâches ménagères;phrase
sortir les poubelles,,to take out the trash (pl.),Leçon_8B,Espaces;Unité_8;Leçon_8B;Chez nous;Les tâches ménagères;phrase
soudain,,suddenly,Leçon_8B,Espaces;Unité_8;Leçon_8B;Chez nous;Expressions that signal a past tense;adverb
souffrir,,to suffer,Leçon_11B,Espaces;Unité_11;Leçon_11B;La technologie;Verbes;verb
souhaiter que...,,to wish that…,Leçon_14B,Espaces;Unité_14;Leçon_14B;L'espace vert;Verbes de volonté;phrase
sourire,,to smile,Leçon_6B,Espaces;Unité_6;Leçon_6B;Les fêtes;Verbes en -re;verb
sous,,under,Leçon_3B,Espaces;Unité_3;Leçon_3B;La famille et les copains;Prepositions of Location;preposition
souvent,,often,Leçon_5A; Leçon_8B,Espaces;Unité_5;Leçon_5A;Les loisirs;La fréquence;adverb;Unité_8;Leçon_8B;Chez nous;Expressions that signal a past tense
sportif,,athletic (m.),Leçon_3B,Espaces;Unité_3;Leçon_3B;La famille et les copains;Adjectifs irréguliers;adjective
sportive,,athletic (f.),Leçon_3B,Espaces;Unité_3;Leçon_3B;La famille et les copains;Adjectifs irréguliers;adjective
sud,,south,Leçon_12B,Espaces;Unité_12;Leçon_12B;En ville;Retrouver son chemin;adjective
suggérer que...,,to suggest that…,Leçon_14B,Espaces;Unité_14;Leçon_14B;L'espace vert;Verbes de volonté;phrase
suisse,,Swiss,Leçon_1B,Espaces;Unité_1;Leçon_1B;Salut!;Adjectives of nationality;adjective
Suisse,,Switzerland ,Leçon_7A,Espaces;Unité_7;Leçon_7A;En vacances;Les pays;noun
suivre,,to follow,Leçon_12B,Espaces;Unité_12;Leçon_12B;En ville;Retrouver son chemin;verb
sur ,,on ,Leçon_3B,Espaces;Unité_3;Leçon_3B;La famille et les copains;Prepositions of Location;preposition
sur la place,,in the square,Leçon_4A,Espaces;Unité_4;Leçon_4A;Au café;Prepositions;phrase
sur la terrasse,,on the terrace,Leçon_4A,Espaces;Unité_4;Leçon_4A;Au café;Prepositions;phrase
surfer sur Internet,,to surf the Internet,Leçon_11A,Espaces;Unité_11;Leçon_11A;La technologie;L'ordinateur;phrase
surtout,,especially; above all,Leçon_2A,Espaces;Unité_2;Leçon_2A;À la fac;Adjectifs et adverbes;adverb
sympa ,,nice,Leçon_1B,Espaces;Unité_1;Leçon_1B;Salut!;Descriptive adjectives;adjective
sympathique,,nice,Leçon_1B,Espaces;Unité_1;Leçon_1B;Salut!;Descriptive adjectives;adjective
ta,,your (f. sing. fam.),Leçon_3A,Espaces;Unité_3;Leçon_3A;La famille et les copains;Possessive adjectives;adjective
tard,,late,Leçon_2B,Espaces;Unité_2;Leçon_2B;À la fac;Telling time;adverb
te,,to/for you (fam.),Leçon_6B,Espaces;Unité_6;Leçon_6B;Les fêtes;Indirect object pronouns;pronoun
te/t',,you (sing.),Leçon_7A,Espaces;Unité_7;Leçon_7A;En vacances;Direct object pronouns;pronoun
télécharger,,to download,Leçon_11A,Espaces;Unité_11;Leçon_11A;La technologie;L'ordinateur;verb
téléphoner à,,to (tele)phone (someone),Leçon_4A; Leçon_2B,Espaces;Unité_4;Leçon_4A;Au café;Prepositions;phrase;Unité_2;Leçon_2B;À la fac;L'université
tenir,,to hold,Leçon_9A,Espaces;Unité_9;Leçon_9A;La nourriture;Verbes;verb
tes,,your (pl. fam.),Leçon_3A,Espaces;Unité_3;Leçon_3A;La famille et les copains;Possessive adjectives;adjective
timide,,shy,Leçon_1B,Espaces;Unité_1;Leçon_1B;Salut!;Descriptive adjectives;adjective
toi non plus,,you neither,Leçon_2A,Espaces;Unité_2;Leçon_2A;À la fac;Des questions et des opinions;phrase
tomber,,to fall,Leçon_7A,Espaces;Unité_7;Leçon_7A;En vacances;Verbes;verb 
tomber amoureuse,,to fall in love (f.),Leçon_6A,Espaces;Unité_6;Leçon_6A;Les fêtes;Périodes de la vie;phrase
tomber amoureux,,to fall in love (m.),Leçon_6A,Espaces;Unité_6;Leçon_6A;Les fêtes;Périodes de la vie;phrase
tomber en panne,,to break down,Leçon_11B,Espaces;Unité_11;Leçon_11B;La technologie;La voiture;phrase
tomber malade,,to get sick,Leçon_10B,Espaces;Unité_10;Leçon_10B;La santé;phrase
tomber sur quelqu'un,,to run into somebody,Leçon_7A,Espaces;Unité_7;Leçon_7A;En vacances;Verbes;verb 
ton,,your (m. sing. fam.),Leçon_3A,Espaces;Unité_3;Leçon_3A;La famille et les copains;Possessive adjectives;adjective
tôt,,early ,Leçon_2B,Espaces;Unité_2;Leçon_2B;À la fac;Telling time;adverb
toujours,,always; still,Leçon_12A; Leçon_8B,Espaces;Unité_12;Leçon_12A;En ville;La négation;adverb;Unité_8;Leçon_8B;Chez nous;Expressions that signal a past tense
tourner,,to turn,Leçon_12B,Espaces;Unité_12;Leçon_12B;En ville;Retrouver son chemin;verb
tous,,all (m. pl.),Leçon_4B,Espaces;Unité_4;Leçon_4B;Au café;Expressions de quantité;adverb
tous les,,all the (m. pl.),Leçon_4B,Espaces;Unité_4;Leçon_4B;Au café;Expressions de quantité;adverb
tous les jours,,everyday,Leçon_8B,Espaces;Unité_8;Leçon_8B;Chez nous;Expressions that signal a past tense;adverb
tousser,,to cough,Leçon_10B,Espaces;Unité_10;Leçon_10B;La santé;verb
tout,,all (m. sing.),Leçon_4B,Espaces;Unité_4;Leçon_4B;Au café;Expressions de quantité;adverb
tout à coup,,suddenly; all of a sudden,Leçon_7B; Leçon_8B,Espaces;Unité_7;Leçon_7B;En vacances;Adverbes et locutions de temps;adverb;Unité_8;Leçon_8B;Chez nous;Expressions that signal a past tense;phrase
tout de suite,,right away,Leçon_7B,Espaces;Unité_7;Leçon_7B;En vacances;Adverbes et locutions de temps;adverb
tout droit,,straight ahead,Leçon_12B,Espaces;Unité_12;Leçon_12B;En ville;Pour donner des indications;adverb
tout d'un coup,,all of a sudden,Leçon_8B,Espaces;Unité_8;Leçon_8B;Chez nous;Expressions that signal a past tense;phrase
tout le,,all the (m. sing.),Leçon_4B,Espaces;Unité_4;Leçon_4B;Au café;Expressions de quantité;adverb
tout près (de),,very close (to),Leçon_12B,Espaces;Unité_12;Leçon_12B;En ville;Pour donner des indications;adverb
toute la,,all the (f. sing.),Leçon_4B,Espaces;Unité_4;Leçon_4B;Au café;Expressions de quantité;adverb
toutes les,,all the (f. pl.),Leçon_4B,Espaces;Unité_4;Leçon_4B;Au café;Expressions de quantité;adverb
traduire,,to translate,Leçon_6B,Espaces;Unité_6;Leçon_6B;Les fêtes;Verbes en -re;verb
travailler,,to work,Leçon_2A,Espaces;Unité_2;Leçon_2A;À la fac;Verbes;verb
travailleur,,hard-working (m.),Leçon_3B,Espaces;Unité_3;Leçon_3B;La famille et les copains;Adjectifs irréguliers;adjective
travailleuse,,hard-working (f.),Leçon_3B,Espaces;Unité_3;Leçon_3B;La famille et les copains;Adjectifs irréguliers;adjective
traverser,,to cross,Leçon_12B,Espaces;Unité_12;Leçon_12B;En ville;Retrouver son chemin;verb
treize,,thirteen,Leçon_1B,Espaces;Unité_1;Leçon_1B;Salut!;Numbers 0-60;adjective
trente,,thirty,Leçon_1B,Espaces;Unité_1;Leçon_1B;Salut!;Numbers 0-60;adjective
trente et un,,thirty-one,Leçon_1B,Espaces;Unité_1;Leçon_1B;Salut!;Numbers 0-60;adjective
trente et unième,,thirty-first,Leçon_7B,Espaces;Unité_7;Leçon_7B;En vacances;Ordinal numbers;adjective
trente-cinq,,thirty-five,Leçon_1B,Espaces;Unité_1;Leçon_1B;Salut!;Numbers 0-60;adjective
trente-deux,,thirty-two,Leçon_1B,Espaces;Unité_1;Leçon_1B;Salut!;Numbers 0-60;adjective
trente-huit,,thirty-eight,Leçon_1B,Espaces;Unité_1;Leçon_1B;Salut!;Numbers 0-60;adjective
trente-neuf,,thirty-nine,Leçon_1B,Espaces;Unité_1;Leçon_1B;Salut!;Numbers 0-60;adjective
trente-quatre,,thirty-four,Leçon_1B,Espaces;Unité_1;Leçon_1B;Salut!;Numbers 0-60;adjective
trente-sept,,thirty-seven,Leçon_1B,Espaces;Unité_1;Leçon_1B;Salut!;Numbers 0-60;adjective
trente-six,,thirty-six,Leçon_1B,Espaces;Unité_1;Leçon_1B;Salut!;Numbers 0-60;adjective
trente-trois,,thirty-three,Leçon_1B,Espaces;Unité_1;Leçon_1B;Salut!;Numbers 0-60;adjective
Très bien.,,Very well.,Leçon_1A,Espaces;Unité_1;Leçon_1A;Salut!;Comment ça va?;phrase
triste,,sad,Leçon_3B,Espaces;Unité_3;Leçon_3B;La famille et les copains;Adjectifs descriptifs;adjective
trois,,three,Leçon_1B,Espaces;Unité_1;Leçon_1B;Salut!;Numbers 0-60;adjective
trois cents,,three hundred,Leçon_5B,Espaces;Unité_5;Leçon_5B;Les loisirs;Numbers 101 and higher;adjective
trop (de),,too many/much (of),Leçon_4B,Espaces;Unité_4;Leçon_4B;Au café;Expressions de quantité;adverb
trouver,,to find; to think,Leçon_2B,Espaces;Unité_2;Leçon_2B;À la fac;L'université;verb
trouver du travail,,to find a job,Leçon_13A,Espaces;Unité_13;Leçon_13A;L'avenir et les métiers;La recherche d’emploi;phrase
trouver un travail,,to find a job,Leçon_13A,Espaces;Unité_13;Leçon_13A;L'avenir et les métiers;La recherche d’emploi;phrase
tu,,you,Leçon_1B,Espaces;Unité_1;Leçon_1B;Salut!;Subject pronouns;pronoun
un,,one,Leçon_1B,Espaces;Unité_1;Leçon_1B;Salut!;Numbers 0-60;adjective
un acteur,,actor,Leçon_1A,Espaces;Unité_1;Leçon_1A;Salut!;Les personnes;noun
un aéroport,,airport,Leçon_7A,Espaces;Unité_7;Leçon_7A;En vacances;Partir en voyage;noun
un agent de police,,police officer,Leçon_11B,Espaces;Unité_11;Leçon_11B;La technologie;La voiture;noun
un agent de voyages,,travel agent,Leçon_7B,Espaces;Unité_7;Leçon_7B;En vacances;Faire une réservation;noun
un agent immobilier,,real estate agent,Leçon_13B,Espaces;Unité_13;Leçon_13B;L'avenir et les métiers;Les métiers;noun
un agriculteur,,farmer (m.),Leçon_13B,Espaces;Unité_13;Leçon_13B;L'avenir et les métiers;Les métiers;noun
un aliment,,food item,Leçon_9A,Espaces;Unité_9;Leçon_9A;La nourriture;Autres aliments;noun
un ami,,friend (m.),Leçon_1A,Espaces;Unité_1;Leçon_1A;Salut!;Les personnes;noun
un amour,,love,Leçon_6A,Espaces;Unité_6;Leçon_6A;Les fêtes;Les relations;noun
un an,,year,Leçon_2B,Espaces;Unité_2;Leçon_2B;À la fac;Expressions de temps;noun
un angle,,corner,Leçon_12B,Espaces;Unité_12;Leçon_12B;En ville;Retrouver son chemin;noun
un animal,,animal,Leçon_14B,Espaces;Unité_14;Leçon_14B;L'espace vert;Les animaux;noun
un anniversaire,,birthday,Leçon_5B,"Espaces;Unité_5;Leçon_5B;Les loisirs;Les saisons, les mois, les dates;noun"
un anorak,,ski jacket; parka,Leçon_6B,Espaces;Unité_6;Leçon_6B;Les fêtes;Les vêtements;noun
un appareil électrique,,electrical appliance,Leçon_8B,Espaces;Unité_8;Leçon_8B;Chez nous;Les appareils ménagers;noun
un appareil ménager,,household appliance,Leçon_8B,Espaces;Unité_8;Leçon_8B;Chez nous;Les appareils ménagers;noun
un appareil photo,,camera,Leçon_11A,Espaces;Unité_11;Leçon_11A;La technologie;L’électronique;noun
un appareil photo numérique,,digital camera,Leçon_11A,Espaces;Unité_11;Leçon_11A;La technologie;L’électronique;noun
un appartement,,apartment,Leçon_8A,Espaces;Unité_8;Leçon_8A;Chez nous;Chez soi;noun
un applaudissement,,applause,Leçon_15A,Espaces;Unité_15;Leçon_15A;Les arts;Aller au spectacle;noun
un après-midi,,an afternoon,Leçon_2B,Espaces;Unité_2;Leçon_2B;À la fac;Expressions de temps;noun
un arbre,,tree,Leçon_14B,Espaces;Unité_14;Leçon_14B;L'espace vert;La nature;noun
un architecte,,architect (m.),Leçon_3B,Espaces;Unité_3;Leçon_3B;La famille et les copains;Professions et occupations;noun
un arrêt d’autobus,,bus stop,Leçon_7A,Espaces;Unité_7;Leçon_7A;En vacances;Partir en voyage;noun
un arrêt de bus,,bus stop,Leçon_7A,Espaces;Unité_7;Leçon_7A;En vacances;Partir en voyage;noun
un artiste,,artist (m.),Leçon_3B,Espaces;Unité_3;Leçon_3B;La famille et les copains;Professions et occupations;noun
un ascenseur,,elevator,Leçon_7B,Espaces;Unité_7;Leçon_7B;En vacances;Faire une réservation;noun
un athlète,,athlete (m.),Leçon_3B,Espaces;Unité_3;Leçon_3B;La famille et les copains;Professions et occupations;noun
un auteur,,author (m.),Leçon_15B,Espaces;Unité_15;Leçon_15B;Les arts;Les artistes;noun
un avion,,plane,Leçon_7A,Espaces;Unité_7;Leçon_7A;En vacances;Partir en voyage;noun
un avocat,,lawyer (m.),Leçon_3B,Espaces;Unité_3;Leçon_3B;La famille et les copains;Professions et occupations;noun
un balai,,broom,Leçon_8A,Espaces;Unité_8;Leçon_8A;Chez nous;Chez soi;noun
un balcon,,balcony,Leçon_8A,Espaces;Unité_8;Leçon_8A;Chez nous;Les parties d'une maison;noun
un banc,,bench,Leçon_12B,Espaces;Unité_12;Leçon_12B;En ville;Retrouver son chemin;noun
un banquier,,banker (m.),Leçon_13B,Espaces;Unité_13;Leçon_13B;L'avenir et les métiers;Les métiers;noun
un bâtiment,,building,Leçon_12B,Espaces;Unité_12;Leçon_12B;En ville;Retrouver son chemin;noun
un beau-frère,,brother-in-law,Leçon_3A,Espaces;Unité_3;Leçon_3A;La famille et les copains;La famille;noun
un beau-père,,father-in-law; stepfather,Leçon_3A,Espaces;Unité_3;Leçon_3A;La famille et les copains;La famille;noun
un billet aller-retour,,round-trip ticket,Leçon_7A,Espaces;Unité_7;Leçon_7A;En vacances;Partir en voyage;noun
un billet d’avion,,plane ticket,Leçon_7A,Espaces;Unité_7;Leçon_7A;En vacances;Partir en voyage;noun
un billet de train,,train ticket,Leçon_7A,Espaces;Unité_7;Leçon_7A;En vacances;Partir en voyage;noun
un biscuit,,cookie,Leçon_6A,Espaces;Unité_6;Leçon_6A;Les fêtes;noun
un blouson,,jacket,Leçon_6B,Espaces;Unité_6;Leçon_6B;Les fêtes;Les vêtements;noun
un bois,,wood,Leçon_14B,Espaces;Unité_14;Leçon_14B;L'espace vert;La nature;noun
un bol,,bowl,Leçon_9B,Espaces;Unité_9;Leçon_9B;La nourriture;À table!;noun
un bonbon,,candy,Leçon_6A,Espaces;Unité_6;Leçon_6A;Les fêtes;noun
un boulevard,,boulevard,Leçon_12B,Espaces;Unité_12;Leçon_12B;En ville;Retrouver son chemin;noun
un bras,,arm,Leçon_10A,Espaces;Unité_10;Leçon_10A;La santé;Le corps;noun
un bureau,,desk; office,Leçon_1A; Leçon_4A,Espaces;Unité_1;Leçon_1A;Salut!;Le campus;noun;Unité_4;Leçon_4A;Au café;Dans la ville
un bureau de poste,,post office,Leçon_12A,Espaces;Unité_12;Leçon_12A;En ville;En ville;noun
un cadeau,,gift,Leçon_6A,Espaces;Unité_6;Leçon_6A;Les fêtes;noun
un cadre,,executive (m.),Leçon_13B,Espaces;Unité_13;Leçon_13B;L'avenir et les métiers;Les métiers;noun
un café,,café; coffee,Leçon_1A; Leçon_4B,Espaces;Unité_1;Leçon_1A;Salut!;Le campus;noun;Unité_4;Leçon_4B;Au café;À table
un cahier ,,notebook,Leçon_1A,Espaces;Unité_1;Leçon_1A;Salut!;Le campus;noun
un camarade de chambre,,roommate (m.),Leçon_1B,Espaces;Unité_1;Leçon_1B;Salut!;Les personnes;noun
un camarade de classe,,classmate (m.),Leçon_1B,Espaces;Unité_1;Leçon_1B;Salut!;Les personnes;noun
un canapé,,couch,Leçon_8A,Espaces;Unité_8;Leçon_8A;Chez nous;Chez soi;noun
un candidat,,"candidate, applicant (m.)",Leçon_13A,Espaces;Unité_13;Leçon_13A;L'avenir et les métiers;La recherche d’emploi;noun
un capot,,hood,Leçon_11B,Espaces;Unité_11;Leçon_11B;La technologie;La voiture;noun
un carrefour,,intersection,Leçon_12B,Espaces;Unité_12;Leçon_12B;En ville;Retrouver son chemin;noun
un CD,,CD,Leçon_11A,Espaces;Unité_11;Leçon_11A;La technologie;L'ordinateur;noun
un centre commercial,,"shopping center, mall",Leçon_4A,Espaces;Unité_4;Leçon_4A;Au café;Dans la ville;noun
un centre-ville,,"city/town center, downtown",Leçon_4A,Espaces;Unité_4;Leçon_4A;Au café;Dans la ville;noun
un champ,,field,Leçon_14B,Espaces;Unité_14;Leçon_14B;L'espace vert;La nature;noun
un champignon,,mushroom,Leçon_9A,Espaces;Unité_9;Leçon_9A;La nourriture;Les légumes;noun
un chanteur,,singer (m.),Leçon_1A,Espaces;Unité_1;Leçon_1A;Salut!;Les personnes;noun
un chapeau,,hat,Leçon_6B,Espaces;Unité_6;Leçon_6B;Les fêtes;Les vêtements;noun
un chat,,cat,Leçon_3A,Espaces;Unité_3;Leçon_3A;La famille et les copains;La famille;noun
un chauffeur de camion,,truck driver,Leçon_13B,Espaces;Unité_13;Leçon_13B;L'avenir et les métiers;Les métiers;noun
un chauffeur de taxi,,taxi driver,Leçon_13B,Espaces;Unité_13;Leçon_13B;L'avenir et les métiers;Les métiers;noun
un chef d’entreprise,,head of a company,Leçon_13B,Espaces;Unité_13;Leçon_13B;L'avenir et les métiers;Les métiers;noun
un chef du personnel,,human resources director,Leçon_13A,Espaces;Unité_13;Leçon_13A;L'avenir et les métiers;La recherche d’emploi;noun
un chef-d’œuvre,,masterpiece (sing.),Leçon_15B,Espaces;Unité_15;Leçon_15B;Les arts;noun
un chemin,,way; path,Leçon_12B,Espaces;Unité_12;Leçon_12B;En ville;Retrouver son chemin;noun
un chemisier,,blouse,Leçon_6B,Espaces;Unité_6;Leçon_6B;Les fêtes;Les vêtements;noun
un chercheur,,researcher (m.),Leçon_13B,Espaces;Unité_13;Leçon_13B;L'avenir et les métiers;Les métiers;noun
un chien,,dog,Leçon_3A,Espaces;Unité_3;Leçon_3A;La famille et les copains;La famille;noun
un chocolat,,chocolate,Leçon_4B,Espaces;Unité_4;Leçon_4B;Au café;À table;noun
un chocolat chaud,,hot chocolate,Leçon_4B,Espaces;Unité_4;Leçon_4B;Au café;À table;noun
un chœur,,"choir, chorus",Leçon_15A,Espaces;Unité_15;Leçon_15A;Les arts;Aller au spectacle;noun
un chômeur,,unemployed person (m.),Leçon_13B,Espaces;Unité_13;Leçon_13B;L'avenir et les métiers;La recherche d’emploi;noun
un cinéma (ciné),,"movie theater, movies",Leçon_4A,Espaces;Unité_4;Leçon_4A;Au café;Dans la ville;noun
un clavier,,keyboard,Leçon_11A,Espaces;Unité_11;Leçon_11A;La technologie;L'ordinateur;noun
un client,,client; guest (m.),Leçon_7B,Espaces;Unité_7;Leçon_7B;En vacances;Faire une réservation;noun
un coffre,,trunk,Leçon_11B,Espaces;Unité_11;Leçon_11B;La technologie;La voiture;noun
un coiffeur,,hairdresser (m.),Leçon_3B,Espaces;Unité_3;Leçon_3B;La famille et les copains;Professions et occupations;noun
un coin,,corner,Leçon_12B,Espaces;Unité_12;Leçon_12B;En ville;Retrouver son chemin;noun
un colis,,package,Leçon_12A,Espaces;Unité_12;Leçon_12A;En ville;À la poste;noun
un commerçant,,shopkeeper (m.),Leçon_9B,Espaces;Unité_9;Leçon_9B;La nourriture;Les achats;noun
un commissariat de police,,police station,Leçon_12A,Espaces;Unité_12;Leçon_12A;En ville;En ville;noun
un compact disc,,compact disc,Leçon_11A,Espaces;Unité_11;Leçon_11A;La technologie;L'ordinateur;noun
un compositeur,,composer,Leçon_15A,Espaces;Unité_15;Leçon_15A;Les arts;Les artistes;noun
un comptable,,accountant (m.),Leçon_13B,Espaces;Unité_13;Leçon_13B;L'avenir et les métiers;Les métiers;noun
un compte d’épargne,,savings account,Leçon_12A,Espaces;Unité_12;Leçon_12A;En ville;À la banque;noun
un compte-chèques,,checking account,Leçon_12A,Espaces;Unité_12;Leçon_12A;En ville;À la banque;noun
un concert,,concert,Leçon_15A,Espaces;Unité_15;Leçon_15A;Les arts;Aller au spectacle;noun
un congé,,day off,Leçon_7A,Espaces;Unité_7;Leçon_7A;En vacances;Les vacances;noun
un congélateur,,freezer,Leçon_8B,Espaces;Unité_8;Leçon_8B;Chez nous;Les appareils ménagers;noun
un conseil,,advice,Leçon_13A,Espaces;Unité_13;Leçon_13A;L'avenir et les métiers;La recherche d’emploi;noun
un conseiller,,consultant; advisor (m.),Leçon_13B,Espaces;Unité_13;Leçon_13B;L'avenir et les métiers;Les métiers;noun
un conte,,tale,Leçon_15B,Espaces;Unité_15;Leçon_15B;Les arts;noun
un copain ,,friend (m.),Leçon_1B,Espaces;Unité_1;Leçon_1B;Salut!;Les personnes;noun
un costume,,(man’s) suit,Leçon_6B,Espaces;Unité_6;Leçon_6B;Les fêtes;Les vêtements;noun
un couloir,,hallway,Leçon_8A,Espaces;Unité_8;Leçon_8A;Chez nous;Les parties d'une maison;noun
un couple,,couple,Leçon_6A,Espaces;Unité_6;Leçon_6A;Les fêtes;Les relations;noun
un cours,,"class, course",Leçon_2A,Espaces;Unité_2;Leçon_2A;À la fac;L'université;noun
un cousin,,cousin (m.),Leçon_3A,Espaces;Unité_3;Leçon_3A;La famille et les copains;La famille;noun
un couteau,,knife,Leçon_9B,Espaces;Unité_9;Leçon_9B;La nourriture;À table!;noun
un crayon , ,pencil,Leçon_1A,Espaces;Unité_1;Leçon_1A;Salut!;Le campus;noun
un croissant,,"croissant (flaky, crescent-shaped roll)",Leçon_4B,Espaces;Unité_4;Leçon_4B;Au café;À table;noun
un cuisinier,,"cook, chef (m.)",Leçon_13B,Espaces;Unité_13;Leçon_13B;L'avenir et les métiers;Les métiers;noun
un curriculum vitæ,,résumé,Leçon_13A,Espaces;Unité_13;Leçon_13A;L'avenir et les métiers;La recherche d’emploi;noun
un CV,,résumé,Leçon_13A,Espaces;Unité_13;Leçon_13A;L'avenir et les métiers;La recherche d’emploi;noun
un cybercafé,,cybercafé,Leçon_12A,Espaces;Unité_12;Leçon_12A;En ville;En ville;noun
un danger,,"danger, threat",Leçon_14A,Espaces;Unité_14;Leçon_14A;L'espace vert;L’écologie;noun
un danseur,,dancer (m.),Leçon_15A,Espaces;Unité_15;Leçon_15A;Les arts;Les artistes;noun
un déjeuner,,lunch,Leçon_9A,Espaces;Unité_9;Leçon_9A;La nourriture;Les repas;noun
un demi-frère,,half-brother; stepbrother,Leçon_3A,Espaces;Unité_3;Leçon_3A;La famille et les copains;La famille;noun
un dentiste,,dentist (m.),Leçon_3B; Leçon_10B,Espaces;Unité_3;Leçon_3B;La famille et les copains;Professions et occupations;noun;Unité_10;Leçon_10B;La santé
un départ,,departure,Leçon_7A,Espaces;Unité_7;Leçon_7A;En vacances;Partir en voyage;noun
un désert,,desert ,Leçon_14B,Espaces;Unité_14;Leçon_14B;L'espace vert;La nature;noun
un dessert,,dessert,Leçon_6A,Espaces;Unité_6;Leçon_6A;Les fêtes;noun
un dessin animé,,cartoon,Leçon_15B,Espaces;Unité_15;Leçon_15B;Les arts;Le cinéma et la télévision;noun
un devoir,,homework,Leçon_2A,Espaces;Unité_2;Leçon_2A;À la fac;L'université;noun
un dictionnaire,,dictionary,Leçon_1A,Espaces;Unité_1;Leçon_1A;Salut!;Le campus;noun
un dîner,,dinner,Leçon_9A,Espaces;Unité_9;Leçon_9A;La nourriture;Les repas;noun
un diplôme,,"diploma, degree",Leçon_2A,Espaces;Unité_2;Leçon_2A;À la fac;L'université;noun
un disque compact,,compact disc,Leçon_11A,Espaces;Unité_11;Leçon_11A;La technologie;L'ordinateur;noun
un disque dur,,hard drive,Leçon_11A,Espaces;Unité_11;Leçon_11A;La technologie;L'ordinateur;noun
un distributeur,,ATM,Leçon_12A,Espaces;Unité_12;Leçon_12A;En ville;À la banque;noun
un distributeur automatique,,ATM,Leçon_12A,Espaces;Unité_12;Leçon_12A;En ville;À la banque;noun
un distributeur de billets,,ATM,Leçon_12A,Espaces;Unité_12;Leçon_12A;En ville;À la banque;noun
un divorce,,divorce,Leçon_6A,Espaces;Unité_6;Leçon_6A;Les fêtes;Périodes de la vie;noun
un documentaire,,documentary,Leçon_15B,Espaces;Unité_15;Leçon_15B;Les arts;Le cinéma et la télévision;noun
un doigt,,finger,Leçon_10A,Espaces;Unité_10;Leçon_10A;La santé;Le corps;noun
un doigt de pied,,toe,Leçon_10A,Espaces;Unité_10;Leçon_10A;La santé;Le corps;noun
un domaine,,field,Leçon_13A,Espaces;Unité_13;Leçon_13A;L'avenir et les métiers;Qualifications;noun
un dramaturge,,playwright,Leçon_15A,Espaces;Unité_15;Leçon_15A;Les arts;Les artistes;noun
un drame psychologique,,psychological drama,Leçon_15B,Espaces;Unité_15;Leçon_15B;Les arts;Le cinéma et la télévision;noun
un éclair,,éclair (pastry filled with cream),Leçon_4B,Espaces;Unité_4;Leçon_4B;Au café;À table;noun
un écran,,screen,Leçon_11A,Espaces;Unité_11;Leçon_11A;La technologie;L'ordinateur;noun
un écrivain,,writer (m.),Leçon_15B,Espaces;Unité_15;Leçon_15B;Les arts;Les artistes;noun
un écureuil,,squirrel,Leçon_14B,Espaces;Unité_14;Leçon_14B;L'espace vert;Les animaux;noun
un électricien,,electrician (m.),Leçon_13B,Espaces;Unité_13;Leçon_13B;L'avenir et les métiers;Les métiers;noun
un élève,,"pupil, student (m.)",Leçon_1B,Espaces;Unité_1;Leçon_1B;Salut!;Les personnes;noun
un e-mail,,e-mail,Leçon_11A,Espaces;Unité_11;Leçon_11A;La technologie;L'ordinateur;noun
un emballage en plastique,,plastic wrapping/packaging,Leçon_14A,Espaces;Unité_14;Leçon_14A;L'espace vert;L’écologie;noun
un emploi à mi-temps,,part-time job,Leçon_13B,Espaces;Unité_13;Leçon_13B;L'avenir et les métiers;Au travail;noun
un emploi à plein temps,,full-time job,Leçon_13B,Espaces;Unité_13;Leçon_13B;L'avenir et les métiers;Au travail;noun
un emploi à temps partiel,,part-time job,Leçon_13B,Espaces;Unité_13;Leçon_13B;L'avenir et les métiers;Au travail;noun
un employé,,employee (m.),Leçon_13B,Espaces;Unité_13;Leçon_13B;L'avenir et les métiers;Au travail;noun
un endroit,,place,Leçon_4A,Espaces;Unité_4;Leçon_4A;Au café;Dans la ville;noun
un enregistreur DVR,,DVR,Leçon_11A,Espaces;Unité_11;Leçon_11A;La technologie;L’électronique;noun
un entracte,,intermission,Leçon_15A,Espaces;Unité_15;Leçon_15A;Les arts;Aller au spectacle;noun
un époux,,spouse (m.),Leçon_3A,Espaces;Unité_3;Leçon_3A;La famille et les copains;La famille;noun
un escalier,,staircase,Leçon_8A,Espaces;Unité_8;Leçon_8A;Chez nous;Les parties d'une maison;noun
un escargot,,"escargot, snail",Leçon_9A,Espaces;Unité_9;Leçon_9A;La nourriture;Les viandes et les poissons;noun
un espace,,"space, area",Leçon_14A,Espaces;Unité_14;Leçon_14A;L'espace vert;La nature;noun
un essuie-glace,,windshield wiper,Leçon_11B,Espaces;Unité_11;Leçon_11B;La technologie;La voiture;noun
un étage,,floor,Leçon_7B,Espaces;Unité_7;Leçon_7B;En vacances;Faire une réservation;noun
un étudiant,,student (m.),Leçon_1A,Espaces;Unité_1;Leçon_1A;Salut!;Les personnes;noun
un évier,,kitchen sink,Leçon_8A,Espaces;Unité_8;Leçon_8A;Chez nous;Chez soi;noun
un examen,,"exam, test",Leçon_1A,Espaces;Unité_1;Leçon_1A;Salut!;Le campus;noun
un facteur,,mailman,Leçon_12A,Espaces;Unité_12;Leçon_12A;En ville;À la poste;noun
un fauteuil,,armchair,Leçon_8A,Espaces;Unité_8;Leçon_8A;Chez nous;Chez soi;noun
un fer à repasser,,iron,Leçon_8B,Espaces;Unité_8;Leçon_8B;Chez nous;Les appareils ménagers;noun
un festival,,festival,Leçon_15A,Espaces;Unité_15;Leçon_15A;Les arts;Aller au spectacle;noun
un feu de signalisation,,traffic light,Leçon_12B,Espaces;Unité_12;Leçon_12B;En ville;Retrouver son chemin;noun
un feuilleton,,soap opera,Leçon_15B,Espaces;Unité_15;Leçon_15B;Les arts;Le cinéma et la télévision;noun
un fiancé,,fiancé (m.),Leçon_6A,Espaces;Unité_6;Leçon_6A;Les fêtes;Les relations;noun
un fichier,,file,Leçon_11A,Espaces;Unité_11;Leçon_11A;La technologie;L'ordinateur;noun
un film,,film,Leçon_15B,Espaces;Unité_15;Leçon_15B;Les arts;Le cinéma et la télévision;noun
un film d’aventures,,adventure film,Leçon_15B,Espaces;Unité_15;Leçon_15B;Les arts;Le cinéma et la télévision;noun
un film d’horreur,,horror film,Leçon_15B,Espaces;Unité_15;Leçon_15B;Les arts;Le cinéma et la télévision;noun
un film de science-fiction,,science fiction film,Leçon_15B,Espaces;Unité_15;Leçon_15B;Les arts;Le cinéma et la télévision;noun
un film policier,,crime film,Leçon_15B,Espaces;Unité_15;Leçon_15B;Les arts;Le cinéma et la télévision;noun
un fils,,son,Leçon_3A,Espaces;Unité_3;Leçon_3A;La famille et les copains;La famille;noun
un fleuve,,river,Leçon_14B,Espaces;Unité_14;Leçon_14B;L'espace vert;La nature;noun
un four,,oven,Leçon_8B,Espaces;Unité_8;Leçon_8B;Chez nous;Les appareils ménagers;noun
un four à micro-ondes,,microwave oven,Leçon_8B,Espaces;Unité_8;Leçon_8B;Chez nous;Les appareils ménagers;noun
un frère,,brother ,Leçon_3A,Espaces;Unité_3;Leçon_3A;La famille et les copains;La famille;noun
un frigo,,refrigerator,Leçon_8B,Espaces;Unité_8;Leçon_8B;Chez nous;Les appareils ménagers;noun
un fromage,,cheese,Leçon_4B,Espaces;Unité_4;Leçon_4B;Au café;À table;noun
un fruit,,fruit,Leçon_9A,Espaces;Unité_9;Leçon_9A;La nourriture;Les fruits;noun
un gant,,glove,Leçon_6B,Espaces;Unité_6;Leçon_6B;Les fêtes;Les vêtements;noun
un garage,,garage,Leçon_8A,Espaces;Unité_8;Leçon_8A;Chez nous;Les parties d'une maison;noun
un garçon,,boy ,Leçon_1B,Espaces;Unité_1;Leçon_1B;Salut!;Les personnes;noun
un gâteau,,cake,Leçon_6A,Espaces;Unité_6;Leçon_6A;Les fêtes;noun
un genou,,knee ,Leçon_10A,Espaces;Unité_10;Leçon_10A;La santé;Le corps;noun
un genre,,genre,Leçon_15A,Espaces;Unité_15;Leçon_15A;Les arts;Aller au spectacle;noun
un gérant,,manager (m.),Leçon_13B,Espaces;Unité_13;Leçon_13B;L'avenir et les métiers;Les métiers;noun
un glaçon,,ice cube,Leçon_6A,Espaces;Unité_6;Leçon_6A;Les fêtes;noun
un glissement de terrain,,landslide,Leçon_14A,Espaces;Unité_14;Leçon_14A;L'espace vert;L’écologie;noun
un goûter,,afternoon snack,Leçon_9A,Espaces;Unité_9;Leçon_9A;La nourriture;Les repas;noun
un gouvernement,,government,Leçon_14A,Espaces;Unité_14;Leçon_14A;L'espace vert;Les lois et les règlements;noun
un grand magasin,,department store,Leçon_4A,Espaces;Unité_4;Leçon_4A;Au café;Dans la ville;noun
un grand-père,,grandfather,Leçon_3A,Espaces;Unité_3;Leçon_3A;La famille et les copains;La famille;noun
un grille-pain,,toaster,Leçon_8B,Espaces;Unité_8;Leçon_8B;Chez nous;Les appareils ménagers;noun
un gymnase,,gym,Leçon_4A,Espaces;Unité_4;Leçon_4A;Au café;Dans la ville;noun
un homme,,man,Leçon_1B,Espaces;Unité_1;Leçon_1B;Salut!;Les personnes;noun
un homme d’affaires,,businessman,Leçon_3B,Espaces;Unité_3;Leçon_3B;La famille et les copains;Professions et occupations;noun
un homme politique,,politician (m.),Leçon_13B,Espaces;Unité_13;Leçon_13B;L'avenir et les métiers;Les métiers;noun
un hôpital,,hospital,Leçon_4A,Espaces;Unité_4;Leçon_4A;Au café;Dans la ville;noun
un hors-d’œuvre,,"hors-d’œuvre, appetizer",Leçon_9B,Espaces;Unité_9;Leçon_9B;La nourriture;Les repas;noun
un hôte,,host ,Leçon_6A,Espaces;Unité_6;Leçon_6A;Les fêtes;noun
un hôtel,,hotel,Leçon_7B,Espaces;Unité_7;Leçon_7B;En vacances;Faire une réservation;noun
un hôtelier,,hotel keeper (m.),Leçon_7B,Espaces;Unité_7;Leçon_7B;En vacances;Faire une réservation;noun
un immeuble,,building,Leçon_8A,Espaces;Unité_8;Leçon_8A;Chez nous;Chez soi;noun
un imperméable,,rain jacket,Leçon_5B,Espaces;Unité_5;Leçon_5B;Les loisirs;Le temps qu’il fait;noun
un infirmier,,nurse (m.),Leçon_10B,Espaces;Unité_10;Leçon_10B;La santé;noun
un ingénieur,,engineer ,Leçon_3B,Espaces;Unité_3;Leçon_3B;La famille et les copains;Professions et occupations;noun
un instrument ,,instrument,Leçon_1A,Espaces;Unité_1;Leçon_1A;Salut!;Le campus;noun
un invité,,guest (m.),Leçon_6A,Espaces;Unité_6;Leçon_6A;Les fêtes;noun
un jardin,,garden; yard,Leçon_8A,Espaces;Unité_8;Leçon_8A;Chez nous;Les parties d'une maison;noun
un jean,,jeans ,Leçon_6B,Espaces;Unité_6;Leçon_6B;Les fêtes;Les vêtements;noun
un jeu,,game,Leçon_5A,Espaces;Unité_5;Leçon_5A;Les loisirs;Activités sportives et loisirs;noun
un jeu télévisé,,game show,Leçon_15B,Espaces;Unité_15;Leçon_15B;Les arts;Le cinéma et la télévision;noun
un jeu vidéo,,video game,Leçon_11A,Espaces;Unité_11;Leçon_11A;La technologie;L'ordinateur;noun
un joueur,,player (m.),Leçon_5A,Espaces;Unité_5;Leçon_5A;Les loisirs;Activités sportives et loisirs;noun
un jour,,day; one day,Leçon_2B; Leçon_8B,Espaces;Unité_2;Leçon_2B;À la fac;Expressions de temps;noun;Unité_8;Leçon_8B;Chez nous;Expressions that signal a past tense;adverb
un jour de congé,,day off,Leçon_7A,Espaces;Unité_7;Leçon_7A;En vacances;Les vacances;noun
un jour férié,,holiday,Leçon_6A,Espaces;Unité_6;Leçon_6A;Les fêtes;noun
un journaliste,,journalist (m.),Leçon_3B,Espaces;Unité_3;Leçon_3B;La famille et les copains;Professions et occupations;noun
un jus,,juice,Leçon_4B,Espaces;Unité_4;Leçon_4B;Au café;À table;noun
un jus de pomme,,apple juice,Leçon_4B,Espaces;Unité_4;Leçon_4B;Au café;À table;noun
un jus d'orange,,orange juice,Leçon_4B,Espaces;Unité_4;Leçon_4B;Au café;À table;noun
un kilo,,kilo,Leçon_9B,Espaces;Unité_9;Leçon_9B;La nourriture;Les achats;noun
un kilogramme,,kilogram,Leçon_9B,Espaces;Unité_9;Leçon_9B;La nourriture;Les achats;noun
un kiosque,,kiosk,Leçon_4A,Espaces;Unité_4;Leçon_4A;Au café;Dans la ville;noun
un lac,,lake ,Leçon_14B,Espaces;Unité_14;Leçon_14B;L'espace vert;La nature;noun
un lapin,,rabbit,Leçon_14B,Espaces;Unité_14;Leçon_14B;L'espace vert;Les animaux;noun
un lavabo,,bathroom sink,Leçon_8A,Espaces;Unité_8;Leçon_8A;Chez nous;Chez soi;noun
un lave-linge,,washing machine,Leçon_8B,Espaces;Unité_8;Leçon_8B;Chez nous;Les appareils ménagers;noun
un lave-vaisselle,,dishwasher,Leçon_8B,Espaces;Unité_8;Leçon_8B;Chez nous;Les appareils ménagers;noun
un lecteur (de) CD,,CD player,Leçon_11A,Espaces;Unité_11;Leçon_11A;La technologie;L’électronique;noun
un lecteur (de) DVD,,DVD player,Leçon_11A,Espaces;Unité_11;Leçon_11A;La technologie;L’électronique;noun
un lecteur MP3,,MP3 player,Leçon_11A,Espaces;Unité_11;Leçon_11A;La technologie;L’électronique;noun
un légume,,vegetable,Leçon_9A,Espaces;Unité_9;Leçon_9A;La nourriture;Les légumes;noun
un lien,,link,Leçon_11A,Espaces;Unité_11;Leçon_11A;La technologie;L’électronique;noun
un lieu,,place,Leçon_4A,Espaces;Unité_4;Leçon_4A;Au café;Dans la ville;noun
un lit,,bed,Leçon_7B,Espaces;Unité_7;Leçon_7B;En vacances;Faire une réservation;noun
un livre,,book,Leçon_1A,Espaces;Unité_1;Leçon_1A;Salut!;Le campus;noun
un logement,,housing,Leçon_8A,Espaces;Unité_8;Leçon_8A;Chez nous;Chez soi;noun
un logiciel,,"software, program",Leçon_11A,Espaces;Unité_11;Leçon_11A;La technologie;L'ordinateur;noun
un loisir,,leisure activity,Leçon_5A,Espaces;Unité_5;Leçon_5A;Les loisirs;Activités sportives et loisirs;noun
un loyer,,rent,Leçon_8A,Espaces;Unité_8;Leçon_8A;Chez nous;Chez soi;noun
un lycée,,high school,Leçon_1A,Espaces;Unité_1;Leçon_1A;Salut!;Le campus;noun
un magasin,,store,Leçon_4A,Espaces;Unité_4;Leçon_4A;Au café;Dans la ville;noun
un magazine,,magazine,Leçon_15B,Espaces;Unité_15;Leçon_15B;Les arts;noun
un maillot de bain,,"swimsuit, bathing suit",Leçon_6B,Espaces;Unité_6;Leçon_6B;Les fêtes;Les vêtements;noun
un manteau,,coat,Leçon_6B,Espaces;Unité_6;Leçon_6B;Les fêtes;Les vêtements;noun
un marchand de journaux,,newsstand,Leçon_12A,Espaces;Unité_12;Leçon_12A;En ville;En ville;noun
un marché,,market,Leçon_4A,Espaces;Unité_4;Leçon_4A;Au café;Dans la ville;noun
un mari,,husband,Leçon_3A,Espaces;Unité_3;Leçon_3A;La famille et les copains;La famille;noun
un mariage,,marriage; wedding,Leçon_6A,Espaces;Unité_6;Leçon_6A;Les fêtes;Périodes de la vie;noun
un match,,game,Leçon_5A,Espaces;Unité_5;Leçon_5A;Les loisirs;Activités sportives et loisirs;noun
un matin,,a morning,Leçon_2B,Espaces;Unité_2;Leçon_2B;À la fac;Expressions de temps;noun
un mécanicien,,mechanic (m.),Leçon_11B,Espaces;Unité_11;Leçon_11B;La technologie;La voiture;noun
un médecin,,doctor,Leçon_3B,Espaces;Unité_3;Leçon_3B;La famille et les copains;Professions et occupations;noun
un médicament,,medication,Leçon_10B,Espaces;Unité_10;Leçon_10B;La santé;noun
un médicament contre,,medication to prevent,Leçon_10B,Espaces;Unité_10;Leçon_10B;La santé;phrase
un médicament pour,,medication for,Leçon_10B,Espaces;Unité_10;Leçon_10B;La santé;phrase
un membre,,member,Leçon_15A,Espaces;Unité_15;Leçon_15A;Les arts;Les artistes;noun
un menu,,menu,Leçon_9B,Espaces;Unité_9;Leçon_9B;La nourriture;À table!;noun
un métier,,profession,Leçon_13A,Espaces;Unité_13;Leçon_13A;L'avenir et les métiers;La recherche d’emploi;noun
un metteur en scène,,"director (of a play, a show)",Leçon_15A,Espaces;Unité_15;Leçon_15A;Les arts;Les artistes;noun
un meuble,,piece of furniture,Leçon_8A,Espaces;Unité_8;Leçon_8A;Chez nous;Chez soi;noun
un million,,a million,Leçon_5B,Espaces;Unité_5;Leçon_5B;Les loisirs;Numbers 101 and higher;adjective
un miroir,,mirror,Leçon_8A,Espaces;Unité_8;Leçon_8A;Chez nous;Chez soi;noun
un mois,,a month,Leçon_2B,Espaces;Unité_2;Leçon_2B;À la fac;Expressions de temps;noun
un moniteur,,monitor,Leçon_11A,Espaces;Unité_11;Leçon_11A;La technologie;L'ordinateur;noun
un morceau (de),,"piece, bit (of)",Leçon_4B,Espaces;Unité_4;Leçon_4B;Au café;Expressions de quantité;adverb
un mot de passe,,password,Leçon_11A,Espaces;Unité_11;Leçon_11A;La technologie;L'ordinateur;noun
un moteur,,engine,Leçon_11B,Espaces;Unité_11;Leçon_11B;La technologie;La voiture;noun
un mur,,wall,Leçon_8A,Espaces;Unité_8;Leçon_8A;Chez nous;Les parties d'une maison;noun
un musée,,museum,Leçon_4A,Espaces;Unité_4;Leçon_4A;Au café;Dans la ville;noun
un musicien,,musician (m.),Leçon_3B,Espaces;Unité_3;Leçon_3B;La famille et les copains;Professions et occupations;noun
un neveu,,nephew,Leçon_3A,Espaces;Unité_3;Leçon_3A;La famille et les copains;La famille;noun
un niveau,,level,Leçon_13B,Espaces;Unité_13;Leçon_13B;L'avenir et les métiers;Au travail;noun
un nuage de pollution,,pollution cloud,Leçon_14A,Espaces;Unité_14;Leçon_14A;L'espace vert;L’écologie;noun
un numéro de téléphone,,phone number,Leçon_13A,Espaces;Unité_13;Leçon_13A;L'avenir et les métiers;Au téléphone;noun
un objet ,,object,Leçon_1A,Espaces;Unité_1;Leçon_1A;Salut!;Le campus;noun
un œil,,eye,Leçon_10A,Espaces;Unité_10;Leçon_10A;La santé;Le corps;noun
un œuf,,egg,Leçon_9A,Espaces;Unité_9;Leçon_9A;La nourriture;Les viandes et les poissons;noun
un office du tourisme,,tourist office,Leçon_12B,Espaces;Unité_12;Leçon_12B;En ville;Retrouver son chemin;noun
un oignon,,onion,Leçon_9A,Espaces;Unité_9;Leçon_9A;La nourriture;Les légumes;noun
un oiseau,,bird,Leçon_3A,Espaces;Unité_3;Leçon_3A;La famille et les copains;La famille;noun
un oncle,,uncle,Leçon_3A,Espaces;Unité_3;Leçon_3A;La famille et les copains;La famille;noun
un opéra,,opera,Leçon_15A,Espaces;Unité_15;Leçon_15A;Les arts;Aller au spectacle;noun
un orchestre,,orchestra,Leçon_15A,Espaces;Unité_15;Leçon_15A;Les arts;Les artistes;noun
un ordinateur ,,computer,Leçon_1A,Espaces;Unité_1;Leçon_1A;Salut!;Le campus;noun
un oreiller,,pillow,Leçon_8A,Espaces;Unité_8;Leçon_8A;Chez nous;Chez soi;noun
un orteil,,toe,Leçon_10A,Espaces;Unité_10;Leçon_10A;La santé;Le corps;noun
un ouvrier,,"worker, laborer (m.)",Leçon_13B,Espaces;Unité_13;Leçon_13B;L'avenir et les métiers;Les métiers;noun
un pain,,bread,Leçon_4B,Espaces;Unité_4;Leçon_4B;Au café;À table;noun
un pain de campagne,,country-style bread,Leçon_4B,Espaces;Unité_4;Leçon_4B;Au café;À table;noun
un pantalon,,pants,Leçon_6B,Espaces;Unité_6;Leçon_6B;Les fêtes;Les vêtements;noun
un parapluie,,umbrella,Leçon_5B,Espaces;Unité_5;Leçon_5B;Les loisirs;Le temps qu’il fait;noun
un parc,,park,Leçon_4A,Espaces;Unité_4;Leçon_4A;Au café;Dans la ville;noun
un pare-brise,,windshield,Leçon_11B,Espaces;Unité_11;Leçon_11B;La technologie;La voiture;noun
un pare-chocs,,bumper,Leçon_11B,Espaces;Unité_11;Leçon_11B;La technologie;La voiture;noun
un parking,,parking lot,Leçon_11B,Espaces;Unité_11;Leçon_11B;La technologie;La voiture;noun
un passager,,passenger (m.),Leçon_7B,Espaces;Unité_7;Leçon_7B;En vacances;Faire une réservation;noun
un passeport,,passport,Leçon_7B,Espaces;Unité_7;Leçon_7B;En vacances;Faire une réservation;noun
un passe-temps,,"pastime, hobby",Leçon_5A,Espaces;Unité_5;Leçon_5A;Les loisirs;Activités sportives et loisirs;noun
un pâté,,pâté,Leçon_9A,Espaces;Unité_9;Leçon_9A;La nourriture;Les viandes et les poissons;noun
un pâté de campagne,,meat spread,Leçon_9A,Espaces;Unité_9;Leçon_9A;La nourriture;Les viandes et les poissons;noun
un patient,,patient (m.),Leçon_10B,Espaces;Unité_10;Leçon_10B;La santé;noun
un patron,,manager; boss (m.),Leçon_13B,Espaces;Unité_13;Leçon_13B;L'avenir et les métiers;Au travail;noun
un pays,,country ,Leçon_7A,Espaces;Unité_7;Leçon_7A;En vacances;Partir en voyage;noun
un peigne,,comb,Leçon_10A,Espaces;Unité_10;Leçon_10A;La santé;Dans la salle de bains;noun
un peintre,,painter (m.),Leçon_15B,Espaces;Unité_15;Leçon_15B;Les arts;Les artistes;noun
un père,,father,Leçon_3A,Espaces;Unité_3;Leçon_3A;La famille et les copains;La famille;noun
un permis de conduire,,driver's license,Leçon_11B,Espaces;Unité_11;Leçon_11B;La technologie;La voiture;noun
un personnage,,character,Leçon_15A,Espaces;Unité_15;Leçon_15A;Les arts;Les artistes;noun
un personnage principal,,main character,Leçon_15A,Espaces;Unité_15;Leçon_15A;Les arts;Les artistes;noun
un petit ami,,boyfriend,Leçon_1A,Espaces;Unité_1;Leçon_1A;Salut!;Les personnes;noun
un petit-déjeuner,,breakfast,Leçon_9A,Espaces;Unité_9;Leçon_9A;La nourriture;Les repas;noun
un petit-fils,,grandson,Leçon_3A,Espaces;Unité_3;Leçon_3A;La famille et les copains;La famille;noun
un peu (de),,little (of),Leçon_4B,Espaces;Unité_4;Leçon_4B;Au café;Expressions de quantité;adverb
un peu moins (de),,little less (of),Leçon_4B,Espaces;Unité_4;Leçon_4B;Au café;Expressions de quantité;adverb
un peu plus (de),,little more (of),Leçon_4B,Espaces;Unité_4;Leçon_4B;Au café;Expressions de quantité;adverb
un pharmacien,,pharmacist (m.),Leçon_10B,Espaces;Unité_10;Leçon_10B;La santé;noun
un pied,,foot,Leçon_10A,Espaces;Unité_10;Leçon_10A;La santé;Le corps;noun
un pique-nique,,picnic,Leçon_14B,Espaces;Unité_14;Leçon_14B;L'espace vert;La nature;noun
un placard,,"closet, cupboard",Leçon_8A,Espaces;Unité_8;Leçon_8A;Chez nous;Chez soi;noun
un plat  ,,dish ,Leçon_9B,Espaces;Unité_9;Leçon_9B;La nourriture;Les repas;noun
un plat principal,,main dish,Leçon_9B,Espaces;Unité_9;Leçon_9B;La nourriture;Les repas;noun
un plombier,,plumber,Leçon_13B,Espaces;Unité_13;Leçon_13B;L'avenir et les métiers;Les métiers;noun
un pneu,,tire,Leçon_11B,Espaces;Unité_11;Leçon_11B;La technologie;La voiture;noun
un pneu crevé,,flat tire,Leçon_11B,Espaces;Unité_11;Leçon_11B;La technologie;La voiture;noun
un poème,,poem,Leçon_15B,Espaces;Unité_15;Leçon_15B;Les arts;noun
un poète,,poet (m.),Leçon_15B,Espaces;Unité_15;Leçon_15B;Les arts;Les artistes;noun
un poisson,,fish,Leçon_3A,Espaces;Unité_3;Leçon_3A;La famille et les copains;La famille;noun
un poivron,,pepper,Leçon_9A,Espaces;Unité_9;Leçon_9A;La nourriture;Les légumes;noun
un poivron rouge,,red pepper,Leçon_9A,Espaces;Unité_9;Leçon_9A;La nourriture;Les légumes;noun
un poivron vert,,green pepper,Leçon_9A,Espaces;Unité_9;Leçon_9A;La nourriture;Les légumes;noun
un policier,,police officer (m.),Leçon_11B,Espaces;Unité_11;Leçon_11B;La technologie;La voiture;noun
un pompier,,firefighter (m.),Leçon_13B,Espaces;Unité_13;Leçon_13B;L'avenir et les métiers;Les métiers;noun
un pont,,bridge,Leçon_12B,Espaces;Unité_12;Leçon_12B;En ville;Retrouver son chemin;noun
un portable,,cell phone,Leçon_11A,Espaces;Unité_11;Leçon_11A;La technologie;L’électronique;noun
un poste,,position,Leçon_13A,Espaces;Unité_13;Leçon_13A;L'avenir et les métiers;La recherche d’emploi;noun
un poste de télévision,,television set,Leçon_11A,Espaces;Unité_11;Leçon_11A;La technologie;L’électronique;noun
un poulet,,chicken,Leçon_9A,Espaces;Unité_9;Leçon_9A;La nourriture;Les viandes et les poissons;noun
un prix,,price,Leçon_4B,Espaces;Unité_4;Leçon_4B;Au café;noun
un problème,,problem,Leçon_1A,Espaces;Unité_1;Leçon_1A;Salut!;Le campus;noun
un produit,,product,Leçon_14A,Espaces;Unité_14;Leçon_14A;L'espace vert;L’écologie;noun
un professeur,,"teacher, professor",Leçon_1A,Espaces;Unité_1;Leçon_1A;Salut!;Les personnes;noun
un programme,,program,Leçon_15B,Espaces;Unité_15;Leçon_15B;Les arts;Le cinéma et la télévision;noun
un propriétaire,,owner (m.),Leçon_8A,Espaces;Unité_8;Leçon_8A;Chez nous;Chez soi;noun
un psychologue,,psychologist (m.),Leçon_13B,Espaces;Unité_13;Leçon_13B;L'avenir et les métiers;Les métiers;noun
un pull,,sweater,Leçon_6B,Espaces;Unité_6;Leçon_6B;Les fêtes;Les vêtements;noun
un quartier,,"area, neighborhood",Leçon_8A,Espaces;Unité_8;Leçon_8A;Chez nous;Chez soi;noun
un rasoir,,razor,Leçon_10A,Espaces;Unité_10;Leçon_10A;La santé;Dans la salle de bains;noun
un réalisateur,,director (of a movie) (m.),Leçon_15A,Espaces;Unité_15;Leçon_15A;Les arts;Les artistes;noun
un rendez-vous,,date; appointment,Leçon_6A,Espaces;Unité_6;Leçon_6A;Les fêtes;Les relations;noun
un repas,,meal,Leçon_9A,Espaces;Unité_9;Leçon_9A;La nourriture;Les repas;noun
un réseau,,network,Leçon_11A,Espaces;Unité_11;Leçon_11A;La technologie;L’électronique;noun
un réseau social,,social network,Leçon_11A,Espaces;Unité_11;Leçon_11A;La technologie;L’électronique;noun
un réservoir d’essence,,gas tank,Leçon_11B,Espaces;Unité_11;Leçon_11B;La technologie;La voiture;noun
un restaurant,,restaurant ,Leçon_4A,Espaces;Unité_4;Leçon_4A;Au café;Dans la ville;noun
un restaurant universitaire ,,university cafeteria,Leçon_2A,Espaces;Unité_2;Leçon_2A;À la fac;L'université;noun
un resto U,,university cafeteria,Leçon_2A,Espaces;Unité_2;Leçon_2A;À la fac;L'université;noun
un résultat,,result,Leçon_1B,Espaces;Unité_1;Leçon_1B;Salut!;Le campus;noun
un retraité,,retired person (m.),Leçon_13B,Espaces;Unité_13;Leçon_13B;L'avenir et les métiers;Au travail;noun
un rétroviseur,,rearview mirror,Leçon_11B,Espaces;Unité_11;Leçon_11B;La technologie;La voiture;noun
un réveil,,alarm clock,Leçon_10A,Espaces;Unité_10;Leçon_10A;La santé;Dans la salle de bains;noun
un rhume,,cold,Leçon_10B,Espaces;Unité_10;Leçon_10B;La santé;noun
un rideau,,"drape, curtain",Leçon_8A,Espaces;Unité_8;Leçon_8A;Chez nous;Chez soi;noun
un roman,,novel,Leçon_15B,Espaces;Unité_15;Leçon_15B;Les arts;noun
un sac à dos ,,backpack,Leçon_1A,Espaces;Unité_1;Leçon_1A;Salut!;Le campus;noun
un sac à main,,"purse, handbag",Leçon_6B,Espaces;Unité_6;Leçon_6B;Les fêtes;Les vêtements;noun
un salaire,,salary,Leçon_13B,Espaces;Unité_13;Leçon_13B;L'avenir et les métiers;La recherche d’emploi;noun
un salaire élevé,,high salary,Leçon_13B,Espaces;Unité_13;Leçon_13B;L'avenir et les métiers;La recherche d’emploi;noun
un salaire modeste,,low salary,Leçon_13B,Espaces;Unité_13;Leçon_13B;L'avenir et les métiers;La recherche d’emploi;noun
un salon,,formal living/sitting room,Leçon_8A,Espaces;Unité_8;Leçon_8A;Chez nous;Les parties d'une maison;noun
un salon de beauté,,beauty salon,Leçon_12A,Espaces;Unité_12;Leçon_12A;En ville;En ville;noun
un sandwich,,sandwich,Leçon_4B,Espaces;Unité_4;Leçon_4B;Au café;À table;noun
un sculpteur,,sculptor (m.),Leçon_15B,Espaces;Unité_15;Leçon_15B;Les arts;Les artistes;noun
un sèche-linge,,clothes dryer,Leçon_8B,Espaces;Unité_8;Leçon_8B;Chez nous;Les appareils ménagers;noun
un sentier,,path,Leçon_14B,Espaces;Unité_14;Leçon_14B;L'espace vert;La nature;noun
un serpent,,snake,Leçon_14B,Espaces;Unité_14;Leçon_14B;L'espace vert;Les animaux;noun
un serveur,,server (m.),Leçon_4B,Espaces;Unité_4;Leçon_4B;Au café;noun
un short,,shorts,Leçon_6B,Espaces;Unité_6;Leçon_6B;Les fêtes;Les vêtements;noun
un site Internet,,website,Leçon_11A,Espaces;Unité_11;Leçon_11A;La technologie;L'ordinateur;noun
un site web,,website,Leçon_11A,Espaces;Unité_11;Leçon_11A;La technologie;L'ordinateur;noun
un smartphone,,smartphone,Leçon_11A,Espaces;Unité_11;Leçon_11A;La technologie;L’électronique;noun
un SMS,,text message,Leçon_11A,Espaces;Unité_11;Leçon_11A;La technologie;L’électronique;noun
un soir,,an evening,Leçon_2B,Espaces;Unité_2;Leçon_2B;À la fac;Expressions de temps;noun
un sous-sol,,basement,Leçon_8A,Espaces;Unité_8;Leçon_8A;Chez nous;Les parties d'une maison;noun
un sous-vêtement,,underwear,Leçon_6B,Espaces;Unité_6;Leçon_6B;Les fêtes;Les vêtements;noun
un spécialiste,,specialist (m.),Leçon_13A,Espaces;Unité_13;Leçon_13A;L'avenir et les métiers;Qualifications;noun
un spectacle,,show,Leçon_5A,Espaces;Unité_5;Leçon_5A;Les loisirs;Activités sportives et loisirs;noun
un spectateur,,spectator (m.),Leçon_15A,Espaces;Unité_15;Leçon_15A;Les arts;Aller au spectacle;noun
un stade,,stadium,Leçon_5A,Espaces;Unité_5;Leçon_5A;Les loisirs;Activités sportives et loisirs;noun
un stage,,internship; professional training,Leçon_13A,Espaces;Unité_13;Leçon_13A;L'avenir et les métiers;Qualifications;noun
un steak,,steak,Leçon_9A,Espaces;Unité_9;Leçon_9A;La nourriture;Les viandes et les poissons;noun
un studio,,studio (apartment),Leçon_8A,Espaces;Unité_8;Leçon_8A;Chez nous;Les parties d'une maison;noun
un stylo ,,pen,Leçon_1A,Espaces;Unité_1;Leçon_1A;Salut!;Le campus;noun
un supermarché,,supermarket,Leçon_9B,Espaces;Unité_9;Leçon_9B;La nourriture;Les achats;noun
un symptôme,,symptom,Leçon_10B,Espaces;Unité_10;Leçon_10B;La santé;noun
un syndicat,,union,Leçon_13B,Espaces;Unité_13;Leçon_13B;L'avenir et les métiers;Au travail;noun
un tableau ,,blackboard; picture; painting,Leçon_1A; Leçon_15B,Espaces;Unité_1;Leçon_1A;Salut!;Le campus;noun;Unité_15;Leçon_15B;Les arts
un tailleur,,(woman's) suit; tailor,Leçon_6B,Espaces;Unité_6;Leçon_6B;Les fêtes;Les vêtements;noun
un tapis,,rug,Leçon_8A,Espaces;Unité_8;Leçon_8A;Chez nous;Chez soi;noun
un tee-shirt,,tee shirt,Leçon_6B,Espaces;Unité_6;Leçon_6B;Les fêtes;Les vêtements;noun
un texto,,text message,Leçon_11A,Espaces;Unité_11;Leçon_11A;La technologie;L’électronique;noun
un thé,,tea,Leçon_4B,Espaces;Unité_4;Leçon_4B;Au café;À table;noun
un thé glacé,,iced tea,Leçon_4B,Espaces;Unité_4;Leçon_4B;Au café;À table;noun
un ticket,,ticket,Leçon_7A,Espaces;Unité_7;Leçon_7A;En vacances;Partir en voyage;noun
un ticket de bus,,bus ticket,Leçon_7A,Espaces;Unité_7;Leçon_7A;En vacances;Partir en voyage;noun
un ticket de métro,,subway ticket,Leçon_7A,Espaces;Unité_7;Leçon_7A;En vacances;Partir en voyage;noun
un timbre,,stamp,Leçon_12A,Espaces;Unité_12;Leçon_12A;En ville;À la poste;noun
un tiroir,,drawer,Leçon_8A,Espaces;Unité_8;Leçon_8A;Chez nous;Chez soi;noun
un vendeur,,salesman,Leçon_6B,Espaces;Unité_6;Leçon_6B;Les fêtes;Les vêtements;noun
un verre (de),,glass (of) ,Leçon_4B,Espaces;Unité_4;Leçon_4B;Au café;Expressions de quantité;adverb
un vétérinaire,,veterinarian (m.),Leçon_13B,Espaces;Unité_13;Leçon_13B;L'avenir et les métiers;Les métiers;noun
un voisin,,neighbor (m.),Leçon_3A,Espaces;Unité_3;Leçon_3A;La famille et les copains;Vocabulaire supplémentaire;noun
un vol,,flight,Leçon_7A,Espaces;Unité_7;Leçon_7A;En vacances;Partir en voyage;noun
un volant,,steering wheel,Leçon_11B,Espaces;Unité_11;Leçon_11B;La technologie;La voiture;noun
un volcan,,volcano,Leçon_14B,Espaces;Unité_14;Leçon_14B;L'espace vert;La nature;noun
un voyage,,trip ,Leçon_7A,Espaces;Unité_7;Leçon_7A;En vacances;Partir en voyage;noun
un voyant,,warning light,Leçon_11B,Espaces;Unité_11;Leçon_11B;La technologie;La voiture;noun
un voyant d’essence,,gas warning light,Leçon_11B,Espaces;Unité_11;Leçon_11B;La technologie;La voiture;noun
un voyant d’huile,,oil warning light,Leçon_11B,Espaces;Unité_11;Leçon_11B;La technologie;La voiture;noun
un week-end,,a weekend,Leçon_2B,Espaces;Unité_2;Leçon_2B;À la fac;Expressions de temps;noun
un yaourt,,yogurt,Leçon_9A,Espaces;Unité_9;Leçon_9A;La nourriture;Autres aliments;noun
une actrice,,actress,Leçon_1A,Espaces;Unité_1;Leçon_1A;Salut!;Les personnes;noun
une adresse,,address,Leçon_12A,Espaces;Unité_12;Leçon_12A;En ville;À la poste;noun
une affiche,,poster,Leçon_8A,Espaces;Unité_8;Leçon_8A;Chez nous;Chez soi;noun
une agence de voyages,,travel agency,Leçon_7B,Espaces;Unité_7;Leçon_7B;En vacances;Faire une réservation;noun
une agricultrice,,farmer (f.),Leçon_13B,Espaces;Unité_13;Leçon_13B;L'avenir et les métiers;Les métiers;noun
une allergie,,allergy,Leçon_10B,Espaces;Unité_10;Leçon_10B;La santé;noun
une amende,,fine,Leçon_11B,Espaces;Unité_11;Leçon_11B;La technologie;La voiture;noun
une amie,,friend (f.),Leçon_1A,Espaces;Unité_1;Leçon_1A;Salut!;Les personnes;noun
une amitié,,friendship,Leçon_6A,Espaces;Unité_6;Leçon_6A;Les fêtes;Les relations;noun
une année,,one year,Leçon_2B,Espaces;Unité_2;Leçon_2B;À la fac;Expressions de temps;phrase
une architecte,,architect (f.),Leçon_3B,Espaces;Unité_3;Leçon_3B;La famille et les copains;Professions et occupations;noun
une armoire,,"armoire, wardrobe",Leçon_8A,Espaces;Unité_8;Leçon_8A;Chez nous;Chez soi;noun
une arrivée,,arrival,Leçon_7A,Espaces;Unité_7;Leçon_7A;En vacances;Partir en voyage;noun
une artiste,,artist (f.),Leçon_3B,Espaces;Unité_3;Leçon_3B;La famille et les copains;Professions et occupations;noun
une aspirine,,aspirin,Leçon_10B,Espaces;Unité_10;Leçon_10B;La santé;noun
une assiette,,plate,Leçon_9B,Espaces;Unité_9;Leçon_9B;La nourriture;À table!;noun
une assurance,,insurance,Leçon_13B,Espaces;Unité_13;Leçon_13B;L'avenir et les métiers;Au travail;noun
une assurance maladie,,health insurance,Leçon_13B,Espaces;Unité_13;Leçon_13B;L'avenir et les métiers;Au travail;noun
une assurance vie,,life insurance,Leçon_13B,Espaces;Unité_13;Leçon_13B;L'avenir et les métiers;Au travail;noun
une athlète,,athlete (f.),Leçon_3B,Espaces;Unité_3;Leçon_3B;La famille et les copains;Professions et occupations;noun
une auberge de jeunesse,,youth hostel,Leçon_7B,Espaces;Unité_7;Leçon_7B;En vacances;Faire une réservation;noun
une augmentation,,raise,Leçon_13B,Espaces;Unité_13;Leçon_13B;L'avenir et les métiers;Au travail;noun
une augmentation de salaire,,raise in salary,Leçon_13B,Espaces;Unité_13;Leçon_13B;L'avenir et les métiers;Au travail;noun
une autoroute,,highway,Leçon_11B,Espaces;Unité_11;Leçon_11B;La technologie;La voiture;noun
une avenue,,avenue,Leçon_12B,Espaces;Unité_12;Leçon_12B;En ville;Retrouver son chemin;noun
une avocate,,lawyer (f.),Leçon_3B,Espaces;Unité_3;Leçon_3B;La famille et les copains;Professions et occupations;noun
une baguette,,"baguette (long, thin loaf of bread)",Leçon_4B,Espaces;Unité_4;Leçon_4B;Au café;À table;noun
une baignoire,,bathtub,Leçon_8A,Espaces;Unité_8;Leçon_8A;Chez nous;Chez soi;noun
une banane,,banana,Leçon_9A,Espaces;Unité_9;Leçon_9A;La nourriture;Les fruits;noun
une bande dessinée (B.D.),,comic strip,Leçon_5A,Espaces;Unité_5;Leçon_5A;Les loisirs;Activités sportives et loisirs;noun
une banlieue,,suburbs,Leçon_4A,Espaces;Unité_4;Leçon_4A;Au café;Dans la ville;noun
une banque,,bank,Leçon_12A,Espaces;Unité_12;Leçon_12A;En ville;En ville;noun
une banquière,,banker (f.),Leçon_13B,Espaces;Unité_13;Leçon_13B;L'avenir et les métiers;Les métiers;noun
une belle-mère,,mother-in-law; stepmother,Leçon_3A,Espaces;Unité_3;Leçon_3A;La famille et les copains;La famille;noun
une belle-sœur,,sister-in-law,Leçon_3A,Espaces;Unité_3;Leçon_3A;La famille et les copains;La famille;noun
une bibliothèque,,library,Leçon_1A,Espaces;Unité_1;Leçon_1A;Salut!;Le campus;noun
une bière,,beer,Leçon_6A,Espaces;Unité_6;Leçon_6A;Les fêtes;noun
une bijouterie,,jewelry store,Leçon_12A,Espaces;Unité_12;Leçon_12A;En ville;En ville;noun
une blessure,,"injury, wound",Leçon_10B,Espaces;Unité_10;Leçon_10B;La santé;noun
une boisson,,drink/beverage,Leçon_4B,Espaces;Unité_4;Leçon_4B;Au café;À table;noun
une boisson gazeuse,,"soft, carbonated drink/beverage",Leçon_4B,Espaces;Unité_4;Leçon_4B;Au café;À table;noun
une boîte,,club; can,Leçon_4A; Leçon_9B,Espaces;Unité_4;Leçon_4A;Au café;Dans la ville;noun;Unité_9;Leçon_9B;La nourriture;À table!
une boîte aux lettres,,mailbox,Leçon_12A,Espaces;Unité_12;Leçon_12A;En ville;À la poste;noun
une boîte de conserve,,can,Leçon_9B,Espaces;Unité_9;Leçon_9B;La nourriture;À table!;noun
une boîte de nuit,,nightclub,Leçon_4A,Espaces;Unité_4;Leçon_4A;Au café;Dans la ville;noun
une boucherie,,butcher’s shop,Leçon_9B,Espaces;Unité_9;Leçon_9B;La nourriture;Les achats;noun
une boulangerie,,"bread shop, bakery",Leçon_9B,Espaces;Unité_9;Leçon_9B;La nourriture;Les achats;noun
une bourse,,"scholarship, grant",Leçon_2A,Espaces;Unité_2;Leçon_2A;À la fac;L'université;noun
une bouteille (de),,bottle (of),Leçon_4B,Espaces;Unité_4;Leçon_4B;Au café;Expressions de quantité;adverb
une boutique,,"boutique, store",Leçon_12A,Espaces;Unité_12;Leçon_12A;En ville;En ville;noun
une brasserie,,"café, restaurant",Leçon_12A,Espaces;Unité_12;Leçon_12A;En ville;En ville;noun
une brosse,,brush,Leçon_10A,Espaces;Unité_10;Leçon_10A;La santé;Dans la salle de bains;noun
une brosse à cheveux,,hairbrush,Leçon_10A,Espaces;Unité_10;Leçon_10A;La santé;Dans la salle de bains;noun
une brosse à dents,,toothbrush,Leçon_10A,Espaces;Unité_10;Leçon_10A;La santé;Dans la salle de bains;noun
une cabine téléphonique,,phone booth,Leçon_12B,Espaces;Unité_12;Leçon_12B;En ville;Retrouver son chemin;noun
une cafetière,,coffeemaker,Leçon_8B,Espaces;Unité_8;Leçon_8B;Chez nous;Les appareils ménagers;noun
une calculatrice ,,calculator,Leçon_1B,Espaces;Unité_1;Leçon_1B;Salut!;Le campus;noun
une camarade de chambre,,roommate (f.),Leçon_1B,Espaces;Unité_1;Leçon_1B;Salut!;Les personnes;noun
une camarade de classe,,classmate (f.),Leçon_1B,Espaces;Unité_1;Leçon_1B;Salut!;Les personnes;noun
une candidate,,"candidate, applicant (f.)",Leçon_13A,Espaces;Unité_13;Leçon_13A;L'avenir et les métiers;La recherche d’emploi;noun
une cantine,,(school) cafeteria,Leçon_9A,Espaces;Unité_9;Leçon_9A;La nourriture;À table!;noun
une capitale,,capital,Leçon_7A,Espaces;Unité_7;Leçon_7A;En vacances;Partir en voyage;noun
une carafe d’eau,,pitcher of water,Leçon_9B,Espaces;Unité_9;Leçon_9B;La nourriture;À table!;noun
une carotte,,carrot,Leçon_9A,Espaces;Unité_9;Leçon_9A;La nourriture;Les légumes;noun
une carrière,,career,Leçon_13B,Espaces;Unité_13;Leçon_13B;L'avenir et les métiers;Au travail;noun
une carte,,map; menu,Leçon_1A; Leçon_9B,Espaces;Unité_1;Leçon_1A;Salut!;Le campus;noun;Unité_9;Leçon_9B;La nourriture;À table!
une carte postale,,postcard,Leçon_12A,Espaces;Unité_12;Leçon_12A;En ville;À la poste;noun
une casquette,,(baseball) cap,Leçon_6B,Espaces;Unité_6;Leçon_6B;Les fêtes;Les vêtements;noun
une catastrophe,,catastrophe,Leçon_14A,Espaces;Unité_14;Leçon_14A;L'espace vert;L’écologie;noun
une cave,,cellar; basement,Leçon_8A,Espaces;Unité_8;Leçon_8A;Chez nous;Les parties d'une maison;noun
une ceinture,,belt,Leçon_6B,Espaces;Unité_6;Leçon_6B;Les fêtes;Les vêtements;noun
une centrale nucléaire,,nuclear plant,Leçon_14A,Espaces;Unité_14;Leçon_14A;L'espace vert;L’écologie;noun
une chaîne,,channel,Leçon_11A,Espaces;Unité_11;Leçon_11A;La technologie;L’électronique;noun
une chaîne de télévision,,television channel,Leçon_11A,Espaces;Unité_11;Leçon_11A;La technologie;L’électronique;noun
une chaîne stéréo,,stereo system,Leçon_11A,Espaces;Unité_11;Leçon_11A;La technologie;L’électronique;noun
une chaise,,chair,Leçon_1A,Espaces;Unité_1;Leçon_1A;Salut!;Le campus;noun
une chambre,,bedroom,Leçon_8A,Espaces;Unité_8;Leçon_8A;Chez nous;Les parties d'une maison;noun
une chambre individuelle,,single room,Leçon_7B,Espaces;Unité_7;Leçon_7B;En vacances;Faire une réservation;noun
une chanson,,song,Leçon_15A,Espaces;Unité_15;Leçon_15A;Les arts;Aller au spectacle;noun
une chanteuse,,singer (f.),Leçon_1A,Espaces;Unité_1;Leçon_1A;Salut!;Les personnes;noun
une charcuterie,,delicatessen,Leçon_9B,Espaces;Unité_9;Leçon_9B;La nourriture;Les achats;noun
une chaussette,,sock,Leçon_6B,Espaces;Unité_6;Leçon_6B;Les fêtes;Les vêtements;noun
une chaussure,,shoe,Leçon_6B,Espaces;Unité_6;Leçon_6B;Les fêtes;Les vêtements;noun
une chemise,,shirt,Leçon_6B,Espaces;Unité_6;Leçon_6B;Les fêtes;Les vêtements;noun
une chemise à manches courtes,,short-sleeved shirt,Leçon_6B,Espaces;Unité_6;Leçon_6B;Les fêtes;Les vêtements;noun
une chemise à manches longues,,long-sleeved shirt ,Leçon_6B,Espaces;Unité_6;Leçon_6B;Les fêtes;Les vêtements;noun
une chercheuse,,researcher (f.),Leçon_13B,Espaces;Unité_13;Leçon_13B;L'avenir et les métiers;Les métiers;noun
une chômeuse,,unemployed person (f.),Leçon_13B,Espaces;Unité_13;Leçon_13B;L'avenir et les métiers;La recherche d’emploi;noun
une chose ,,thing,Leçon_1A,Espaces;Unité_1;Leçon_1A;Salut!;Le campus;noun
une classe,,class (group of students),Leçon_1B,Espaces;Unité_1;Leçon_1B;Salut!;Les personnes;noun
une clé,,key,Leçon_7B,Espaces;Unité_7;Leçon_7B;En vacances;Faire une réservation;noun
une cliente,,client; guest (f.),Leçon_7B,Espaces;Unité_7;Leçon_7B;En vacances;Faire une réservation;noun
une coiffeuse,,hairdresser (f.),Leçon_3B,Espaces;Unité_3;Leçon_3B;La famille et les copains;Professions et occupations;noun
une comédie,,comedy,Leçon_15A,Espaces;Unité_15;Leçon_15A;Les arts;Aller au spectacle;noun
une comédie musicale,,comedy musical,Leçon_15A,Espaces;Unité_15;Leçon_15A;Les arts;Aller au spectacle;noun
une commerçante,,shopkeeper (f.),Leçon_9B,Espaces;Unité_9;Leçon_9B;La nourriture;Les achats;noun
une commode,,"dresser, chest of drawers",Leçon_8A,Espaces;Unité_8;Leçon_8A;Chez nous;Chez soi;noun
une compagnie,,company,Leçon_13A,Espaces;Unité_13;Leçon_13A;L'avenir et les métiers;La recherche d’emploi;noun
une comptable,,accountant (f.),Leçon_13B,Espaces;Unité_13;Leçon_13B;L'avenir et les métiers;Les métiers;noun
une conseillère,,consultant; advisor (f.),Leçon_13B,Espaces;Unité_13;Leçon_13B;L'avenir et les métiers;Les métiers;noun
une copain ,,friend (f.),Leçon_1B,Espaces;Unité_1;Leçon_1B;Salut!;Les personnes;noun
une corbeille,,basket,Leçon_1A,Espaces;Unité_1;Leçon_1A;Salut!;Le campus;noun
une corbeille à papier,,wastebasket,Leçon_1A,Espaces;Unité_1;Leçon_1A;Salut!;Le campus;phrase
une côte,,coast,Leçon_14B,Espaces;Unité_14;Leçon_14B;L'espace vert;La nature;noun
une cousine,,cousin (f.),Leçon_3A,Espaces;Unité_3;Leçon_3A;La famille et les copains;La famille;noun
une couverture,,blanket,Leçon_8A,Espaces;Unité_8;Leçon_8A;Chez nous;Chez soi;noun
une cravate,,tie,Leçon_6B,Espaces;Unité_6;Leçon_6B;Les fêtes;Les vêtements;noun
une critique,,review; criticism,Leçon_15B,Espaces;Unité_15;Leçon_15B;Les arts;noun
une cuillère,,spoon,Leçon_9B,Espaces;Unité_9;Leçon_9B;La nourriture;À table!;noun
une cuillère à café,,teaspoon,Leçon_9B,Espaces;Unité_9;Leçon_9B;La nourriture;À table!;phrase
une cuillère à soupe,,soupspoon,Leçon_9B,Espaces;Unité_9;Leçon_9B;La nourriture;À table!;phrase
une cuisine,,kitchen,Leçon_8A,Espaces;Unité_8;Leçon_8A;Chez nous;Les parties d'une maison;noun
une cuisinière,,"stove; female cook; cook, chef (f.)",Leçon_8B; Leçon_13B,Espaces;Unité_8;Leçon_8B;Chez nous;Les appareils ménagers;noun;Unité_13;Leçon_13B;L'avenir et les métiers;Les métiers
une danse,,dance,Leçon_15A,Espaces;Unité_15;Leçon_15A;Les arts;Aller au spectacle;noun
une danseuse,,dancer (f.),Leçon_15A,Espaces;Unité_15;Leçon_15A;Les arts;Les artistes;noun
une demi-sœur,,half-sister; stepsister,Leçon_3A,Espaces;Unité_3;Leçon_3A;La famille et les copains;La famille;noun
une dentiste,,dentist (f.),Leçon_3B; Leçon_10B,Espaces;Unité_3;Leçon_3B;La famille et les copains;Professions et occupations;noun;Unité_10;Leçon_10B;La santé
une dépense,,"expenditure, expense",Leçon_12A,Espaces;Unité_12;Leçon_12A;En ville;À la banque;noun
une différence,,difference,Leçon_1A,Espaces;Unité_1;Leçon_1A;Salut!;Le campus;noun
une douane,,customs,Leçon_7A,Espaces;Unité_7;Leçon_7A;En vacances;Partir en voyage;noun
une douche,,shower,Leçon_8A,Espaces;Unité_8;Leçon_8A;Chez nous;Chez soi;noun
une douleur,,pain,Leçon_10B,Espaces;Unité_10;Leçon_10B;La santé;noun
une eau,,water,Leçon_4B,Espaces;Unité_4;Leçon_4B;Au café;À table;noun
une eau minérale,,mineral water,Leçon_4B,Espaces;Unité_4;Leçon_4B;Au café;À table;noun
une écharpe,,scarf,Leçon_6B,Espaces;Unité_6;Leçon_6B;Les fêtes;Les vêtements;noun
une église,,church,Leçon_4A,Espaces;Unité_4;Leçon_4A;Au café;Dans la ville;noun
une électricienne,,electrician (f.),Leçon_13B,Espaces;Unité_13;Leçon_13B;L'avenir et les métiers;Les métiers;noun
une élève,,"pupil, student (f.)",Leçon_1B,Espaces;Unité_1;Leçon_1B;Salut!;Les personnes;noun
une émission,,program,Leçon_15B,Espaces;Unité_15;Leçon_15B;Les arts;Le cinéma et la télévision;noun
une émission de télévision,,television program,Leçon_15B,Espaces;Unité_15;Leçon_15B;Les arts;Le cinéma et la télévision;noun
une employée,,employee (f.),Leçon_13B,Espaces;Unité_13;Leçon_13B;L'avenir et les métiers;Au travail;noun
une entrée,,"appetizer, starter",Leçon_9B,Espaces;Unité_9;Leçon_9B;La nourriture;Les repas;noun
une entreprise,,"firm, business",Leçon_13A,Espaces;Unité_13;Leçon_13A;L'avenir et les métiers;La recherche d’emploi;noun
une enveloppe,,envelope,Leçon_12A,Espaces;Unité_12;Leçon_12A;En ville;À la poste;noun
une épicerie,,grocery store,Leçon_4A,Espaces;Unité_4;Leçon_4A;Au café;Dans la ville;noun
une épouse,,spouse (f.),Leçon_3A,Espaces;Unité_3;Leçon_3A;La famille et les copains;La famille;noun
une équipe,,team,Leçon_5A,Espaces;Unité_5;Leçon_5A;Les loisirs;Activités sportives et loisirs;noun
une espèce,,species,Leçon_14B,Espaces;Unité_14;Leçon_14B;L'espace vert;La nature;noun
une espèce menacée,,endangered species,Leçon_14B,Espaces;Unité_14;Leçon_14B;L'espace vert;La nature;noun
une étagère,,shelf,Leçon_8A,Espaces;Unité_8;Leçon_8A;Chez nous;Chez soi;noun
une étape,,stage,Leçon_6A,Espaces;Unité_6;Leçon_6A;Les fêtes;Périodes de la vie;noun
une étoile,,star,Leçon_14B,Espaces;Unité_14;Leçon_14B;L'espace vert;La nature;noun
une étudiante,,student (f.),Leçon_1A,Espaces;Unité_1;Leçon_1A;Salut!;Les personnes;noun
une expérience professionnelle,,professional experience,Leçon_13A,Espaces;Unité_13;Leçon_13A;L'avenir et les métiers;Qualifications;noun
une exposition,,exhibit,Leçon_15B,Espaces;Unité_15;Leçon_15B;Les arts;noun
une faculté,,university; faculty,Leçon_1A,Espaces;Unité_1;Leçon_1A;Salut!;Le campus;noun
une falaise,,cliff,Leçon_14B,Espaces;Unité_14;Leçon_14B;L'espace vert;La nature;noun
une famille,,family,Leçon_3A,Espaces;Unité_3;Leçon_3A;La famille et les copains;La famille;noun
une femme,,wife; woman,Leçon_3A; Leçon_1B,Espaces;Unité_3;Leçon_3A;La famille et les copains;La famille;noun;Unité_1;Leçon_1B;Salut!;Les personnes
une femme au foyer,,housewife,Leçon_13B,Espaces;Unité_13;Leçon_13B;L'avenir et les métiers;Les métiers;noun
une femme auteur,,author (f.),Leçon_15B,Espaces;Unité_15;Leçon_15B;Les arts;Les artistes;noun
une femme cadre,,executive (f.),Leçon_13B,Espaces;Unité_13;Leçon_13B;L'avenir et les métiers;Les métiers;noun
une femme d’affaires,,businesswoman,Leçon_3B,Espaces;Unité_3;Leçon_3B;La famille et les copains;Professions et occupations;noun
une femme écrivain,,writer (f.),Leçon_15B,Espaces;Unité_15;Leçon_15B;Les arts;Les artistes;noun
une femme peintre,,painter (f.),Leçon_15B,Espaces;Unité_15;Leçon_15B;Les arts;Les artistes;noun
une femme politique,,politician (f.),Leçon_13B,Espaces;Unité_13;Leçon_13B;L'avenir et les métiers;Les métiers;noun
une femme pompier,,firefighter (f.),Leçon_13B,Espaces;Unité_13;Leçon_13B;L'avenir et les métiers;Les métiers;noun
une femme sculpteur,,sculptor (f.),Leçon_15B,Espaces;Unité_15;Leçon_15B;Les arts;Les artistes;noun
une fenêtre,,window,Leçon_1A,Espaces;Unité_1;Leçon_1A;Salut!;Le campus;noun
une fête,,party; celebration,Leçon_6A,Espaces;Unité_6;Leçon_6A;Les fêtes;noun
une feuille  ,,sheet ,Leçon_1A,Espaces;Unité_1;Leçon_1A;Salut!;Le campus;noun
une feuille de papier ,,sheet of paper,Leçon_1A,Espaces;Unité_1;Leçon_1A;Salut!;Le campus;phrase
une fiancée,,fiancé (f.),Leçon_6A,Espaces;Unité_6;Leçon_6A;Les fêtes;Les relations;noun
une fièvre,,fever,Leçon_10B,Espaces;Unité_10;Leçon_10B;La santé;noun
une fille,,daughter; girl,Leçon_3A; Leçon_1B,Espaces;Unité_3;Leçon_3A;La famille et les copains;La famille;noun;Unité_1;Leçon_1B;Salut!;Les personnes
une fleur,,flower,Leçon_8A,Espaces;Unité_8;Leçon_8A;Chez nous;Chez soi;noun
une fois,,one time; once,Leçon_5A; Leçon_8B,Espaces;Unité_5;Leçon_5A;Les loisirs;La fréquence;adverb;Unité_8;Leçon_8B;Chez nous;Expressions that signal a past tense
une fontaine,,fountain,Leçon_12B,Espaces;Unité_12;Leçon_12B;En ville;Retrouver son chemin;noun
une forêt,,forest,Leçon_14B,Espaces;Unité_14;Leçon_14B;L'espace vert;La nature;noun
une forêt tropicale,,tropical forest,Leçon_14B,Espaces;Unité_14;Leçon_14B;L'espace vert;La nature;noun
une formation,,education; training,Leçon_13A,Espaces;Unité_13;Leçon_13A;L'avenir et les métiers;Qualifications;noun
une fourchette,,fork,Leçon_9B,Espaces;Unité_9;Leçon_9B;La nourriture;À table!;noun
une fraise,,strawberry,Leçon_9A,Espaces;Unité_9;Leçon_9A;La nourriture;Les fruits;noun
une gare,,train station,Leçon_7A,Espaces;Unité_7;Leçon_7A;En vacances;Partir en voyage;noun
une gare routière,,bus terminal,Leçon_7A,Espaces;Unité_7;Leçon_7A;En vacances;Partir en voyage;noun
une gérante,,manager (f.),Leçon_13B,Espaces;Unité_13;Leçon_13B;L'avenir et les métiers;Les métiers;noun
une grand-mère,,grandmother,Leçon_3A,Espaces;Unité_3;Leçon_3A;La famille et les copains;La famille;noun
une histoire,,story,Leçon_15B,Espaces;Unité_15;Leçon_15B;Les arts;Le cinéma et la télévision;noun
une horloge ,,clock,Leçon_1A,Espaces;Unité_1;Leçon_1A;Salut!;Le campus;noun
une hôtelière,,hotel keeper (f.),Leçon_7B,Espaces;Unité_7;Leçon_7B;En vacances;Faire une réservation;noun
une hôtesse,,hostess,Leçon_6A,Espaces;Unité_6;Leçon_6A;Les fêtes;noun
une île,,island,Leçon_14B,Espaces;Unité_14;Leçon_14B;L'espace vert;La nature;noun
une imprimante,,printer,Leçon_11A,Espaces;Unité_11;Leçon_11A;La technologie;L'ordinateur;noun
une infirmière,,nurse (f.),Leçon_10B,Espaces;Unité_10;Leçon_10B;La santé;noun
une invitée,,guest (f.),Leçon_6A,Espaces;Unité_6;Leçon_6A;Les fêtes;noun
une jambe,,leg,Leçon_10A,Espaces;Unité_10;Leçon_10A;La santé;Le corps;noun
une joue,,cheek,Leçon_10A,Espaces;Unité_10;Leçon_10A;La santé;Le corps;noun
une joueuse,,player (f.),Leçon_5A,Espaces;Unité_5;Leçon_5A;Les loisirs;Activités sportives et loisirs;noun
une journaliste,,journalist (f.),Leçon_3B,Espaces;Unité_3;Leçon_3B;La famille et les copains;Professions et occupations;noun
une journée,,day,Leçon_2B,Espaces;Unité_2;Leçon_2B;À la fac;Expressions de temps;noun
une jupe,,skirt,Leçon_6B,Espaces;Unité_6;Leçon_6B;Les fêtes;Les vêtements;noun
une laitue,,lettuce,Leçon_9A,Espaces;Unité_9;Leçon_9A;La nourriture;Les légumes;noun
une lampe,,lamp,Leçon_8A,Espaces;Unité_8;Leçon_8A;Chez nous;Chez soi;noun
une laverie,,laundromat,Leçon_12A,Espaces;Unité_12;Leçon_12A;En ville;En ville;noun
une lettre de motivation,,letter of application,Leçon_13A,Espaces;Unité_13;Leçon_13A;L'avenir et les métiers;La recherche d’emploi;noun
une lettre de recommandation,,letter of reference/recommendation,Leçon_13A,Espaces;Unité_13;Leçon_13A;L'avenir et les métiers;Qualifications;noun
une librairie,,bookstore,Leçon_1A,Espaces;Unité_1;Leçon_1A;Salut!;Le campus;noun
une limonade,,lemonade,Leçon_4B,Espaces;Unité_4;Leçon_4B;Au café;À table;noun
une loi,,law,Leçon_14A,Espaces;Unité_14;Leçon_14A;L'espace vert;Les lois et les règlements;noun
une mairie,,town/city hall; mayor’s office,Leçon_12A,Espaces;Unité_12;Leçon_12A;En ville;En ville;noun
une maison,,house,Leçon_4A,Espaces;Unité_4;Leçon_4A;Au café;Dans la ville;noun
une mécanicienne,,mechanic (f.),Leçon_11B,Espaces;Unité_11;Leçon_11B;La technologie;La voiture;noun
une mention,,distinction,Leçon_13A,Espaces;Unité_13;Leçon_13A;L'avenir et les métiers;Qualifications;noun
une mère,,mother,Leçon_3A,Espaces;Unité_3;Leçon_3A;La famille et les copains;La famille;noun
une montagne,,mountain,Leçon_4A,Espaces;Unité_4;Leçon_4A;Au café;Dans la ville;noun
une montre ,,watch,Leçon_1B,Espaces;Unité_1;Leçon_1B;Salut!;Le campus;noun
une musicienne,,musician (f.),Leçon_3B,Espaces;Unité_3;Leçon_3B;La famille et les copains;Professions et occupations;noun
une nappe,,tablecloth,Leçon_9B,Espaces;Unité_9;Leçon_9B;La nourriture;À table!;noun
une nièce, ,niece,Leçon_3A,Espaces;Unité_3;Leçon_3A;La famille et les copains;La famille;noun
une note,,grade,Leçon_2A,Espaces;Unité_2;Leçon_2A;À la fac;L'université;noun
une nuit,,a night,Leçon_2B,Espaces;Unité_2;Leçon_2B;À la fac;Expressions de temps;noun
une œuvre,,"artwork, piece of art",Leçon_15B,Espaces;Unité_15;Leçon_15B;Les arts;noun
une orange,,orange,Leçon_9A,Espaces;Unité_9;Leçon_9A;La nourriture;Les fruits;noun
une ordonnance,,prescription,Leçon_10B,Espaces;Unité_10;Leçon_10B;La santé;noun
une oreille,,ear,Leçon_10A,Espaces;Unité_10;Leçon_10A;La santé;Le corps;noun
une ouvrière,,"worker, laborer (f.)",Leçon_13B,Espaces;Unité_13;Leçon_13B;L'avenir et les métiers;Les métiers;noun
une page d’accueil,,homepage,Leçon_11A,Espaces;Unité_11;Leçon_11A;La technologie;L'ordinateur;noun
une pantoufle,,slipper,Leçon_10A,Espaces;Unité_10;Leçon_10A;La santé;Dans la salle de bains;noun
une papeterie,,stationery store,Leçon_12A,Espaces;Unité_12;Leçon_12A;En ville;En ville;noun
une passagère,,passenger (f.),Leçon_7B,Espaces;Unité_7;Leçon_7B;En vacances;Faire une réservation;noun
une patiente,,patient (f.),Leçon_10B,Espaces;Unité_10;Leçon_10B;La santé;noun
une pâtisserie,,"pastry shop, bakery; pastry",Leçon_9B,Espaces;Unité_9;Leçon_9B;La nourriture;Les achats;noun
une patronne,,manager; boss (f.),Leçon_13B,Espaces;Unité_13;Leçon_13B;L'avenir et les métiers;Au travail;noun
une pêche,,peach,Leçon_9A,Espaces;Unité_9;Leçon_9A;La nourriture;Les fruits;noun
une peinture,,painting,Leçon_15B,Espaces;Unité_15;Leçon_15B;Les arts;noun
une personne,,person,Leçon_1A,Espaces;Unité_1;Leçon_1A;Salut!;Les personnes;noun
une petite amie,,girlfriend,Leçon_1A,Espaces;Unité_1;Leçon_1A;Salut!;Les personnes;noun
une petite-fille,,granddaughter,Leçon_3A,Espaces;Unité_3;Leçon_3A;La famille et les copains;La famille;noun
une pharmacienne,,pharmacist (f.),Leçon_10B,Espaces;Unité_10;Leçon_10B;La santé;noun
une pièce,,room,Leçon_8A,Espaces;Unité_8;Leçon_8A;Chez nous;Les parties d'une maison;noun
une pièce de théâtre,,play,Leçon_15A,Espaces;Unité_15;Leçon_15A;Les arts;Aller au spectacle;noun
une pierre,,stone,Leçon_14B,Espaces;Unité_14;Leçon_14B;L'espace vert;La nature;noun
une pilule ,,pill,Leçon_10B,Espaces;Unité_10;Leçon_10B;La santé;noun
une piscine,,pool,Leçon_4A,Espaces;Unité_4;Leçon_4A;Au café;Dans la ville;noun
une place,,square; place; seat,Leçon_4A; Leçon_15A,Espaces;Unité_4;Leçon_4A;Au café;Dans la ville;noun;Unité_15;Leçon_15A;Les arts;Aller au spectacle
une plage,,beach,Leçon_7A,Espaces;Unité_7;Leçon_7A;En vacances;Les vacances;noun
une plante,,plant,Leçon_14B,Espaces;Unité_14;Leçon_14B;L'espace vert;La nature;noun
une poétesse,,poet (f.),Leçon_15B,Espaces;Unité_15;Leçon_15B;Les arts;Les artistes;noun
une poire,,pear,Leçon_9A,Espaces;Unité_9;Leçon_9A;La nourriture;Les fruits;noun
une poissonnerie,,fish shop,Leçon_9B,Espaces;Unité_9;Leçon_9B;La nourriture;Les achats;noun
une policière,,police officer (f.),Leçon_11B,Espaces;Unité_11;Leçon_11B;La technologie;La voiture;noun
une pomme,,apple,Leçon_9A,Espaces;Unité_9;Leçon_9A;La nourriture;Les fruits;noun
une pomme de terre,,potato,Leçon_9A,Espaces;Unité_9;Leçon_9A;La nourriture;Les légumes;noun
une population croissante,,growing population,Leçon_14A,Espaces;Unité_14;Leçon_14A;L'espace vert;L’écologie;phrase
une porte ,,door,Leçon_1B,Espaces;Unité_1;Leçon_1B;Salut!;Le campus;noun
une portière,,car door,Leçon_11B,Espaces;Unité_11;Leçon_11B;La technologie;La voiture;noun
une profession,,profession,Leçon_13B,Espaces;Unité_13;Leçon_13B;L'avenir et les métiers;Au travail;noun
une profession exigeante,,demanding profession,Leçon_13B,Espaces;Unité_13;Leçon_13B;L'avenir et les métiers;Au travail;noun
une promotion,,promotion,Leçon_13B,Espaces;Unité_13;Leçon_13B;L'avenir et les métiers;Au travail;noun
une propriétaire,,owner (f.),Leçon_8A,Espaces;Unité_8;Leçon_8A;Chez nous;Chez soi;noun
une psychologue,,psychologist (f.),Leçon_13B,Espaces;Unité_13;Leçon_13B;L'avenir et les métiers;Les métiers;noun
une pub ,,advertisement,Leçon_15B,Espaces;Unité_15;Leçon_15B;Les arts;Le cinéma et la télévision;noun
une publicité,,advertisement,Leçon_15B,Espaces;Unité_15;Leçon_15B;Les arts;Le cinéma et la télévision;noun
une réalisatrice,,director (of a movie) (f.),Leçon_15A,Espaces;Unité_15;Leçon_15A;Les arts;Les artistes;noun
une référence,,reference,Leçon_13A,Espaces;Unité_13;Leçon_13A;L'avenir et les métiers;Qualifications;noun
une région,,region,Leçon_14B,Espaces;Unité_14;Leçon_14B;L'espace vert;La nature;noun
une réservation,,a reservation,Leçon_7B,Espaces;Unité_7;Leçon_7B;En vacances;Faire une réservation;noun
une résidence universitaire,,dorm,Leçon_8A,Espaces;Unité_8;Leçon_8A;Chez nous;Chez soi;noun
une ressource naturelle,,natural resource,Leçon_14B,Espaces;Unité_14;Leçon_14B;L'espace vert;La nature;noun
une retraitée,,retired person (f.),Leçon_13B,Espaces;Unité_13;Leçon_13B;L'avenir et les métiers;Au travail;noun
une réunion,,meeting,Leçon_13B,Espaces;Unité_13;Leçon_13B;L'avenir et les métiers;Au travail;noun
une réussite,,success,Leçon_13B,Espaces;Unité_13;Leçon_13B;L'avenir et les métiers;Au travail;noun
une rivière,,river,Leçon_14B,Espaces;Unité_14;Leçon_14B;L'espace vert;La nature;noun
une robe,,dress,Leçon_6B,Espaces;Unité_6;Leçon_6B;Les fêtes;Les vêtements;noun
une roue,,wheel,Leçon_11B,Espaces;Unité_11;Leçon_11B;La technologie;La voiture;noun
une roue de secours,,spare tire,Leçon_11B,Espaces;Unité_11;Leçon_11B;La technologie;La voiture;noun
une rue,,street,Leçon_11B; Leçon_12B,Espaces;Unité_11;Leçon_11B;La technologie;La voiture;noun;Unité_12;Leçon_12B;En ville;Retrouver son chemin
une saison,,season,Leçon_5B,"Espaces;Unité_5;Leçon_5B;Les loisirs;Les saisons, les mois, les dates;noun"
une salade,,salad,Leçon_9A,Espaces;Unité_9;Leçon_9A;La nourriture;Les légumes;noun
une salle à manger,,dining room,Leçon_8A,Espaces;Unité_8;Leçon_8A;Chez nous;Les parties d'une maison;noun
une salle de bains,,bathroom,Leçon_8A,Espaces;Unité_8;Leçon_8A;Chez nous;Les parties d'une maison;noun
une salle de classe,,classroom,Leçon_1B,Espaces;Unité_1;Leçon_1B;Salut!;Le campus;noun
une salle de séjour,,living/family room,Leçon_8A,Espaces;Unité_8;Leçon_8A;Chez nous;Les parties d'une maison;noun
une saucisse,,sausage,Leçon_9A,Espaces;Unité_9;Leçon_9A;La nourriture;Les viandes et les poissons;noun
une sculpture,,sculpture,Leçon_15B,Espaces;Unité_15;Leçon_15B;Les arts;noun
une séance,,show; screening,Leçon_15A,Espaces;Unité_15;Leçon_15A;Les arts;Aller au spectacle;noun
une semaine,,a week,Leçon_2B,Espaces;Unité_2;Leçon_2B;À la fac;Expressions de temps;noun
une serveuse,,server (f.),Leçon_4B,Espaces;Unité_4;Leçon_4B;Au café;noun
une serviette,,napkin; towel,Leçon_9B; Leçon_10A,Espaces;Unité_9;Leçon_9B;La nourriture;À table!;noun;Unité_10;Leçon_10A;La santé;Dans la salle de bains
une serviette de bain,,bath towel,Leçon_10A,Espaces;Unité_10;Leçon_10A;La santé;Dans la salle de bains;noun
une sœur,,sister,Leçon_3A,Espaces;Unité_3;Leçon_3A;La famille et les copains;La famille;noun
une soirée,,evening,Leçon_2B,Espaces;Unité_2;Leçon_2B;À la fac;Expressions de temps;noun
une sorte,,"sort, kind",Leçon_15A,Espaces;Unité_15;Leçon_15A;Les arts;Aller au spectacle;adverb
une sortie,,exit,Leçon_7A,Espaces;Unité_7;Leçon_7A;En vacances;Partir en voyage;noun
une soupe,,soup,Leçon_4B,Espaces;Unité_4;Leçon_4B;Au café;À table;noun
une souris,,mouse,Leçon_11A,Espaces;Unité_11;Leçon_11A;La technologie;L'ordinateur;noun
une spécialiste,,specialist (f.),Leçon_13A,Espaces;Unité_13;Leçon_13A;L'avenir et les métiers;Qualifications;noun
une spectatrice,,spectator (f.),Leçon_15A,Espaces;Unité_15;Leçon_15A;Les arts;Aller au spectacle;noun
une station,,station,Leçon_7A,Espaces;Unité_7;Leçon_7A;En vacances;Partir en voyage;noun
une station de métro,,subway station,Leçon_7A,Espaces;Unité_7;Leçon_7A;En vacances;Partir en voyage;noun
une station de ski,,ski resort,Leçon_7A,Espaces;Unité_7;Leçon_7A;En vacances;Partir en voyage;noun
une station-service,,service station,Leçon_11B,Espaces;Unité_11;Leçon_11B;La technologie;La voiture;noun
une statue,,statue,Leçon_12B,Espaces;Unité_12;Leçon_12B;En ville;Retrouver son chemin;noun
une surprise,,surprise,Leçon_6A,Espaces;Unité_6;Leçon_6A;Les fêtes;noun
une table ,,table,Leçon_1A,Espaces;Unité_1;Leçon_1A;Salut!;Le campus;noun
une tablette,,tablet computer,Leçon_11A,Espaces;Unité_11;Leçon_11A;La technologie;L’électronique;noun
une tablette tactile,,tablet computer,Leçon_11A,Espaces;Unité_11;Leçon_11A;La technologie;L’électronique;noun
une tâche ménagère,,household chore,Leçon_8B,Espaces;Unité_8;Leçon_8B;Chez nous;Les tâches ménagères;phrase
une taille,,clothing size,Leçon_6B,Espaces;Unité_6;Leçon_6B;Les fêtes;Les vêtements;noun
une tante,,aunt,Leçon_3A,Espaces;Unité_3;Leçon_3A;La famille et les copains;La famille;noun
une tarte,,"pie, tart",Leçon_9A,Espaces;Unité_9;Leçon_9A;La nourriture;Autres aliments;noun
une tasse (de),,cup (of),Leçon_4B,Espaces;Unité_4;Leçon_4B;Au café;Expressions de quantité;adverb
une télécarte,,phone card,Leçon_13A,Espaces;Unité_13;Leçon_13A;L'avenir et les métiers;Au téléphone;noun
une télécommande,,remote control,Leçon_11A,Espaces;Unité_11;Leçon_11A;La technologie;L’électronique;noun
une terrasse de café,,café terrace,Leçon_4A,Espaces;Unité_4;Leçon_4A;Au café;Dans la ville;noun
une tomate,,tomato,Leçon_9A,Espaces;Unité_9;Leçon_9A;La nourriture;Les fruits;noun
une tragédie,,tragedy,Leçon_15A,Espaces;Unité_15;Leçon_15A;Les arts;Aller au spectacle;noun
une tranche,,slice,Leçon_9B,Espaces;Unité_9;Leçon_9B;La nourriture;À table!;noun
une troupe,,"company, troop",Leçon_15A,Espaces;Unité_15;Leçon_15A;Les arts;Les artistes;noun
une université,,university,Leçon_1A,Espaces;Unité_1;Leçon_1A;Salut!;Le campus;noun
une usine,,factory,Leçon_14A,Espaces;Unité_14;Leçon_14A;L'espace vert;L’écologie;noun
une vache,,cow,Leçon_14B,Espaces;Unité_14;Leçon_14B;L'espace vert;Les animaux;noun
une vallée,,valley,Leçon_14B,Espaces;Unité_14;Leçon_14B;L'espace vert;La nature;noun
une vendeuse,,saleswoman,Leçon_6B,Espaces;Unité_6;Leçon_6B;Les fêtes;Les vêtements;noun
une vétérinaire,,veterinarian (f.),Leçon_13B,Espaces;Unité_13;Leçon_13B;L'avenir et les métiers;Les métiers;noun
une ville,,"city, town",Leçon_4A,Espaces;Unité_4;Leçon_4A;Au café;Dans la ville;noun
une voisine,,neighbor (f.),Leçon_3A,Espaces;Unité_3;Leçon_3A;La famille et les copains;Vocabulaire supplémentaire;noun
une voiture,,car ,Leçon_11B,Espaces;Unité_11;Leçon_11B;La technologie;La voiture;noun
utile,,useful,Leçon_2A,Espaces;Unité_2;Leçon_2A;À la fac;Adjectifs et adverbes;adjective
utiliser un plan,,to use/read a map,Leçon_7A,Espaces;Unité_7;Leçon_7A;En vacances;Les vacances;phrase
vendre,,to sell,Leçon_6B,Espaces;Unité_6;Leçon_6B;Les fêtes;Verbes en -re;verb
vendredi,,Friday,Leçon_2B,Espaces;Unité_2;Leçon_2B;À la fac;Expressions de temps;noun
venir,,to come ,Leçon_9A,Espaces;Unité_9;Leçon_9A;La nourriture;Verbes;verb
venir de,,to have just,Leçon_11A,Espaces;Unité_11;Leçon_11A;La technologie;Prepositions with the infinitive;phrase
vérifier,,to check,Leçon_11B,Espaces;Unité_11;Leçon_11B;La technologie;La voiture;verb
vérifier la pression des pneus,,to check the air pressure,Leçon_11B,Espaces;Unité_11;Leçon_11B;La technologie;La voiture;phrase
vérifier l'huile,,to check the oil ,Leçon_11B,Espaces;Unité_11;Leçon_11B;La technologie;La voiture;phrase
vers,,about,Leçon_2B,Espaces;Unité_2;Leçon_2B;À la fac;Telling time;adverb
vert,,green (m.),Leçon_3A; Leçon_6B,Espaces;Unité_3;Leçon_3A;La famille et les copains;Adjectifs descriptifs;adjective;Unité_6;Leçon_6B;Les fêtes;Les couleurs
verte,,green (f.),Leçon_3A; Leçon_6B,Espaces;Unité_3;Leçon_3A;La famille et les copains;Adjectifs descriptifs;adjective;Unité_6;Leçon_6B;Les fêtes;Les couleurs
veuf,,widowed (m.),Leçon_3A,Espaces;Unité_3;Leçon_3A;La famille et les copains;Vocabulaire supplémentaire;adjective
veuve,,widowed (f.),Leçon_3A,Espaces;Unité_3;Leçon_3A;La famille et les copains;Vocabulaire supplémentaire;adjective
vieille,,old (f.),Leçon_3A,Espaces;Unité_3;Leçon_3A;La famille et les copains;Adjectifs irréguliers;adjective
vieillir,,to grow old ,Leçon_4B,Espaces;Unité_4;Leçon_4B;Au café;Verbes réguliers en -ir;verb
vietnamien,,Vietnamese (m.),Leçon_1B,Espaces;Unité_1;Leçon_1B;Salut!;Adjectives of nationality;adjective
vietnamienne,,Vietnamese (f.),Leçon_1B,Espaces;Unité_1;Leçon_1B;Salut!;Adjectives of nationality;adjective
vieux,,old (m.),Leçon_3A,Espaces;Unité_3;Leçon_3A;La famille et les copains;Adjectifs irréguliers;adjective
vingt,,twenty,Leçon_1B,Espaces;Unité_1;Leçon_1B;Salut!;Numbers 0-60;adjective
vingt et un,,twenty-one,Leçon_1B,Espaces;Unité_1;Leçon_1B;Salut!;Numbers 0-60;adjective
vingt et unième,,twenty-first,Leçon_7B,Espaces;Unité_7;Leçon_7B;En vacances;Ordinal numbers;adjective
vingt-cinq,,twenty-five,Leçon_1B,Espaces;Unité_1;Leçon_1B;Salut!;Numbers 0-60;adjective
vingt-deux,,twenty-two,Leçon_1B,Espaces;Unité_1;Leçon_1B;Salut!;Numbers 0-60;adjective
vingt-deuxième,,twenty-second,Leçon_7B,Espaces;Unité_7;Leçon_7B;En vacances;Ordinal numbers;adjective
vingt-huit,,twenty-eight,Leçon_1B,Espaces;Unité_1;Leçon_1B;Salut!;Numbers 0-60;adjective
vingt-neuf,,twenty-nine,Leçon_1B,Espaces;Unité_1;Leçon_1B;Salut!;Numbers 0-60;adjective
vingt-quatre,,twenty-four,Leçon_1B,Espaces;Unité_1;Leçon_1B;Salut!;Numbers 0-60;adjective
vingt-sept,,twenty-seven,Leçon_1B,Espaces;Unité_1;Leçon_1B;Salut!;Numbers 0-60;adjective
vingt-six,,twenty-six,Leçon_1B,Espaces;Unité_1;Leçon_1B;Salut!;Numbers 0-60;adjective
vingt-trois,,twenty-three,Leçon_1B,Espaces;Unité_1;Leçon_1B;Salut!;Numbers 0-60;adjective
violet,,purple (m.),Leçon_6B,Espaces;Unité_6;Leçon_6B;Les fêtes;Les couleurs;adjective
violette,,purple (f.),Leçon_6B,Espaces;Unité_6;Leçon_6B;Les fêtes;Les couleurs;adjective
visiter,,to visit (a place),Leçon_2B,Espaces;Unité_2;Leçon_2B;À la fac;L'université;verb
vivre,,to live,Leçon_8B,Espaces;Unité_8;Leçon_8B;Chez nous;Verbes;verb
voici,,here is/are,Leçon_1A,Espaces;Unité_1;Leçon_1A;Salut!;Identifier;adverb
voilà,,there is/are,Leçon_1A,Espaces;Unité_1;Leçon_1A;Salut!;Identifier;adverb
voir,,to see,Leçon_12A,Espaces;Unité_12;Leçon_12A;En ville;Verbes;verb
vos,,your (pl. form.),Leçon_3A,Espaces;Unité_3;Leçon_3A;La famille et les copains;Possessive adjectives;adjective
votre,,your (sing. form.),Leçon_3A,Espaces;Unité_3;Leçon_3A;La famille et les copains;Possessive adjectives;adjective
vouloir,,to want; to mean (with dire),Leçon_9A; Leçon_11A,Espaces;Unité_9;Leçon_9A;La nourriture;Verbes;verb;Unité_11;Leçon_11A;La technologie;Prepositions with the infinitive
vouloir que...,,to want that…,Leçon_14B,Espaces;Unité_14;Leçon_14B;L'espace vert;Verbes de volonté;phrase
vous,,you,Leçon_1B,Espaces;Unité_1;Leçon_1B;Salut!;Subject pronouns;pronoun
vous,,to/for you (form.),Leçon_6B,Espaces;Unité_6;Leçon_6B;Les fêtes;Indirect object pronouns;pronoun
vous,,"you (pl., fam.)",Leçon_7A,Espaces;Unité_7;Leçon_7A;En vacances;Direct object pronouns;pronoun
voyager,,voyager to travel,Leçon_2A,Espaces;Unité_2;Leçon_2A;À la fac;Verbes;verb
vrai,,true; real (m.),Leçon_3A,Espaces;Unité_3;Leçon_3A;La famille et les copains;Adjectifs descriptifs;adjective
vraie,,true; real (f.),Leçon_3A,Espaces;Unité_3;Leçon_3A;La famille et les copains;Adjectifs descriptifs;adjective
vraiment,,really,Leçon_7B,Espaces;Unité_7;Leçon_7B;En vacances;Adverbs;adverb
W.-C.,,toilet ,Leçon_8A,Espaces;Unité_8;Leçon_8A;Chez nous;Les parties d'une maison;noun
yeux,,eyes,Leçon_10A,Espaces;Unité_10;Leçon_10A;La santé;Le corps;noun
zéro,,zero,Leçon_1B,Espaces;Unité_1;Leçon_1B;Salut!;Numbers 0-60;adjective
