id,title,concept_id,page,icon,component_name,toc_location,lesson_id,cms_activity_id,cms_revision_id,toc_location_rank,concept_id,concept_rank,points_possible
13231,Flashcards,214600000,,,Tutorials,214600000,198,,90013231,1,214600000,1,12
12718,Tutorial 1,214600000,,,Tutorials,214600000,198,,90012718,2,214600000,2,12
12719,Tutorial 2,214600000,,,Tutorials,214600000,198,,90012719,3,214600000,3,12
12720,Tutorial 3,214600000,,,Tutorials,214600000,198,,90012720,4,214600000,4,12
55216,"Hola, ¿qué tal?",214600000,,audio.gif,Tutorials,214600000,198,,90055216,5,214600000,5,12
55219,Saludos y una despedida,214600000,,,Tutorials,214600000,198,,90055219,6,214600000,6,12
13025,Crucigrama,214600000,,,Tutorials,214600000,198,,90013025,7,214600000,7,12
35650,"Hola, ¿qué tal?",214600000,,,Practice,214600000,198,,90035650,8,214600000,8,12
37699,¿Lógico o ilógico?,214600000,4,textbook_audio.gif,Practice,214600000,198,,90037699,9,214600000,9,12
37700,¡Hola!,214600000,4,textbook_audio.gif,Practice,214600000,198,,90037700,10,214600000,10,12
48226,Seleccionar,214600000,,,Practice,214600000,198,,90048226,11,214600000,11,12
951,Escoger,214600000,,,Practice,214600000,198,,90000951,12,214600000,12,12
10450,Ordenar,214600000,,,Practice,214600000,198,,90010450,13,214600000,13,12
39477,<b>Repaso</b>,214600000,,,Practice,214600000,198,,90039477,14,214600000,14,12
34268,Más práctica,214600000,,,Practice,214600000,198,,90034268,15,214600000,15,12
47578,1 - Saludos,214600000,,,Workbook,214600000,198,,90047578,16,214600000,16,12
37768,2 - Conversación,214600000,,,Workbook,214600000,198,,90037768,17,214600000,17,12
12092,"3 - Saludos, despedidas y presentaciones",214600000,,,Workbook,214600000,198,,90012092,18,214600000,18,12
47588,4 - Los países,214600000,,,Workbook,214600000,198,,90047588,19,214600000,19,12
37777,5 - Diferente,214600000,,,Workbook,214600000,198,,90037777,20,214600000,20,12
47559,1 - Identificar,214600000,,audio.gif,Lab Manual,214600000,198,,90047559,21,214600000,21,12
49935,2 - Asociar,214600000,,audio.gif,Lab Manual,214600000,198,,90049935,22,214600000,22,12
49421,3 - Preguntas,214600000,,microphone.gif,Lab Manual,214600000,198,,90049421,23,214600000,23,12
13030,"<span lang=""en-US"">The Spanish alphabet</span>",214800000,,,Tutorials,214800000,198,,90013030,24,214800000,24,12
3141,"<span lang=""en-US"">The Spanish alphabet</span>",214800000,,,Practice,214800000,198,,90003141,25,214800000,25,12
47631,"<span lang=""en-US"">The Spanish alphabet</span>",214800000,,,Lab Manual,214800000,198,,90047631,26,214800000,26,12
50347,1 - El alfabeto,214800000,,microphone.gif,Lab Manual,214800000,198,,90050347,27,214800000,27,12
50324,2 - Práctica,214800000,,microphone.gif,Lab Manual,214800000,198,,90050324,28,214800000,28,12
47563,3 - Dictado,214800000,,audio.gif,Lab Manual,214800000,198,,90047563,29,214800000,29,12
11507,"<span lang=""en-US""></span><i> ¡Todos a bordo!</i>",2147,,,Practice,2147,198,,90011507,30,2147,30,12
47418,Completar,214700000,8,textbook.gif,Practice,214700000,198,,90047418,31,214700000,31,12
37708,¿Cierto o falso?,214700000,9,textbook.gif,Practice,214700000,198,,90037708,32,214700000,32,12
9262,Ahora dilo tú,214700000,,video.gif,Practice,214700000,198,,90009262,33,214700000,33,12
32574,1 - ¿Qué tal?,214700000,,,Video Manual,214700000,198,,90032574,34,214700000,34,12
29129,2 - Completar,214700000,,video.gif,Video Manual,214700000,198,,90029129,35,214700000,35,12
12006,3 - ¿De dónde son?,214700000,,video.gif,Video Manual,214700000,198,,90012006,36,214700000,36,12
12008,4 - ¿Quién?,214700000,,,Video Manual,214700000,198,,90012008,37,214700000,37,12
38325,5 - Hola...,214700000,,,Video Manual,214700000,198,,90038325,38,214700000,38,12
12397,6 - En la clase,214700000,,,Video Manual,214700000,198,,90012397,39,214700000,39,12
37709,¿Cierto o falso?,215000000,10,textbook.gif,Practice,215000000,198,,90037709,40,215000000,40,12
47420,Saludos,215000000,,,Practice,215000000,198,,90047420,41,215000000,41,12
50136,Las Ramblas: el bulevar de los cafés,215000000,,,Practice,215000000,198,,90050136,42,215000000,42,12
11821,¿Cierto o falso?,215000000,,,Practice,215000000,198,,90011821,43,215000000,43,12
47422,Conexión Internet,215000000,11,web.gif,Practice,215000000,198,,90047422,44,215000000,44,12
47427,Vocabulario,215000000,,,Practice,215000000,198,,90047427,45,215000000,45,12
30688,Encuentros en la plaza,215000000,,,Practice,215000000,198,,90030688,46,215000000,46,12
37714,Identificar,215000000,11,textbook.gif,Practice,215000000,198,,90037714,47,215000000,47,12
33574,Elegir,215000000,,,Practice,215000000,198,,90033574,48,215000000,48,12
28895,Nouns and articles,215201523,,,Tutorials,215201523,198,,90028895,49,215201523,49,12
13032,¿Singular o plural?,215201523,,,Tutorials,215201523,198,,90013032,50,215201523,50,12
40018,¡Manos a la obra!,2152,13,textbook.gif,Practice,2152,198,,90040018,51,2152,51,12
37716,¿Femenino o masculino?,215201523,12,textbook.gif,Practice,215201523,198,,90037716,52,215201523,52,12
3900,Correspondencias,215201523,,,Practice,215201523,198,,90003900,53,215201523,53,12
37720,¿Singular o plural?,215201523,,,Practice,215201523,198,,90037720,54,215201523,54,12
37721,Hola,215201523,,,Practice,215201523,198,,90037721,55,215201523,55,12
11677,1 - ¿Masculino o femenino?,215201523,,,Workbook,215201523,198,,90011677,56,215201523,56,12
11678,"2 - ¿El, la, los o las?",215201523,,,Workbook,215201523,198,,90011678,57,215201523,57,12
49761,3 - Singular y plural,215201523,,,Workbook,215201523,198,,90049761,58,215201523,58,12
30911,4 - Las cosas,215201523,,,Workbook,215201523,198,,90030911,59,215201523,59,12
48325,1 - Identificar,215201523,,audio.gif,Lab Manual,215201523,198,,90048325,60,215201523,60,12
50323,2 - Transformar,215201523,,microphone.gif,Lab Manual,215201523,198,,90050323,61,215201523,61,12
50326,3 - Cambiar,215201523,,microphone.gif,Lab Manual,215201523,198,,90050326,62,215201523,62,12
12020,4 - Completar,215201523,,audio.gif,Lab Manual,215201523,198,,90012020,63,215201523,63,12
28896,Numbers 0&ndash;30,215201524,,,Tutorials,215201524,198,,90028896,64,215201524,64,12
13034,Contar cosas y personas,215201524,,,Tutorials,215201524,198,,90013034,65,215201524,65,12
45353,¿Cuántas hay?,215201524,,,Practice,215201524,198,,90045353,66,215201524,66,12
37729,Escoger,215201524,,,Practice,215201524,198,,90037729,67,215201524,67,12
37727,Contar,215201524,,,Practice,215201524,198,,90037727,68,215201524,68,12
38450,1 - Los números,215201524,,,Workbook,215201524,198,,90038450,69,215201524,69,12
11980,2 - ¿Cuántos hay?,215201524,,,Workbook,215201524,198,,90011980,70,215201524,70,12
48249,1 - Identificar,215201524,,audio.gif,Lab Manual,215201524,198,,90048249,71,215201524,71,12
44231,2 - Números,215201524,,microphone.gif,Lab Manual,215201524,198,,90044231,72,215201524,72,12
12024,3 - Completar,215201524,,audio.gif,Lab Manual,215201524,198,,90012024,73,215201524,73,12
50328,4 - Preguntas,215201524,,microphone.gif,Lab Manual,215201524,198,,90050328,74,215201524,74,12
28897,Present tense of <b><i>ser</i></b>,215201525,,,Tutorials,215201525,198,,90028897,75,215201525,75,12
40023,¡Manos a la obra!,215201525,17,textbook.gif,Practice,215201525,198,,90040023,76,215201525,76,12
44891,¿Qué es?,215201525,16,textbook.gif,Practice,215201525,198,,90044891,77,215201525,77,12
4053,Escoger,215201525,,,Practice,215201525,198,,90004053,78,215201525,78,12
3905,Completar,215201525,,,Practice,215201525,198,,90003905,79,215201525,79,12
37736,Completar,215201525,,,Practice,215201525,198,,90037736,80,215201525,80,12
47598,1 - Los pronombres,215201525,,,Workbook,215201525,198,,90047598,81,215201525,81,12
37786,2 - Completar,215201525,,,Workbook,215201525,198,,90037786,82,215201525,82,12
38452,4 - ¿De quién es?,215201525,,,Workbook,215201525,198,,90038452,83,215201525,83,12
49764,5 - ¿De dónde son?,215201525,,,Workbook,215201525,198,,90049764,84,215201525,84,12
37793,6 - ¡Pregunta!,215201525,,,Workbook,215201525,198,,90037793,85,215201525,85,12
12030,1 - Identificar,215201525,,audio.gif,Lab Manual,215201525,198,,90012030,86,215201525,86,12
50333,2 - Cambiar,215201525,,microphone.gif,Lab Manual,215201525,198,,90050333,87,215201525,87,12
11402,3 - Escoger,215201525,,audio.gif,Lab Manual,215201525,198,,90011402,88,215201525,88,12
44234,4 - Preguntas,215201525,,microphone.gif,Lab Manual,215201525,198,,90044234,89,215201525,89,12
44236,5 - ¿Quiénes son?,215201525,,audio.gif,Lab Manual,215201525,198,,90044236,90,215201525,90,12
28898,Telling time,215201526,,,Tutorials,215201526,198,,90028898,91,215201526,91,12
13036,¿Qué hora es?,215201526,,,Tutorials,215201526,198,,90013036,92,215201526,92,12
40026,¡Manos a la obra!,215201526,19,textbook.gif,Practice,215201526,198,,90040026,93,215201526,93,12
37738,Emparejar,215201526,18,textbook.gif,Practice,215201526,198,,90037738,94,215201526,94,12
10622,El horario de clase,215201526,,,Practice,215201526,198,,90010622,95,215201526,95,12
37740,Escoger,215201526,,,Practice,215201526,198,,90037740,96,215201526,96,12
12064,Más práctica,215201526,,,Practice,215201526,198,,90012064,97,215201526,97,12
32017,1 - La hora,215201526,,,Workbook,215201526,198,,90032017,98,215201526,98,12
37795,2 - ¿Qué hora es?,215201526,,,Workbook,215201526,198,,90037795,99,215201526,99,12
47609,3 - El día de Marta,215201526,,,Workbook,215201526,198,,90047609,100,215201526,100,12
11803,1 - La hora,215201526,,audio.gif,Lab Manual,215201526,198,,90011803,101,215201526,101,12
44237,2 - Preguntas,215201526,,microphone.gif,Lab Manual,215201526,198,,90044237,102,215201526,102,12
44238,3 - ¿A qué hora?,215201526,,microphone.gif,Lab Manual,215201526,198,,90044238,103,215201526,103,12
44332,Directorio telefónico de Laura Rivas León,215300000,,,Practice,215300000,198,,90044332,104,215300000,104,12
39658,¿Comprendiste?,215300000,25,textbook.gif,Practice,215300000,198,,90039658,105,215300000,105,12
47475,Tu directorio,215300000,,,Practice,215300000,198,,90047475,106,215300000,106,12
52858,Teléfonos importantes,215300000,,,Practice,215300000,198,,90052858,107,215300000,107,12
48675,¿Cierto o falso?,215300000,,,Practice,215300000,198,,90048675,108,215300000,108,12
51635,"Hola, ¿qué tal?",215600000,26,,Practice,215600000,198,,90051635,109,215600000,109,12
26736,"Hola, ¿qué tal?",215600000,,,Lab Manual,215600000,198,,90026736,110,215600000,110,12
38402,1 - Vos,215100000,,,Video Manual,215100000,198,,90038402,111,215100000,111,12
47634,2 - ¡En español!,215100000,,,Video Manual,215100000,198,,90047634,112,215100000,112,12
49418,3 - Completar,215100000,,video.gif,Video Manual,215100000,198,,90049418,113,215100000,113,12
39666,4 - Ordenar,215100000,,,Video Manual,215100000,198,,90039666,114,215100000,114,12
39668,5 - ¿Quién?,215100000,,,Video Manual,215100000,198,,90039668,115,215100000,115,12
39670,6 - ¡Cuánto tiempo!,215100000,,,Video Manual,215100000,198,,90039670,116,215100000,116,12
39672,7 - Encuentros en la plaza,215100000,,,Video Manual,215100000,198,,90039672,117,215100000,117,12
29854,Flashcards,215700000,,,Tutorials,215700000,199,,90029854,118,215700000,118,12
12721,Tutorial 1,215700000,,,Tutorials,215700000,199,,90012721,119,215700000,119,12
12722,Tutorial 2,215700000,,,Tutorials,215700000,199,,90012722,120,215700000,120,12
12723,Tutorial 3,215700000,,,Tutorials,215700000,199,,90012723,121,215700000,121,12
55222,En la clase,215700000,,audio.gif,Tutorials,215700000,199,,90055222,122,215700000,122,12
55226,Emparejar,215700000,,,Tutorials,215700000,199,,90055226,123,215700000,123,12
13013,Los días de la semana,215700000,,,Tutorials,215700000,199,,90013013,124,215700000,124,12
38403,En la clase,215700000,,,Practice,215700000,199,,90038403,125,215700000,125,12
36307,Escuchar,215700000,30,textbook_audio.gif,Practice,215700000,199,,90036307,126,215700000,126,12
49961,Mis clases,215700000,30,textbook_audio.gif,Practice,215700000,199,,90049961,127,215700000,127,12
38405,Clasificar,215700000,31,textbook.gif,Practice,215700000,199,,90038405,128,215700000,128,12
10389,Completar,215700000,,,Practice,215700000,199,,90010389,129,215700000,129,12
10373,Escoger,215700000,,,Practice,215700000,199,,90010373,130,215700000,130,12
39476,<b>Repaso</b>,215700000,,,Practice,215700000,199,,90039476,131,215700000,131,12
11832,Más práctica,215700000,,,Practice,215700000,199,,90011832,132,215700000,132,12
38596,1 - Categorías,215700000,,,Workbook,215700000,199,,90038596,133,215700000,133,12
47726,"2 - Buscar (<span lang=""en-US""><i>To search</i></span>)",215700000,,,Workbook,215700000,199,,90047726,134,215700000,134,12
11712,3 - El calendario,215700000,,,Workbook,215700000,199,,90011712,135,215700000,135,12
38600,4 - Completar,215700000,,,Workbook,215700000,199,,90038600,136,215700000,136,12
47646,1 - Identificar,215700000,7,audio.gif,Lab Manual,215700000,199,,90047646,137,215700000,137,12
50334,2 - ¿Qué día es?,215700000,,microphone.gif,Lab Manual,215700000,199,,90050334,138,215700000,138,12
50335,3 - Preguntas,215700000,,microphone.gif,Lab Manual,215700000,199,,90050335,139,215700000,139,12
13015,"<span lang=""en-US"">Spanish vowels</span>",215900000,,,Tutorials,215900000,199,,90013015,140,215900000,140,12
10781,"<span lang=""en-US"">Spanish vowels</span>",215900000,,,Practice,215900000,199,,90010781,141,215900000,141,12
26735,"<span lang=""en-US"">Spanish vowels</span>",215900000,,,Lab Manual,215900000,199,,90026735,142,215900000,142,12
50349,1 - Práctica,215900000,,microphone.gif,Lab Manual,215900000,199,,90050349,143,215900000,143,12
50351,2 - Oraciones,215900000,,microphone.gif,Lab Manual,215900000,199,,90050351,144,215900000,144,12
50358,3 - Refranes,215900000,,microphone.gif,Lab Manual,215900000,199,,90050358,145,215900000,145,12
48379,4 - Dictado,215900000,,audio.gif,Lab Manual,215900000,199,,90048379,146,215900000,146,12
28446,<i>¿Qué clases tomas?</i>,215800000,,,Practice,215800000,199,,90028446,147,215800000,147,12
38407,¿Quién?,215800000,34,textbook.gif,Practice,215800000,199,,90038407,148,215800000,148,12
38411,Completar,215800000,34,textbook.gif,Practice,215800000,199,,90038411,149,215800000,149,12
9299,Ahora dilo tú,215800000,,video.gif,Practice,215800000,199,,90009299,150,215800000,150,12
38698,1 - Impresiones,215800000,,,Video Manual,215800000,199,,90038698,151,215800000,151,12
12766,2 - ¿Quién y a quién?,215800000,,video.gif,Video Manual,215800000,199,,90012766,152,215800000,152,12
12401,3 - En la UNAM,215800000,,video.gif,Video Manual,215800000,199,,90012401,153,215800000,153,12
46542,4 - Asociar,215800000,,,Video Manual,215800000,199,,90046542,154,215800000,154,12
47909,5 - Corregir,215800000,,,Video Manual,215800000,199,,90047909,155,215800000,155,12
46541,6 - Resumen,215800000,,video.gif,Video Manual,215800000,199,,90046541,156,215800000,156,12
11960,7 - ¿Y tú?,215800000,,,Video Manual,215800000,199,,90011960,157,215800000,157,12
47674,¿Cierto o falso?,216100000,36,textbook.gif,Practice,216100000,199,,90047674,158,216100000,158,12
38415,Completar,216100000,,,Practice,216100000,199,,90038415,159,216100000,159,12
12701,Universidad Virtual,216100000,,,Practice,216100000,199,,90012701,160,216100000,160,12
12707,Escoger,216100000,,,Practice,216100000,199,,90012707,161,216100000,161,12
38416,Conexión Internet,216100000,37,web.gif,Practice,216100000,199,,90038416,162,216100000,162,12
47676,Vocabulario,216100000,,,Practice,216100000,199,,90047676,163,216100000,163,12
30715,Los estudios,216100000,,,Practice,216100000,199,,90030715,164,216100000,164,12
47684,Emparejar,216100000,37,textbook.gif,Practice,216100000,199,,90047684,165,216100000,165,12
31255,Elegir,216100000,,,Practice,216100000,199,,90031255,166,216100000,166,12
28899,Present tense of <b><i>&ndash;ar</i></b> verbs,216301527,,,Tutorials,216301527,199,,90028899,167,216301527,167,12
40029,¡Manos a la obra!,216301527,39,textbook.gif,Practice,216301527,199,,90040029,168,216301527,168,12
47686,Completar,216301527,38,textbook.gif,Practice,216301527,199,,90047686,169,216301527,169,12
2008,Escoger,216301527,,,Practice,216301527,199,,90002008,170,216301527,170,12
33776,Seleccionar ,216301527,,,Practice,216301527,199,,90033776,171,216301527,171,12
38423,Las clases,216301527,,,Practice,216301527,199,,90038423,172,216301527,172,12
38601,1 - El presente ,216301527,,,Workbook,216301527,199,,90038601,173,216301527,173,12
11718,2 - Completar,216301527,,,Workbook,216301527,199,,90011718,174,216301527,174,12
47727,3 - ¿Qué hacen? (<i>What do they do?</i>),216301527,,,Workbook,216301527,199,,90047727,175,216301527,175,12
47729,4 - Oraciones,216301527,,,Workbook,216301527,199,,90047729,176,216301527,176,12
47780,5 - Me gusta,216301527,,,Workbook,216301527,199,,90047780,177,216301527,177,12
47783,6 - ¿Y tú?,216301527,,,Workbook,216301527,199,,90047783,178,216301527,178,12
47648,1 - Identificar,216301527,,audio.gif,Lab Manual,216301527,199,,90047648,179,216301527,179,12
50336,2 - Cambiar,216301527,,microphone.gif,Lab Manual,216301527,199,,90050336,180,216301527,180,12
50337,3 - Preguntas,216301527,,microphone.gif,Lab Manual,216301527,199,,90050337,181,216301527,181,12
12103,4 - Completar,216301527,,audio.gif,Lab Manual,216301527,199,,90012103,182,216301527,182,12
28900,Forming questions in Spanish,216301528,,,Tutorials,216301528,199,,90028900,183,216301528,183,12
13017,Emparejar,216301528,,,Tutorials,216301528,199,,90013017,184,216301528,184,12
40032,¡Manos a la obra!,216301528,41,textbook.gif,Practice,216301528,199,,90040032,185,216301528,185,12
38425,Una conversación,216301528,40,textbook.gif,Practice,216301528,199,,90038425,186,216301528,186,12
38428,Elegir,216301528,,,Practice,216301528,199,,90038428,187,216301528,187,12
38431,Preguntas,216301528,,,Practice,216301528,199,,90038431,188,216301528,188,12
38432,Completar,216301528,,,Practice,216301528,199,,90038432,189,216301528,189,12
38625,1 - Las preguntas,216301528,,,Workbook,216301528,199,,90038625,190,216301528,190,12
38626,2 - Seleccionar,216301528,,,Workbook,216301528,199,,90038626,191,216301528,191,12
47785,3 - Muchas preguntas,216301528,,,Workbook,216301528,199,,90047785,192,216301528,192,12
38629,4 - ¿Qué palabra?,216301528,,,Workbook,216301528,199,,90038629,193,216301528,193,12
11764,1 - Escoger,216301528,,audio.gif,Lab Manual,216301528,199,,90011764,194,216301528,194,12
44246,2 - Cambiar,216301528,,microphone.gif,Lab Manual,216301528,199,,90044246,195,216301528,195,12
9928,3 - ¿Lógico o ilógico?,216301528,,audio.gif,Lab Manual,216301528,199,,90009928,196,216301528,196,12
32834,4 - Un anuncio,216301528,,audio.gif,Lab Manual,216301528,199,,90032834,197,216301528,197,12
28901,Present tense of <b><i>estar</i></b>,216301529,,,Tutorials,216301529,199,,90028901,198,216301529,198,12
47688,¡Manos a la obra!,216301529,43,textbook.gif,Practice,216301529,199,,90047688,199,216301529,199,12
47694,Completar,216301529,42,textbook.gif,Practice,216301529,199,,90047694,200,216301529,200,12
2010,Escoger,216301529,,,Practice,216301529,199,,90002010,201,216301529,201,12
35588,¿Dónde está...?,216301529,,,Practice,216301529,199,,90035588,202,216301529,202,12
47696,La universidad,216301529,,,Practice,216301529,199,,90047696,203,216301529,203,12
31972,1 - Están en...,216301529,,,Workbook,216301529,199,,90031972,204,216301529,204,12
11731,2 - ¿Dónde están?,216301529,,,Workbook,216301529,199,,90011731,205,216301529,205,12
38630,3 - ¿Ser o estar?,216301529,,,Workbook,216301529,199,,90038630,206,216301529,206,12
38631,4 - El libro,216301529,,,Workbook,216301529,199,,90038631,207,216301529,207,12
38632,5 - Conversación,216301529,,,Workbook,216301529,199,,90038632,208,216301529,208,12
31964,1 - Describir,216301529,,audio.gif,Lab Manual,216301529,199,,90031964,209,216301529,209,12
50338,2 - Cambiar,216301529,,microphone.gif,Lab Manual,216301529,199,,90050338,210,216301529,210,12
48247,3 - Escoger,216301529,,audio.gif,Lab Manual,216301529,199,,90048247,211,216301529,211,12
28902,Numbers 31 and higher,216301530,,,Tutorials,216301530,199,,90028902,212,216301530,212,12
13019,Emparejar,216301530,,,Tutorials,216301530,199,,90013019,213,216301530,213,12
47698,¡Manos a la obra!,216301530,44,textbook.gif,Practice,216301530,199,,90047698,214,216301530,214,12
38438,Baloncesto,216301530,44,textbook.gif,Practice,216301530,199,,90038438,215,216301530,215,12
38633,1 - Números de teléfono,216301530,,,Workbook,216301530,199,,90038633,216,216301530,216,12
47787,2 - ¿Cuántos hay?,216301530,,,Workbook,216301530,199,,90047787,217,216301530,217,12
38637,3 - Por ciento,216301530,,,Workbook,216301530,199,,90038637,218,216301530,218,12
38651,4 - Síntesis,216301530,,,Workbook,216301530,199,,90038651,219,216301530,219,12
50052,1 - Números de teléfono,216301530,,microphone.gif,Lab Manual,216301530,199,,90050052,220,216301530,220,12
44250,2 - Preguntas,216301530,,microphone.gif,Lab Manual,216301530,199,,90044250,221,216301530,221,12
32836,3 - Mensaje telefónico,216301530,,audio.gif,Lab Manual,216301530,199,,90032836,222,216301530,222,12
52860,UAM,216400000,,,Practice,216400000,199,,90052860,223,216400000,223,12
39681,¿Comprendiste?,216400000,51,textbook.gif,Practice,216400000,199,,90039681,224,216400000,224,12
39683,Preguntas,216400000,51,textbook.gif,Practice,216400000,199,,90039683,225,216400000,225,12
52861,Una computadora para cada niño,216400000,,,Practice,216400000,199,,90052861,226,216400000,226,12
52201,Elegir,216400000,,,Practice,216400000,199,,90052201,227,216400000,227,12
50672,Las clases,216700000,52,,Practice,216700000,199,,90050672,228,216700000,228,12
51784,Las clases,216700000,52,,Lab Manual,216700000,199,,90051784,229,216700000,229,12
44382,El mapa de los Estados Unidos y Canadá,216501637,,,Practice,216501637,199,,90044382,230,216501637,230,12
46250,Las notas culturales y las estadísticas,216501637,,,Practice,216501637,199,,90046250,231,216501637,231,12
51164,El mapa y los datos geográficos,216501637,,,Practice,216501637,199,,90051164,232,216501637,232,12
42994,Conexión Internet: <b>Hispanos célebres en Norteamérica</b>,216501637,,web.gif,Practice,216501637,199,,90042994,233,216501637,233,12
42995,Conexión Internet: <b>Lugares con nombres hispanos</b>,216501637,,web.gif,Practice,216501637,199,,90042995,234,216501637,234,12
46499,Estados Unidos: <i>Los hispanos en Nueva York</i>,216501637,,,Practice,216501637,199,,90046499,235,216501637,235,12
47724,Escoger,216501637,,,Practice,216501637,199,,90047724,236,216501637,236,12
46502,Canadá: <i>Los hispanos en Montreal</i>,216501637,,,Practice,216501637,199,,90046502,237,216501637,237,12
36305,Completar,216501637,,,Practice,216501637,199,,90036305,238,216501637,238,12
46540,1 - Un mapa,216501637,,,Workbook,216501637,199,,90046540,239,216501637,239,12
38680,2 - Hispanos en los Estados Unidos y Canadá,216501637,,,Workbook,216501637,199,,90038680,240,216501637,240,12
38681,3 - Palabras,216501637,,,Workbook,216501637,199,,90038681,241,216501637,241,12
49970,4 - Palabras cruzadas,216501637,,,Workbook,216501637,199,,90049970,242,216501637,242,12
11857,1 - Más vocabulario,216501644,,,Video Manual,216501644,199,,90011857,243,216501644,243,12
11858,2 - Deportes,216501644,,,Video Manual,216501644,199,,90011858,244,216501644,244,12
12011,4 - Responder,216501644,,,Video Manual,216501644,199,,90012011,245,216501644,245,12
32825,1 - Más vocabulario,216501645,,,Video Manual,216501645,199,,90032825,246,216501645,246,12
12012,2 - Responder,216501645,,,Video Manual,216501645,199,,90012012,247,216501645,247,12
12015,4 - ¿Cierto o falso?,216501645,,,Video Manual,216501645,199,,90012015,248,216501645,248,12
47913,1 - Más vocabulario,216200000,,,Video Manual,216200000,199,,90047913,249,216200000,249,12
44906,2 - ¡En español!,216200000,,,Video Manual,216200000,199,,90044906,250,216200000,250,12
45535,3 - Conversaciones,216200000,,video.gif,Video Manual,216200000,199,,90045535,251,216200000,251,12
47916,4 - Identificar,216200000,,video.gif,Video Manual,216200000,199,,90047916,252,216200000,252,12
39674,5 - Oraciones,216200000,,,Video Manual,216200000,199,,90039674,253,216200000,253,12
47918,6 - ¡Carlos López de visita (<i>on a visit</i>)!,216200000,,,Video Manual,216200000,199,,90047918,254,216200000,254,12
29855,Flashcards,216800000,,,Tutorials,216800000,200,,90029855,255,216800000,255,12
12724,Tutorial 1,216800000,,,Tutorials,216800000,200,,90012724,256,216800000,256,12
12725,Tutorial 2,216800000,,,Tutorials,216800000,200,,90012725,257,216800000,257,12
12726,Tutorial 3,216800000,,,Tutorials,216800000,200,,90012726,258,216800000,258,12
55241,La familia,216800000,,audio.gif,Tutorials,216800000,200,,90055241,259,216800000,259,12
55237,La familia de José Miguel Pérez Santoro,216800000,,,Tutorials,216800000,200,,90055237,260,216800000,260,12
12999,Crucigrama,216800000,,,Tutorials,216800000,200,,90012999,261,216800000,261,12
35652,La familia,216800000,,,Practice,216800000,200,,90035652,262,216800000,262,12
48242,Escuchar,216800000,60,textbook_audio.gif,Practice,216800000,200,,90048242,263,216800000,263,12
48245,Emparejar,216800000,60,textbook_audio.gif,Practice,216800000,200,,90048245,264,216800000,264,12
38818,Emparejar,216800000,,,Practice,216800000,200,,90038818,265,216800000,265,12
10817,Seleccionar,216800000,,,Practice,216800000,200,,90010817,266,216800000,266,12
39478,<b>Repaso</b>,216800000,,,Practice,216800000,200,,90039478,267,216800000,267,12
34273,Más práctica,216800000,,,Practice,216800000,200,,90034273,268,216800000,268,12
48028,1 - La familia,216800000,,,Workbook,216800000,200,,90048028,269,216800000,269,12
42723,2 - Diferente,216800000,,,Workbook,216800000,200,,90042723,270,216800000,270,12
48035,3 - Definiciones,216800000,,,Workbook,216800000,200,,90048035,271,216800000,271,12
47653,1 - Escoger,216800000,,audio.gif,Lab Manual,216800000,200,,90047653,272,216800000,272,12
50340,2 - La familia González,216800000,,microphone.gif,Lab Manual,216800000,200,,90050340,273,216800000,273,12
48067,3 - Profesiones,216800000,,audio.gif,Lab Manual,216800000,200,,90048067,274,216800000,274,12
13002,"<span lang=""en-US"">Diphthongs and linking</span>",217000000,,,Tutorials,217000000,200,,90013002,275,217000000,275,12
3872,"<span lang=""en-US"">Diphthongs and linking</span>",217000000,,,Practice,217000000,200,,90003872,276,217000000,276,12
26731,"<span lang=""en-US"">Diphthongs and linking</span>",217000000,,,Lab Manual,217000000,200,,90026731,277,217000000,277,12
50342,1 - Práctica,217000000,,microphone.gif,Lab Manual,217000000,200,,90050342,278,217000000,278,12
50359,2 - Oraciones,217000000,,microphone.gif,Lab Manual,217000000,200,,90050359,279,217000000,279,12
50360,3 - Refranes,217000000,,microphone.gif,Lab Manual,217000000,200,,90050360,280,217000000,280,12
11547,"<span lang=""en-US""></span> <i>¿Es grande tu familia?</i>",216900000,,,Practice,216900000,200,,90011547,281,216900000,281,12
38819,¿Cierto o falso?,216900000,64,textbook.gif,Practice,216900000,200,,90038819,282,216900000,282,12
47928,Adivinar,216900000,65,textbook.gif,Practice,216900000,200,,90047928,283,216900000,283,12
9317,Ahora dilo tú,216900000,,video.gif,Practice,216900000,200,,90009317,284,216900000,284,12
32577,1 - Examinar el título,216900000,,,Video Manual,216900000,200,,90032577,285,216900000,285,12
11040,2 - Completar,216900000,,video.gif,Video Manual,216900000,200,,90011040,286,216900000,286,12
48141,3 - La familia de Inés,216900000,,video.gif,Video Manual,216900000,200,,90048141,287,216900000,287,12
39001,4 - Resumen,216900000,,video.gif,Video Manual,216900000,200,,90039001,288,216900000,288,12
39003,5 - Seleccionar,216900000,,,Video Manual,216900000,200,,90039003,289,216900000,289,12
48143,6 - Preguntas,216900000,,,Video Manual,216900000,200,,90048143,290,216900000,290,12
11930,7 - Preguntas personales,216900000,,,Video Manual,216900000,200,,90011930,291,216900000,291,12
38821,¿Cierto o falso?,217200000,66,textbook.gif,Practice,217200000,200,,90038821,292,217200000,292,12
38822,Completar,217200000,,,Practice,217200000,200,,90038822,293,217200000,293,12
50142,El último emperador Inca,217200000,,,Practice,217200000,200,,90050142,294,217200000,294,12
32628,¿Cierto o falso?,217200000,,,Practice,217200000,200,,90032628,295,217200000,295,12
47932,Conexión Internet,217200000,67,web.gif,Practice,217200000,200,,90047932,296,217200000,296,12
38825,Vocabulario,217200000,,,Practice,217200000,200,,90038825,297,217200000,297,12
30716,La familia,217200000,,,Practice,217200000,200,,90030716,298,217200000,298,12
38827,Completar,217200000,67,textbook.gif,Practice,217200000,200,,90038827,299,217200000,299,12
31251,Elegir,217200000,,,Practice,217200000,200,,90031251,300,217200000,300,12
28903,Descriptive adjectives,217401531,,,Tutorials,217401531,200,,90028903,301,217401531,301,12
13005,Emparejar,217401531,,,Tutorials,217401531,200,,90013005,302,217401531,302,12
40041,¡Manos a la obra!,217401531,69,textbook.gif,Practice,217401531,200,,90040041,303,217401531,303,12
44915,Emparejar,217401531,68,textbook.gif,Practice,217401531,200,,90044915,304,217401531,304,12
10972,Completar,217401531,,,Practice,217401531,200,,90010972,305,217401531,305,12
38834,Escoger,217401531,,,Practice,217401531,200,,90038834,306,217401531,306,12
38972,1 - ¿Cómo son?,217401531,,,Workbook,217401531,200,,90038972,307,217401531,307,12
11812,2 - Descripciones,217401531,,,Workbook,217401531,200,,90011812,308,217401531,308,12
48037,3 - No,217401531,,,Workbook,217401531,200,,90048037,309,217401531,309,12
38975,4 - Origen y nacionalidad,217401531,,,Workbook,217401531,200,,90038975,310,217401531,310,12
38977,5 - Completar,217401531,,,Workbook,217401531,200,,90038977,311,217401531,311,12
50361,1 - Transformar,217401531,,microphone.gif,Lab Manual,217401531,200,,90050361,312,217401531,312,12
50362,2 - Cambiar,217401531,,microphone.gif,Lab Manual,217401531,200,,90050362,313,217401531,313,12
44260,3 - Mis compañeros de clase,217401531,,microphone.gif,Lab Manual,217401531,200,,90044260,314,217401531,314,12
10367,4 - Completar,217401531,,audio.gif,Lab Manual,217401531,200,,90010367,315,217401531,315,12
28904,Possessive adjectives,217401532,,,Tutorials,217401532,200,,90028904,316,217401532,316,12
40046,¡Manos a la obra!,217401532,70,textbook.gif,Practice,217401532,200,,90040046,317,217401532,317,12
48007,Completar,217401532,70,textbook.gif,Practice,217401532,200,,90048007,318,217401532,318,12
3456,Escoger,217401532,,,Practice,217401532,200,,90003456,319,217401532,319,12
38842,Mi familia,217401532,,,Practice,217401532,200,,90038842,320,217401532,320,12
32630,Oraciones,217401532,,,Practice,217401532,200,,90032630,321,217401532,321,12
11824,1 - ¿De quién es?,217401532,,,Workbook,217401532,200,,90011824,322,217401532,322,12
11825,2 - Familia,217401532,,,Workbook,217401532,200,,90011825,323,217401532,323,12
11836,3 - Clarificar,217401532,,,Workbook,217401532,200,,90011836,324,217401532,324,12
11838,4 - Posesiones,217401532,,,Workbook,217401532,200,,90011838,325,217401532,325,12
11839,5 - Mi familia,217401532,,,Workbook,217401532,200,,90011839,326,217401532,326,12
38979,6 - Preguntas,217401532,,,Workbook,217401532,200,,90038979,327,217401532,327,12
11906,1 - Identificar,217401532,,audio.gif,Lab Manual,217401532,200,,90011906,328,217401532,328,12
11902,2 - Escoger,217401532,,audio.gif,Lab Manual,217401532,200,,90011902,329,217401532,329,12
50363,3 - Preguntas,217401532,,microphone.gif,Lab Manual,217401532,200,,90050363,330,217401532,330,12
28905,Present tense of <b><i>&ndash;er</i></b> and <b><i>&ndash;ir</i></b> verbs,217401533,,,Tutorials,217401533,200,,90028905,331,217401533,331,12
48009,¡Manos a la obra!,217401533,73,textbook.gif,Practice,217401533,200,,90048009,332,217401533,332,12
48011,Mi familia,217401533,72,textbook.gif,Practice,217401533,200,,90048011,333,217401533,333,12
3452,Escoger,217401533,,,Practice,217401533,200,,90003452,334,217401533,334,12
38846,Seleccionar,217401533,,,Practice,217401533,200,,90038846,335,217401533,335,12
4183,Completar,217401533,,,Practice,217401533,200,,90004183,336,217401533,336,12
48039,1 - Conversaciones,217401533,,,Workbook,217401533,200,,90048039,337,217401533,337,12
38986,2 - Oraciones,217401533,,,Workbook,217401533,200,,90038986,338,217401533,338,12
11844,3 - ¿Qué verbo es?,217401533,,,Workbook,217401533,200,,90011844,339,217401533,339,12
48042,4 - Reescribir,217401533,,,Workbook,217401533,200,,90048042,340,217401533,340,12
48050,5 - Descripciones,217401533,,,Workbook,217401533,200,,90048050,341,217401533,341,12
48238,1 - Identificar,217401533,,audio.gif,Lab Manual,217401533,200,,90048238,342,217401533,342,12
50364,2 - Cambiar,217401533,,microphone.gif,Lab Manual,217401533,200,,90050364,343,217401533,343,12
50365,3 - Preguntas,217401533,,microphone.gif,Lab Manual,217401533,200,,90050365,344,217401533,344,12
11911,4 - Describir,217401533,,audio.gif,Lab Manual,217401533,200,,90011911,345,217401533,345,12
28906,Present tense of <b><i>tener</i></b> and <b><i>venir</i></b>,217401534,,,Tutorials,217401534,200,,90028906,346,217401534,346,12
13007,Descripciones,217401534,,,Tutorials,217401534,200,,90013007,347,217401534,347,12
38848,¡Manos a la obra!,217401534,75,textbook.gif,Practice,217401534,200,,90038848,348,217401534,348,12
48013,Completar,217401534,74,textbook.gif,Practice,217401534,200,,90048013,349,217401534,349,12
4185,Escoger,217401534,,,Practice,217401534,200,,90004185,350,217401534,350,12
38851,Emparejar,217401534,,,Practice,217401534,200,,90038851,351,217401534,351,12
38852,Oraciones,217401534,,,Practice,217401534,200,,90038852,352,217401534,352,12
11849,1 - Completar,217401534,,,Workbook,217401534,200,,90011849,353,217401534,353,12
48052,2 - ¿Qué tienen?,217401534,,,Workbook,217401534,200,,90048052,354,217401534,354,12
38993,3 - Expresiones con <i>tener</i>,217401534,,,Workbook,217401534,200,,90038993,355,217401534,355,12
38994,4 - Síntesis,217401534,,,Workbook,217401534,200,,90038994,356,217401534,356,12
50366,1 - Cambiar,217401534,,microphone.gif,Lab Manual,217401534,200,,90050366,357,217401534,357,12
50367,2 - Consejos <i>(Advice)</i>,217401534,,microphone.gif,Lab Manual,217401534,200,,90050367,358,217401534,358,12
44266,3 - Preguntas,217401534,,microphone.gif,Lab Manual,217401534,200,,90044266,359,217401534,359,12
41498,4 - Situaciones,217401534,,audio.gif,Lab Manual,217401534,200,,90041498,360,217401534,360,12
32869,5 - Mi familia,217401534,,audio.gif,Lab Manual,217401534,200,,90032869,361,217401534,361,12
52365,Familias de todo tipo,217500000,,,Practice,217500000,200,,90052365,362,217500000,362,12
40108,¿Comprendiste?,217500000,81,textbook.gif,Practice,217500000,200,,90040108,363,217500000,363,12
48020,Preguntas,217500000,81,textbook.gif,Practice,217500000,200,,90048020,364,217500000,364,12
52862,Gente... Las familias,217500000,,,Practice,217500000,200,,90052862,365,217500000,365,12
46811,Emparejar,217500000,,,Practice,217500000,200,,90046811,366,217500000,366,12
51717,La familia,217800000,82,,Practice,217800000,200,,90051717,367,217800000,367,12
51797,La familia,217800000,,,Lab Manual,217800000,200,,90051797,368,217800000,368,12
48145,1 - Más vocabulario,217300000,,,Video Manual,217300000,200,,90048145,369,217300000,369,12
44920,2 - ¡En español!,217300000,,,Video Manual,217300000,200,,90044920,370,217300000,370,12
48147,3 - Identificar,217300000,,video.gif,Video Manual,217300000,200,,90048147,371,217300000,371,12
45553,4 - Emparejar,217300000,,video.gif,Video Manual,217300000,200,,90045553,372,217300000,372,12
39685,5 - ¿Cierto o falso?,217300000,,,Video Manual,217300000,200,,90039685,373,217300000,373,12
39687,6 - ¿Qué te gusta?,217300000,,,Video Manual,217300000,200,,90039687,374,217300000,374,12
39689,"7 - Andy, un chico con novia",217300000,,,Video Manual,217300000,200,,90039689,375,217300000,375,12
29856,Flashcards,217900000,,,Tutorials,217900000,201,,90029856,376,217900000,376,12
7880,Tutorial 1,217900000,,,Tutorials,217900000,201,,90007880,377,217900000,377,12
7881,Tutorial 2,217900000,,,Tutorials,217900000,201,,90007881,378,217900000,378,12
7882,Tutorial 3,217900000,,,Tutorials,217900000,201,,90007882,379,217900000,379,12
55246,Los pasatiempos,217900000,,audio.gif,Tutorials,217900000,201,,90055246,380,217900000,380,12
8510,El fin de semana,217900000,,,Tutorials,217900000,201,,90008510,381,217900000,381,12
8511,Crucigrama,217900000,,,Tutorials,217900000,201,,90008511,382,217900000,382,12
55401,En el centro,217900000,,,Tutorials,217900000,201,,90055401,383,217900000,383,12
37771,El fin de semana,217900000,84-85,,Practice,217900000,201,,90037771,384,217900000,384,12
37840,Clasificar,217900000,,,Practice,217900000,201,,90037840,385,217900000,385,12
38007,<b>Repaso</b>,217900000,,,Practice,217900000,201,,90038007,386,217900000,386,12
34274,Más práctica,217900000,,,Practice,217900000,201,,90034274,387,217900000,387,12
37392,2 - Una es diferente,217900000,,,Workbook,217900000,201,,90037392,388,217900000,388,12
37395,3 - ¿Qué son?,217900000,,,Workbook,217900000,201,,90037395,389,217900000,389,12
48381,1 - Lugares,217900000,,audio.gif,Lab Manual,217900000,201,,90048381,390,217900000,390,12
7885,Word stress and accent marks,218100000,,audio.gif,Tutorials,218100000,201,,90007885,391,218100000,391,12
26817,Word stress and accent marks,218100000,,,Lab Manual,218100000,201,,90026817,392,218100000,392,12
11497,<i>¡Vamos al parque!</i>,218000000,,,Practice,218000000,201,,90011497,393,218000000,393,12
30717,¡Fútbol en España!,218300000,,,Practice,218300000,201,,90030717,394,218300000,394,12
28907,Present tense of <b><i>ir</i></b>,218501535,,,Tutorials,218501535,201,,90028907,395,218501535,395,12
8524,Completar,218501535,,,Practice,218501535,201,,90008524,396,218501535,396,12
37526,Diversiones,218501535,,,Practice,218501535,201,,90037526,397,218501535,397,12
36178,1 - Vamos a la universidad,218501535,,,Workbook,218501535,201,,90036178,398,218501535,398,12
28908,"Stem-changing verbs: <b><i>e &ndash;> ie, o &ndash;> ue</i></b>",218501536,,,Tutorials,218501536,201,,90028908,399,218501536,399,12
37881,El día del partido,218501536,96,textbook.gif,Practice,218501536,201,,90037881,400,218501536,400,12
37886,Escoger,218501536,,,Practice,218501536,201,,90037886,401,218501536,401,12
37403,1 - Los verbos,218501536,,,Workbook,218501536,201,,90037403,402,218501536,402,12
28909,Stem-changing verbs: <b><i>e -> i</i></b>,218501537,,,Tutorials,218501537,201,,90028909,403,218501537,403,12
37899,Completar,218501537,,,Practice,218501537,201,,90037899,404,218501537,404,12
48192,1 - Completar,218501537,,audio.gif,Lab Manual,218501537,201,,90048192,405,218501537,405,12
37976,2 - Escoger,218501537,,audio.gif,Lab Manual,218501537,201,,90037976,406,218501537,406,12
28910,Verbs with irregular <b><i>yo</i></b> forms,218501538,,,Tutorials,218501538,201,,90028910,407,218501538,407,12
37540,Completar,218501538,100,textbook.gif,Practice,218501538,201,,90037540,408,218501538,408,12
37541,Escoger,218501538,,,Practice,218501538,201,,90037541,409,218501538,409,12
39332,4 - La descripción,218501538,,,Workbook,218501538,201,,90039332,410,218501538,410,12
8670,1 - Describir,218501538,,audio.gif,Lab Manual,218501538,201,,90008670,411,218501538,411,12
48173,México: <i>Teotihuacán</i>,218701608,,,Practice,218701608,201,,90048173,412,218701608,412,12
32437,1 - Más vocabulario,218701608,,,Video Manual,218701608,201,,90032437,413,218701608,413,12
8646,3 - Categorías,218701608,,,Video Manual,218701608,201,,90008646,414,218701608,414,12
29910,4 - Marcar,218701608,,video.gif,Video Manual,218701608,201,,90029910,415,218701608,415,12
37462,¡En español!,218400000,,,,218400000,201,,90037462,416,218400000,416,12
37993,1 - Más vocabulario,218400000,,,Video Manual,218400000,201,,90037993,417,218400000,417,12
54095,Flashcards,219000000,,,Tutorials,219000000,202,,90054095,418,219000000,418,12
20947,Tutorial 1,219000000,,,Tutorials,219000000,202,,90020947,419,219000000,419,12
20948,Tutorial 2,219000000,,,Tutorials,219000000,202,,90020948,420,219000000,420,12
20949,Tutorial 3,219000000,,,Tutorials,219000000,202,,90020949,421,219000000,421,12
55252,Practica el vocabulario,219000000,,audio.gif,Tutorials,219000000,202,,90055252,422,219000000,422,12
13675,Crucigrama,219000000,,,Tutorials,219000000,202,,90013675,423,219000000,423,12
55255,Las vacaciones,219000000,,,Tutorials,219000000,202,,90055255,424,219000000,424,12
35654,Las vacaciones,219000000,,,Practice,219000000,202,,90035654,425,219000000,425,12
50597,Escuchar,219000000,116,textbook_audio.gif,Practice,219000000,202,,90050597,426,219000000,426,12
48595,¿Cierto o falso?,219000000,116,textbook_audio.gif,Practice,219000000,202,,90048595,427,219000000,427,12
50599,Analogías,219000000,117,textbook.gif,Practice,219000000,202,,90050599,428,219000000,428,12
13753,Las cuatro estaciones,219000000,,,Practice,219000000,202,,90013753,429,219000000,429,12
32787,Categorias,219000000,,,Practice,219000000,202,,90032787,430,219000000,430,12
50601,<b>Repaso</b>,219000000,,,Practice,219000000,202,,90050601,431,219000000,431,12
14226,Más práctica,219000000,,,Practice,219000000,202,,90014226,432,219000000,432,12
50755,1 - Viajes,219000000,,,Workbook,219000000,202,,90050755,433,219000000,433,12
50756,2 - De vacaciones,219000000,,,Workbook,219000000,202,,90050756,434,219000000,434,12
12791,3 - Los meses,219000000,,,Workbook,219000000,202,,90012791,435,219000000,435,12
41519,4 - Las estaciones,219000000,,,Workbook,219000000,202,,90041519,436,219000000,436,12
50759,5 - El tiempo,219000000,,,Workbook,219000000,202,,90050759,437,219000000,437,12
48391,1 - Identificar,219000000,,audio.gif,Lab Manual,219000000,202,,90048391,438,219000000,438,12
48393,2 - Describir,219000000,,audio.gif,Lab Manual,219000000,202,,90048393,439,219000000,439,12
48395,3 - En la agencia de viajes,219000000,,audio.gif,Lab Manual,219000000,202,,90048395,440,219000000,440,12
13678,"<span lang=""en-US"">Spanish</span> <i> b</i> <span lang=""en-US"">and</span> <i> v</i>",219200000,,audio.gif,Tutorials,219200000,202,,90013678,441,219200000,441,12
13758,"<span lang=""en-US"">Spanish</span> <i> b</i> <span lang=""en-US"">and</span> <i> v</i>",219200000,,,Practice,219200000,202,,90013758,442,219200000,442,12
29239,"<span lang=""en-US"">Spanish</span> <i> b</i> <span lang=""en-US"">and</span> <i> v</i>",219200000,,,Lab Manual,219200000,202,,90029239,443,219200000,443,12
44524,1 - Práctica,219200000,,microphone.gif,Lab Manual,219200000,202,,90044524,444,219200000,444,12
50372,2 - Oraciones,219200000,,microphone.gif,Lab Manual,219200000,202,,90050372,445,219200000,445,12
44530,3 - Refranes,219200000,,microphone.gif,Lab Manual,219200000,202,,90044530,446,219200000,446,12
13497,4 - Dictado,219200000,,audio.gif,Lab Manual,219200000,202,,90013497,447,219200000,447,12
20341,<i>Tenemos una reservación</i>.,219100000,,,Practice,219100000,202,,90020341,448,219100000,448,12
39487,Ordenar,219100000,120,textbook.gif,Practice,219100000,202,,90039487,449,219100000,449,12
39493,Completar,219100000,120,textbook.gif,Practice,219100000,202,,90039493,450,219100000,450,12
15735,Tenemos una reservación.,219100000,,video.gif,Practice,219100000,202,,90015735,451,219100000,451,12
13743,Ahora dilo tú,219100000,,video.gif,Practice,219100000,202,,90013743,452,219100000,452,12
32579,1 - ¿Qué hacen?,219100000,,,Video Manual,219100000,202,,90032579,453,219100000,453,12
13531,2 - ¿Quién?,219100000,,video.gif,Video Manual,219100000,202,,90013531,454,219100000,454,12
13530,3 - Los hoteles,219100000,,video.gif,Video Manual,219100000,202,,90013530,455,219100000,455,12
13532,4 - Resumen,219100000,,video.gif,Video Manual,219100000,202,,90013532,456,219100000,456,12
29499,5 - ¿Cierto o falso?,219100000,,,Video Manual,219100000,202,,90029499,457,219100000,457,12
33112,6 - Resumir,219100000,,,Video Manual,219100000,202,,90033112,458,219100000,458,12
29501,7 - Preguntas,219100000,,,Video Manual,219100000,202,,90029501,459,219100000,459,12
39499,¿Cierto o falso?,219400000,122,textbook.gif,Practice,219400000,202,,90039499,460,219400000,460,12
39530,Completar,219400000,,,Practice,219400000,202,,90039530,461,219400000,461,12
13979,El geoturismo en Honduras,219400000,,,Practice,219400000,202,,90013979,462,219400000,462,12
12312,Escoger,219400000,,,Practice,219400000,202,,90012312,463,219400000,463,12
39533,Conexión Internet,219400000,123,web.gif,Practice,219400000,202,,90039533,464,219400000,464,12
53065,Vocabulario,219400000,,,Practice,219400000,202,,90053065,465,219400000,465,12
30718,¡Vacaciones en Perú!,219400000,,,Practice,219400000,202,,90030718,466,219400000,466,12
39555,Completar,219400000,123,textbook.gif,Practice,219400000,202,,90039555,467,219400000,467,12
41485,Seleccionar,219400000,,,Practice,219400000,202,,90041485,468,219400000,468,12
43368,<b>Estar</b> with conditions and emotions,219601539,,,Tutorials,219601539,202,,90043368,469,219601539,469,12
13671,¿Cómo están?,219601539,,,Tutorials,219601539,202,,90013671,470,219601539,470,12
39557,¡Manos a la obra!,219601539,124,textbook.gif,Practice,219601539,202,,90039557,471,219601539,471,12
50622,Un viaje,219601539,124,textbook.gif,Practice,219601539,202,,90050622,472,219601539,472,12
50661,Completar,219601539,,,Practice,219601539,202,,90050661,473,219601539,473,12
50629,¿Cómo están?,219601539,,,Practice,219601539,202,,90050629,474,219601539,474,12
39583,Emociones,219601539,,,Practice,219601539,202,,90039583,475,219601539,475,12
14181,1 - ¿Por qué?,219601539,,,Workbook,219601539,202,,90014181,476,219601539,476,12
41547,2 - Completar,219601539,,,Workbook,219601539,202,,90041547,477,219601539,477,12
50796,3 - Marta y Juan,219601539,,,Workbook,219601539,202,,90050796,478,219601539,478,12
50798,4 - ¿Cómo están?,219601539,,,Workbook,219601539,202,,90050798,479,219601539,479,12
48385,1 - Describir,219601539,,audio.gif,Lab Manual,219601539,202,,90048385,480,219601539,480,12
50370,2 - Cambiar,219601539,,microphone.gif,Lab Manual,219601539,202,,90050370,481,219601539,481,12
44186,3 - Preguntas,219601539,,microphone.gif,Lab Manual,219601539,202,,90044186,482,219601539,482,12
48387,4 - Situaciones,219601539,,audio.gif,Lab Manual,219601539,202,,90048387,483,219601539,483,12
28912,The present progressive,219601540,,,Tutorials,219601540,202,,90028912,484,219601540,484,12
13672,Emparejar,219601540,,,Tutorials,219601540,202,,90013672,485,219601540,485,12
50636,¡Manos a la obra!,219601540,127,textbook.gif,Practice,219601540,202,,90050636,486,219601540,486,12
46351,De vacaciones,219601540,126,textbook.gif,Practice,219601540,202,,90046351,487,219601540,487,12
13747,Escoger,219601540,,,Practice,219601540,202,,90013747,488,219601540,488,12
39851,Completar,219601540,,,Practice,219601540,202,,90039851,489,219601540,489,12
39847,Estoy&hellip;,219601540,,,Practice,219601540,202,,90039847,490,219601540,490,12
12782,1 - Completar,219601540,,,Workbook,219601540,202,,90012782,491,219601540,491,12
50800,2 - Están haciendo muchas cosas,219601540,,,Workbook,219601540,202,,90050800,492,219601540,492,12
48389,1 - Escoger,219601540,,audio.gif,Lab Manual,219601540,202,,90048389,493,219601540,493,12
50810,2 - Transformar,219601540,,microphone.gif,Lab Manual,219601540,202,,90050810,494,219601540,494,12
44188,3 - Preguntas,219601540,,microphone.gif,Lab Manual,219601540,202,,90044188,495,219601540,495,12
50373,4 - Describir,219601540,,microphone.gif,Lab Manual,219601540,202,,90050373,496,219601540,496,12
28913,<b><i>Ser</i></b> and <b><i>estar</i></b>,219601541,,,Tutorials,219601541,202,,90028913,497,219601541,497,12
13673,¿Ser o estar?,219601541,,,Tutorials,219601541,202,,90013673,498,219601541,498,12
39857,¡Manos a la obra!,219601541,129,textbook.gif,Practice,219601541,202,,90039857,499,219601541,499,12
50642,Completar,219601541,128,textbook.gif,Practice,219601541,202,,90050642,500,219601541,500,12
39869,¿Qué verbo?,219601541,,,Practice,219601541,202,,90039869,501,219601541,501,12
39862,Escoger,219601541,,,Practice,219601541,202,,90039862,502,219601541,502,12
39866,¿Ser o estar?,219601541,,,Practice,219601541,202,,90039866,503,219601541,503,12
12784,1 - Usos de <i>ser</i> y <i>estar</i>,219601541,,,Workbook,219601541,202,,90012784,504,219601541,504,12
41559,2 - ¿Ser o estar?,219601541,,,Workbook,219601541,202,,90041559,505,219601541,505,12
41562,3 - Escribir,219601541,,,Workbook,219601541,202,,90041562,506,219601541,506,12
41564,4 - La familia Piñero,219601541,,,Workbook,219601541,202,,90041564,507,219601541,507,12
51335,1 - Escoger,219601541,,audio.gif,Lab Manual,219601541,202,,90051335,508,219601541,508,12
50374,2 - ¿Cómo es?,219601541,,microphone.gif,Lab Manual,219601541,202,,90050374,509,219601541,509,12
44191,3 - ¿Ser o estar?,219601541,,microphone.gif,Lab Manual,219601541,202,,90044191,510,219601541,510,12
51338,4 - ¿Lógico o no?,219601541,,audio.gif,Lab Manual,219601541,202,,90051338,511,219601541,511,12
50815,5 - Ponce,219601541,,audio.gif,Lab Manual,219601541,202,,90050815,512,219601541,512,12
28914,Direct object nouns and pronouns,219601542,,,Tutorials,219601542,202,,90028914,513,219601542,513,12
13674,Emparejar,219601542,,,Tutorials,219601542,202,,90013674,514,219601542,514,12
50650,¡Manos a la obra!,219601542,131,textbook.gif,Practice,219601542,202,,90050650,515,219601542,515,12
50664,Sustitución,219601542,130,textbook.gif,Practice,219601542,202,,90050664,516,219601542,516,12
13749,Completar,219601542,,,Practice,219601542,202,,90013749,517,219601542,517,12
39877,Escoger,219601542,,,Practice,219601542,202,,90039877,518,219601542,518,12
50804,1 - Oraciones,219601542,,,Workbook,219601542,202,,90050804,519,219601542,519,12
50807,2 - Quiero verlo,219601542,,,Workbook,219601542,202,,90050807,520,219601542,520,12
47659,1 - Escoger,219601542,,audio.gif,Lab Manual,219601542,202,,90047659,521,219601542,521,12
50375,2 - Cambiar,219601542,,microphone.gif,Lab Manual,219601542,202,,90050375,522,219601542,522,12
50376,3 - No veo nada,219601542,,microphone.gif,Lab Manual,219601542,202,,90050376,523,219601542,523,12
50378,4 - Preguntas,219601542,,microphone.gif,Lab Manual,219601542,202,,90050378,524,219601542,524,12
52865,¡Descubre el Viejo San Juan!,219700000,,,Practice,219700000,202,,90052865,525,219700000,525,12
40237,¿Comprendiste?,219700000,137,textbook.gif,Practice,219700000,202,,90040237,526,219700000,526,12
40236,Preguntas,219700000,137,textbook.gif,Practice,219700000,202,,90040236,527,219700000,527,12
52868,Turismo ecológico en Puerto Rico,219700000,,,Practice,219700000,202,,90052868,528,219700000,528,12
47077,¿Cierto o falso?,219700000,,,Practice,219700000,202,,90047077,529,219700000,529,12
54246,Las vacaciones,220000000,,,Practice,220000000,202,,90054246,530,220000000,530,12
49165,Las vacaciones,220000000,,,Lab Manual,220000000,202,,90049165,531,220000000,531,12
50818,1 - Más vocabulario,219500000,,,Video Manual,219500000,202,,90050818,532,219500000,532,12
41760,2 &ndash; Completar,219500000,,,Video Manual,219500000,202,,90041760,533,219500000,533,12
46364,3 - ¡En español!,219500000,,,Video Manual,219500000,202,,90046364,534,219500000,534,12
53855,4 - Descripción,219500000,,video.gif,Video Manual,219500000,202,,90053855,535,219500000,535,12
53857,5 - Emparejar,219500000,,video.gif,Video Manual,219500000,202,,90053857,536,219500000,536,12
45928,6 - ¿Cierto o falso?,219500000,,,Video Manual,219500000,202,,90045928,537,219500000,537,12
45926,7 - ¡La vuelta al mundo!,219500000,,,Video Manual,219500000,202,,90045926,538,219500000,538,12
54098,Flashcards,220100000,,,Tutorials,220100000,203,,90054098,539,220100000,539,12
20950,Tutorial 1,220100000,,,Tutorials,220100000,203,,90020950,540,220100000,540,12
20951,Tutorial 2,220100000,,,Tutorials,220100000,203,,90020951,541,220100000,541,12
20952,Tutorial 3,220100000,,,Tutorials,220100000,203,,90020952,542,220100000,542,12
55258,Practica el vocabulario,220100000,,audio.gif,Tutorials,220100000,203,,90055258,543,220100000,543,12
13681,Crucigrama,220100000,,,Tutorials,220100000,203,,90013681,544,220100000,544,12
55261,¡De compras!,220100000,,,Tutorials,220100000,203,,90055261,545,220100000,545,12
13682,Los colores,220100000,,,Tutorials,220100000,203,,90013682,546,220100000,546,12
35655,¡De compras!,220100000,,,Practice,220100000,203,,90035655,547,220100000,547,12
51340,Escuchar,220100000,142,textbook_audio.gif,Practice,220100000,203,,90051340,548,220100000,548,12
46455,¿Cierto o falso?,220100000,142,textbook_audio.gif,Practice,220100000,203,,90046455,549,220100000,549,12
39235,Escoger,220100000,143,textbook.gif,Practice,220100000,203,,90039235,550,220100000,550,12
15857,Más escoger,220100000,,,Practice,220100000,203,,90015857,551,220100000,551,12
41245,<b>Repaso</b>,220100000,,,Practice,220100000,203,,90041245,552,220100000,552,12
14227,Más práctica,220100000,,,Practice,220100000,203,,90014227,553,220100000,553,12
12472,1 - El almacén,220100000,,,Workbook,220100000,203,,90012472,554,220100000,554,12
50941,2 - Necesito muchas cosas,220100000,,,Workbook,220100000,203,,90050941,555,220100000,555,12
39340,3 - Los colores,220100000,,,Workbook,220100000,203,,90039340,556,220100000,556,12
39233,4 - ¿Qué lleva?,220100000,,,Workbook,220100000,203,,90039233,557,220100000,557,12
47661,1 - ¿Lógico o ilógico?,220100000,,audio.gif,Lab Manual,220100000,203,,90047661,558,220100000,558,12
39366,2 - Escoger,220100000,,audio.gif,Lab Manual,220100000,203,,90039366,559,220100000,559,12
50379,3 - Preguntas,220100000,,microphone.gif,Lab Manual,220100000,203,,90050379,560,220100000,560,12
33424,4 - Describir,220100000,,audio.gif,Lab Manual,220100000,203,,90033424,561,220100000,561,12
13684,"<span lang=""en-US"">The consonants</span> d <span lang=""en-US"">and</span> t",220300000,,audio.gif,Tutorials,220300000,203,,90013684,562,220300000,562,12
20387,"<span lang=""en-US"">The consonants</span> <i>d</i> <span lang=""en-US"">and</span><i> t</i>",220300000,,,Practice,220300000,203,,90020387,563,220300000,563,12
29237,"<span lang=""en-US"">The consonants</span> d <span lang=""en-US"">and</span> t",220300000,,,Lab Manual,220300000,203,,90029237,564,220300000,564,12
50380,1 - Práctica,220300000,,microphone.gif,Lab Manual,220300000,203,,90050380,565,220300000,565,12
50381,2 - Oraciones,220300000,,microphone.gif,Lab Manual,220300000,203,,90050381,566,220300000,566,12
50382,3 - Refranes,220300000,,microphone.gif,Lab Manual,220300000,203,,90050382,567,220300000,567,12
13479,4 - Dictado,220300000,,audio.gif,Lab Manual,220300000,203,,90013479,568,220300000,568,12
15860,<i>¡Qué ropa más bonita!</i>,220200000,,,Practice,220200000,203,,90015860,569,220200000,569,12
39237,¿Cierto o falso?,220200000,146,textbook.gif,Practice,220200000,203,,90039237,570,220200000,570,12
50859,Contestar,220200000,147,textbook.gif,Practice,220200000,203,,90050859,571,220200000,571,12
15932,Ahora dilo tú,220200000,,video.gif,Practice,220200000,203,,90015932,572,220200000,572,12
32580,1 - Describir,220200000,,,Video Manual,220200000,203,,90032580,573,220200000,573,12
13580,2 - Ordenar,220200000,,video.gif,Video Manual,220200000,203,,90013580,574,220200000,574,12
13581,3 - San Juan,220200000,,video.gif,Video Manual,220200000,203,,90013581,575,220200000,575,12
50975,4 - Resumen,220200000,,video.gif,Video Manual,220200000,203,,90050975,576,220200000,576,12
50978,5 - Completar,220200000,,,Video Manual,220200000,203,,90050978,577,220200000,577,12
33149,6 - Corregir,220200000,,,Video Manual,220200000,203,,90033149,578,220200000,578,12
12456,7 - Preguntas,220200000,,,Video Manual,220200000,203,,90012456,579,220200000,579,12
39239,¿Cierto o falso?,220500000,148,textbook.gif,Practice,220500000,203,,90039239,580,220500000,580,12
50863,Seleccionar,220500000,,,Practice,220500000,203,,90050863,581,220500000,581,12
50138,La moda en Cuba,220500000,,,Practice,220500000,203,,90050138,582,220500000,582,12
12642,¿Cierto o falso?,220500000,,,Practice,220500000,203,,90012642,583,220500000,583,12
39245,Conexión Internet,220500000,149,web.gif,Practice,220500000,203,,90039245,584,220500000,584,12
54118,Vocabulario,220500000,,,Practice,220500000,203,,90054118,585,220500000,585,12
30719,Comprar en los mercados,220500000,,,Practice,220500000,203,,90030719,586,220500000,586,12
39250,Comprensión,220500000,149,textbook.gif,Practice,220500000,203,,90039250,587,220500000,587,12
31249,Ordenar,220500000,,,Practice,220500000,203,,90031249,588,220500000,588,12
53130,Numbers 31 and higher,220701543,,,Tutorials,220701543,203,,90053130,589,220701543,589,12
50867,¡Manos a la obra!,220701543,151,textbook.gif,Practice,220701543,203,,90050867,590,220701543,590,12
39704,Emparejar,220701543,,,Practice,220701543,203,,90039704,591,220701543,591,12
39706,Ordenar,220701543,,,Practice,220701543,203,,90039706,592,220701543,592,12
50872,Escoger,220701543,,,Practice,220701543,203,,90050872,593,220701543,593,12
50943,1 - La lotería,220701543,,,Workbook,220701543,203,,90050943,594,220701543,594,12
50946,2 - ¿Cuántos hay?,220701543,,,Workbook,220701543,203,,90050946,595,220701543,595,12
50948,3 - ¿Cuánto cuesta?,220701543,,,Workbook,220701543,203,,90050948,596,220701543,596,12
49425,1 - ¿Cierto o falso?,220701543,,audio.gif,Lab Manual,220701543,203,,90049425,597,220701543,597,12
50969,2 - Dictado,220701543,,audio.gif,Lab Manual,220701543,203,,90050969,598,220701543,598,12
44275,3 - Preguntas,220701543,,microphone.gif,Lab Manual,220701543,203,,90044275,599,220701543,599,12
48587,4 - Un anuncio,220701543,,audio.gif,Lab Manual,220701543,203,,90048587,600,220701543,600,12
41466,Preterite tense of regular verbs,220701544,,,Tutorials,220701544,203,,90041466,601,220701544,601,12
40053,¡Manos a la obra!,220701544,153,textbook.gif,Practice,220701544,203,,90040053,602,220701544,602,12
50878,Fin de semana,220701544,152,textbook.gif,Practice,220701544,203,,90050878,603,220701544,603,12
39714,¿Qué hiciste?,220701544,,,Practice,220701544,203,,90039714,604,220701544,604,12
50882,Oraciones,220701544,,,Practice,220701544,203,,90050882,605,220701544,605,12
50950,1 - El pretérito,220701544,,,Workbook,220701544,203,,90050950,606,220701544,606,12
39738,2 - Ahora y en el pasado,220701544,,,Workbook,220701544,203,,90039738,607,220701544,607,12
50953,3 - Ya pasó,220701544,,,Workbook,220701544,203,,90050953,608,220701544,608,12
39760,4 - La semana pasada,220701544,,,Workbook,220701544,203,,90039760,609,220701544,609,12
48397,1 - Identificar,220701544,,audio.gif,Lab Manual,220701544,203,,90048397,610,220701544,610,12
44276,2 - Cambiar,220701544,,microphone.gif,Lab Manual,220701544,203,,90044276,611,220701544,611,12
44277,3 - Preguntas,220701544,,microphone.gif,Lab Manual,220701544,203,,90044277,612,220701544,612,12
50972,4 - ¿Estás listo?,220701544,,audio.gif,Lab Manual,220701544,203,,90050972,613,220701544,613,12
41470,Indirect object pronouns,220701545,,,Tutorials,220701545,203,,90041470,614,220701545,614,12
40055,¡Manos a la obra!,220701545,155,textbook.gif,Practice,220701545,203,,90040055,615,220701545,615,12
50884,Completar,220701545,154,textbook.gif,Practice,220701545,203,,90050884,616,220701545,616,12
39722,Escoger,220701545,,,Practice,220701545,203,,90039722,617,220701545,617,12
50886,Con dar y decir,220701545,,,Practice,220701545,203,,90050886,618,220701545,618,12
50888,Escoger,220701545,,,Practice,220701545,203,,90050888,619,220701545,619,12
39761,1 - ¿A quién?,220701545,,,Workbook,220701545,203,,90039761,620,220701545,620,12
39763,2 - ¿A quién?,220701545,,,Workbook,220701545,203,,90039763,621,220701545,621,12
39766,3 - Escribir,220701545,,,Workbook,220701545,203,,90039766,622,220701545,622,12
50956,4 - De compras,220701545,,,Workbook,220701545,203,,90050956,623,220701545,623,12
54939,5 - Respuestas,220701545,,,Workbook,220701545,203,,90054939,624,220701545,624,12
48399,1 - Escoger,220701545,,audio.gif,Lab Manual,220701545,203,,90048399,625,220701545,625,12
48590,2 - Identificar,220701545,,audio.gif,Lab Manual,220701545,203,,90048590,626,220701545,626,12
48591,3 - En el centro comercial,220701545,,audio.gif,Lab Manual,220701545,203,,90048591,627,220701545,627,12
28918,Demonstrative adjectives and pronouns,220701546,,,Tutorials,220701546,203,,90028918,628,220701546,628,12
40058,¡Manos a la obra!,220701546,157,textbook.gif,Practice,220701546,203,,90040058,629,220701546,629,12
50890,En un almacén,220701546,156,textbook.gif,Practice,220701546,203,,90050890,630,220701546,630,12
32766,Completar,220701546,,,Practice,220701546,203,,90032766,631,220701546,631,12
39275,Escoger,220701546,,,Practice,220701546,203,,90039275,632,220701546,632,12
39344,1 - Completar,220701546,,,Workbook,220701546,203,,90039344,633,220701546,633,12
39348,2 - Preguntas,220701546,,,Workbook,220701546,203,,90039348,634,220701546,634,12
54785,3 - Ésos no,220701546,,,Workbook,220701546,203,,90054785,635,220701546,635,12
39351,4 - Éstas y aquéllas,220701546,,,Workbook,220701546,203,,90039351,636,220701546,636,12
39353,5 - Síntesis,220701546,,,Workbook,220701546,203,,90039353,637,220701546,637,12
12580,1 - En el mercado,220701546,,audio.gif,Lab Manual,220701546,203,,90012580,638,220701546,638,12
50383,2 - Cambiar,220701546,,microphone.gif,Lab Manual,220701546,203,,90050383,639,220701546,639,12
50384,3 - Transformar,220701546,,microphone.gif,Lab Manual,220701546,203,,90050384,640,220701546,640,12
50385,4 - Preguntas,220701546,,microphone.gif,Lab Manual,220701546,203,,90050385,641,220701546,641,12
33147,5 - De compras,220701546,,audio.gif,Lab Manual,220701546,203,,90033147,642,220701546,642,12
52869,El Palacio de la GANGA,220800000,,,Practice,220800000,203,,90052869,643,220800000,643,12
40112,¿Comprendiste?,220800000,163,textbook.gif,Practice,220800000,203,,90040112,644,220800000,644,12
40113,Preguntas,220800000,163,textbook.gif,Practice,220800000,203,,90040113,645,220800000,645,12
52872,¡Real liquidación en Corona!,220800000,,,Practice,220800000,203,,90052872,646,220800000,646,12
47080,¿Cierto o falso?,220800000,,,Practice,220800000,203,,90047080,647,220800000,647,12
54250,¡De compras!,221100000,164,,Practice,221100000,203,,90054250,648,221100000,648,12
50973,¡De compras!,221100000,164,,Lab Manual,221100000,203,,90050973,649,221100000,649,12
50960,1 - El mapa,220901638,,,Workbook,220901638,203,,90050960,650,220901638,650,12
50962,2 - Completar,220901638,,,Workbook,220901638,203,,90050962,651,220901638,651,12
50966,3 - Palabras,220901638,,,Workbook,220901638,203,,90050966,652,220901638,652,12
46484,4 - Las fotos,220901638,,,Workbook,220901638,203,,90046484,653,220901638,653,12
50903,El mapa de Puerto Rico,220901646,,,Practice,220901646,203,,90050903,654,220901646,654,12
48868,Las notas culturales y las estadísticas,220901646,,,Practice,220901646,203,,90048868,655,220901646,655,12
51158,El mapa y los datos geográficos,220901646,,,Practice,220901646,203,,90051158,656,220901646,656,12
43006,Conexión Internet: <b>Puertorriqueños célebres</b>,220901646,,web.gif,Practice,220901646,203,,90043006,657,220901646,657,12
43014,Conexión Internet: <b>Ecoturismo</b>,220901646,,web.gif,Practice,220901646,203,,90043014,658,220901646,658,12
39312,Puerto Rico: <i>El viejo San Juan</i>,220901646,,,Practice,220901646,203,,90039312,659,220901646,659,12
39316,Completar,220901646,,,Practice,220901646,203,,90039316,660,220901646,660,12
33082,1 - Más vocabulario,220901646,,,Video Manual,220901646,203,,90033082,661,220901646,661,12
39390,2 - Cognados,220901646,,video.gif,Video Manual,220901646,203,,90039390,662,220901646,662,12
39391,3 - Completar,220901646,,,Video Manual,220901646,203,,90039391,663,220901646,663,12
51160,El mapa de Cuba,220901647,,,Practice,220901647,203,,90051160,664,220901647,664,12
48879,Las notas culturales y las estadísticas,220901647,,,Practice,220901647,203,,90048879,665,220901647,665,12
51161,El mapa y los datos geográficos,220901647,,,Practice,220901647,203,,90051161,666,220901647,666,12
43010,Conexión Internet: <b>Cubanos célebres</b>,220901647,,web.gif,Practice,220901647,203,,90043010,667,220901647,667,12
43018,Conexión Internet: <b>Ciudades</b>,220901647,,web.gif,Practice,220901647,203,,90043018,668,220901647,668,12
39318,Cuba: <i>La santería</i>,220901647,,,Practice,220901647,203,,90039318,669,220901647,669,12
29292,Escoger,220901647,,,Practice,220901647,203,,90029292,670,220901647,670,12
33150,1 - Más vocabulario,220901647,,,Video Manual,220901647,203,,90033150,671,220901647,671,12
39392,2 - Marcar,220901647,,video.gif,Video Manual,220901647,203,,90039392,672,220901647,672,12
39393,3 - ¿Cierto o falso?,220901647,,,Video Manual,220901647,203,,90039393,673,220901647,673,12
50907,El mapa de la República Dominicana,220901648,,,Practice,220901648,203,,90050907,674,220901648,674,12
51162,Las notas culturales y las estadísticas,220901648,,,Practice,220901648,203,,90051162,675,220901648,675,12
50914,El mapa y los datos geográficos,220901648,,,Practice,220901648,203,,90050914,676,220901648,676,12
50921,Conexión Internet: <b>Isla La Española</b>,220901648,,web.gif,Practice,220901648,203,,90050921,677,220901648,677,12
50926,Conexión Internet: <b>La zona colonial de Santo Domingo</b>,220901648,,web.gif,Practice,220901648,203,,90050926,678,220901648,678,12
39319,La República Dominicana: <i>La bachata y el merengue</i>,220901648,,,Practice,220901648,203,,90039319,679,220901648,679,12
30147,Completar,220901648,,,Practice,220901648,203,,90030147,680,220901648,680,12
33768,1 - Más vocabulario,220901648,,,Video Manual,220901648,203,,90033768,681,220901648,681,12
25464,2 - Preguntas,220901648,,,Video Manual,220901648,203,,90025464,682,220901648,682,12
46538,3 - Marcar,220901648,,video.gif,Video Manual,220901648,203,,90046538,683,220901648,683,12
25469,4 - Corregir,220901648,,,Video Manual,220901648,203,,90025469,684,220901648,684,12
25471,5 - Emparejar,220901648,,,Video Manual,220901648,203,,90025471,685,220901648,685,12
25473,6 - Seleccionar,220901648,,,Video Manual,220901648,203,,90025473,686,220901648,686,12
25475,7 - Responder,220901648,,,Video Manual,220901648,203,,90025475,687,220901648,687,12
50979,1 - Más vocabulario,220600000,,,Video Manual,220600000,203,,90050979,688,220600000,688,12
46486,2 - ¡En español!,220600000,,,Video Manual,220600000,203,,90046486,689,220600000,689,12
53859,3 - ¿Qué compran?,220600000,,video.gif,Video Manual,220600000,203,,90053859,690,220600000,690,12
53861,4 - Completar,220600000,,video.gif,Video Manual,220600000,203,,90053861,691,220600000,691,12
39695,5 - Ordenar,220600000,,,Video Manual,220600000,203,,90039695,692,220600000,692,12
39697,6 - ¡Aquí no hay descuentos!,220600000,,,Video Manual,220600000,203,,90039697,693,220600000,693,12
39699,7 - Preguntas,220600000,,,Video Manual,220600000,203,,90039699,694,220600000,694,12
54101,Flashcards,221200000,,,Tutorials,221200000,204,,90054101,695,221200000,695,12
20953,Tutorial 1,221200000,,,Tutorials,221200000,204,,90020953,696,221200000,696,12
20954,Tutorial 2,221200000,,,Tutorials,221200000,204,,90020954,697,221200000,697,12
20955,Tutorial 3,221200000,,,Tutorials,221200000,204,,90020955,698,221200000,698,12
55264,Practica el vocabulario,221200000,,audio.gif,Tutorials,221200000,204,,90055264,699,221200000,699,12
55271,La vida diaria,221200000,,,Tutorials,221200000,204,,90055271,700,221200000,700,12
13687,Crucigrama,221200000,,,Tutorials,221200000,204,,90013687,701,221200000,701,12
13688,Emparejar,221200000,,,Tutorials,221200000,204,,90013688,702,221200000,702,12
35656,La rutina diaria,221200000,,,Practice,221200000,204,,90035656,703,221200000,703,12
51370,¿Cierto o falso?,221200000,172,textbook_audio.gif,Practice,221200000,204,,90051370,704,221200000,704,12
51368,Escuchar,221200000,172,textbook_audio.gif,Practice,221200000,204,,90051368,705,221200000,705,12
39899,Ordenar,221200000,173,textbook.gif,Practice,221200000,204,,90039899,706,221200000,706,12
33660,Seleccionar,221200000,,,Practice,221200000,204,,90033660,707,221200000,707,12
41246,<b>Repaso</b>,221200000,,,Practice,221200000,204,,90041246,708,221200000,708,12
14228,Más práctica,221200000,,,Practice,221200000,204,,90014228,709,221200000,709,12
51047,1 - Las rutinas,221200000,,,Workbook,221200000,204,,90051047,710,221200000,710,12
33456,2 - ¿En el baño o en la habitación?,221200000,,,Workbook,221200000,204,,90033456,711,221200000,711,12
36450,3 - Ángel y Lupe,221200000,,,Workbook,221200000,204,,90036450,712,221200000,712,12
14423,4 - La palabra diferente,221200000,,,Workbook,221200000,204,,90014423,713,221200000,713,12
33457,5 - La rutina de Silvia,221200000,,,Workbook,221200000,204,,90033457,714,221200000,714,12
48555,1 - Describir,221200000,,audio.gif,Lab Manual,221200000,204,,90048555,715,221200000,715,12
44281,2 - Preguntas,221200000,,microphone.gif,Lab Manual,221200000,204,,90044281,716,221200000,716,12
14486,3 - Entrevista,221200000,,audio.gif,Lab Manual,221200000,204,,90014486,717,221200000,717,12
13691,"<span lang=""en-US"">The consonant</span> <i>r</i>",221400000,,audio.gif,Tutorials,221400000,204,,90013691,718,221400000,718,12
13792,"<span lang=""en-US"">The consonant</span> <i>r</i>",221400000,,,Practice,221400000,204,,90013792,719,221400000,719,12
29235,"<span lang=""en-US"">The consonant</span> <i>r</i>",221400000,,,Lab Manual,221400000,204,,90029235,720,221400000,720,12
50386,1 - Práctica,221400000,,microphone.gif,Lab Manual,221400000,204,,90050386,721,221400000,721,12
50387,2 - Oraciones,221400000,,microphone.gif,Lab Manual,221400000,204,,90050387,722,221400000,722,12
50389,3 - Refranes,221400000,,microphone.gif,Lab Manual,221400000,204,,90050389,723,221400000,723,12
51357,4 - Dictado,221400000,,audio.gif,Lab Manual,221400000,204,,90051357,724,221400000,724,12
15890,<i>¡Jamás me levanto temprano!</i>,221300000,,,Practice,221300000,204,,90015890,725,221300000,725,12
39913,¿Cierto o falso?,221300000,176,textbook.gif,Practice,221300000,204,,90039913,726,221300000,726,12
50998,Los planes de Álex,221300000,177,textbook.gif,Practice,221300000,204,,90050998,727,221300000,727,12
33615,Ahora dilo tú,221300000,,video.gif,Practice,221300000,204,,90033615,728,221300000,728,12
40322,1 - La rutina diaria,221300000,,,Video Manual,221300000,204,,90040322,729,221300000,729,12
13583,2 - ¿Álex o Javier?,221300000,,video.gif,Video Manual,221300000,204,,90013583,730,221300000,730,12
14499,3 - Ordenar,221300000,,video.gif,Video Manual,221300000,204,,90014499,731,221300000,731,12
40324,4 - Resumen,221300000,,video.gif,Video Manual,221300000,204,,90040324,732,221300000,732,12
12877,5 - Preguntas,221300000,,,Video Manual,221300000,204,,90012877,733,221300000,733,12
12881,6 - Preguntas personales,221300000,,,Video Manual,221300000,204,,90012881,734,221300000,734,12
12883,7 - Tus vacaciones,221300000,,,Video Manual,221300000,204,,90012883,735,221300000,735,12
39922,¿Cierto o falso?,221600000,178,textbook.gif,Practice,221600000,204,,90039922,736,221600000,736,12
51001,Completar,221600000,,,Practice,221600000,204,,90051001,737,221600000,737,12
13984,La hora del café en el mundo hispano,221600000,,,Practice,221600000,204,,90013984,738,221600000,738,12
51002,Escoger,221600000,,,Practice,221600000,204,,90051002,739,221600000,739,12
39929,Conexión Internet,221600000,179,web.gif,Practice,221600000,204,,90039929,740,221600000,740,12
52249,Vocabulario ,221600000,,,Practice,221600000,204,,90052249,741,221600000,741,12
30720,Tapas para todos los días,221600000,,,Practice,221600000,204,,90030720,742,221600000,742,12
51010,Ordenar,221600000,179,textbook.gif,Practice,221600000,204,,90051010,743,221600000,743,12
33626,Elegir,221600000,,,Practice,221600000,204,,90033626,744,221600000,744,12
28919,Reflexive verbs,221801547,,,Tutorials,221801547,204,,90028919,745,221801547,745,12
39983,¡Manos a la obra!,221801547,181,textbook.gif,Practice,221801547,204,,90039983,746,221801547,746,12
51013,Conversaciones,221801547,180,textbook.gif,Practice,221801547,204,,90051013,747,221801547,747,12
33629,Completar,221801547,,,Practice,221801547,204,,90033629,748,221801547,748,12
51015,Nuestra rutina,221801547,,,Practice,221801547,204,,90051015,749,221801547,749,12
51019,No te preocupes,221801547,,,Practice,221801547,204,,90051019,750,221801547,750,12
40258,1 - Se hace,221801547,,,Workbook,221801547,204,,90040258,751,221801547,751,12
51049,2 - Lo hiciste,221801547,,,Workbook,221801547,204,,90051049,752,221801547,752,12
40262,3 - Terminar,221801547,,,Workbook,221801547,204,,90040262,753,221801547,753,12
51052,4 - Escoger,221801547,,,Workbook,221801547,204,,90051052,754,221801547,754,12
40265,5 - El incidente,221801547,,,Workbook,221801547,204,,90040265,755,221801547,755,12
48557,1 - Describir,221801547,,audio.gif,Lab Manual,221801547,204,,90048557,756,221801547,756,12
50390,2 - Preguntas,221801547,,microphone.gif,Lab Manual,221801547,204,,90050390,757,221801547,757,12
33508,"3 - ¡Esto fue el colmo! <i><span lang=""en-US"">(The last straw!)</span></i>",221801547,,audio.gif,Lab Manual,221801547,204,,90033508,758,221801547,758,12
28920,Indefinite and negative words,221801548,,,Tutorials,221801548,204,,90028920,759,221801548,759,12
13685,Emparejar,221801548,,,Tutorials,221801548,204,,90013685,760,221801548,760,12
39964,¡Manos a la obra!,221801548,183,textbook.gif,Practice,221801548,204,,90039964,761,221801548,761,12
33634,Completar,221801548,,,Practice,221801548,204,,90033634,762,221801548,762,12
39968,Eres muy negativo,221801548,,,Practice,221801548,204,,90039968,763,221801548,763,12
40267,1 - Alguno o ninguno,221801548,,,Workbook,221801548,204,,90040267,764,221801548,764,12
40269,2 - Palabras negativas,221801548,,,Workbook,221801548,204,,90040269,765,221801548,765,12
51055,3 - Lo contrario,221801548,,,Workbook,221801548,204,,90051055,766,221801548,766,12
51058,"4 - No, no es cierto",221801548,,,Workbook,221801548,204,,90051058,767,221801548,767,12
51061,5 - Lo opuesto,221801548,,,Workbook,221801548,204,,90051061,768,221801548,768,12
12826,1 - ¿Lógico o ilógico?,221801548,,audio.gif,Lab Manual,221801548,204,,90012826,769,221801548,769,12
17738,2 - ¿Pero o sino?,221801548,,audio.gif,Lab Manual,221801548,204,,90017738,770,221801548,770,12
50391,3 - Transformar,221801548,,microphone.gif,Lab Manual,221801548,204,,90050391,771,221801548,771,12
50392,4 - Preguntas,221801548,,microphone.gif,Lab Manual,221801548,204,,90050392,772,221801548,772,12
40309,5 - Entre amigos,221801548,,audio.gif,Lab Manual,221801548,204,,90040309,773,221801548,773,12
28921,Preterite of <b><i>ser</i></b> and <b><i>ir</i></b>,221801549,,,Tutorials,221801549,204,,90028921,774,221801549,774,12
39978,¡Manos a la obra!,221801549,184,textbook.gif,Practice,221801549,204,,90039978,775,221801549,775,12
51020,Conversación,221801549,184,textbook.gif,Practice,221801549,204,,90051020,776,221801549,776,12
33635,¿<i>Ser</i> o <i>ir</i>?,221801549,,,Practice,221801549,204,,90033635,777,221801549,777,12
51022,Frases,221801549,,,Practice,221801549,204,,90051022,778,221801549,778,12
39990,Fue un día maravilloso,221801549,,,Practice,221801549,204,,90039990,779,221801549,779,12
40283,1 - ¿<i>Ser</i> o <i>ir</i>?,221801549,,,Workbook,221801549,204,,90040283,780,221801549,780,12
40285,2 - Viaje a Perú,221801549,,,Workbook,221801549,204,,90040285,781,221801549,781,12
12830,1 - Escoger,221801549,,audio.gif,Lab Manual,221801549,204,,90012830,782,221801549,782,12
50393,2 - Cambiar,221801549,,microphone.gif,Lab Manual,221801549,204,,90050393,783,221801549,783,12
44289,3 - Preguntas,221801549,,microphone.gif,Lab Manual,221801549,204,,90044289,784,221801549,784,12
51359,"4 - ¿Qué hicieron <i><span lang=""en-US"">(did they do)</span></i> anoche?",221801549,,audio.gif,Lab Manual,221801549,204,,90051359,785,221801549,785,12
28922,Verbs like <b><i>gustar</i></b>,221801550,,,Tutorials,221801550,204,,90028922,786,221801550,786,12
13686,Emparejar,221801550,,,Tutorials,221801550,204,,90013686,787,221801550,787,12
51025,¡Manos a la obra!,221801550,187,textbook.gif,Practice,221801550,204,,90051025,788,221801550,788,12
51028,Completar,221801550,186,textbook.gif,Practice,221801550,204,,90051028,789,221801550,789,12
51265,<i>Gustar</i> y verbos similares,221801550,,,Practice,221801550,204,,90051265,790,221801550,790,12
51063,1 - ¿Uno o varios?,221801550,,,Workbook,221801550,204,,90051063,791,221801550,791,12
12951,2 - Nos gusta el fútbol,221801550,,,Workbook,221801550,204,,90012951,792,221801550,792,12
40289,3 - Los otros,221801550,,,Workbook,221801550,204,,90040289,793,221801550,793,12
51066,4 - ¿Qué piensan?,221801550,,,Workbook,221801550,204,,90051066,794,221801550,794,12
14478,5 - Mi rutina diaria,221801550,,,Workbook,221801550,204,,90014478,795,221801550,795,12
40295,6 - Síntesis,221801550,,,Workbook,221801550,204,,90040295,796,221801550,796,12
12838,1 - Escoger,221801550,,audio.gif,Lab Manual,221801550,204,,90012838,797,221801550,797,12
50394,2 - Cambiar,221801550,,microphone.gif,Lab Manual,221801550,204,,90050394,798,221801550,798,12
44291,3 - Preguntas,221801550,,microphone.gif,Lab Manual,221801550,204,,90044291,799,221801550,799,12
51071,4 - Preferencias,221801550,,audio.gif,Lab Manual,221801550,204,,90051071,800,221801550,800,12
52875,¡Una mañana desastrosa!,221900000,,,Practice,221900000,204,,90052875,801,221900000,801,12
51041,¿Comprendiste?,221900000,193,textbook.gif,Practice,221900000,204,,90051041,802,221900000,802,12
40115,Preguntas,221900000,193,textbook.gif,Practice,221900000,204,,90040115,803,221900000,803,12
52876,¡Qué día!,221900000,,,Practice,221900000,204,,90052876,804,221900000,804,12
47093,Seleccionar,221900000,,,Practice,221900000,204,,90047093,805,221900000,805,12
51044,La vida diaria,222200000,194,,Practice,222200000,204,,90051044,806,222200000,806,12
51072,La vida diaria,222200000,,,Lab Manual,222200000,204,,90051072,807,222200000,807,12
40340,1 - Más vocabulario,221700000,,,Video Manual,221700000,204,,90040340,808,221700000,808,12
40338,2 - Completar,221700000,,,Video Manual,221700000,204,,90040338,809,221700000,809,12
46779,3 - ¡En español!,221700000,,,Video Manual,221700000,204,,90046779,810,221700000,810,12
53864,4 - Montaditos,221700000,,video.gif,Video Manual,221700000,204,,90053864,811,221700000,811,12
53865,5 - Completar,221700000,,video.gif,Video Manual,221700000,204,,90053865,812,221700000,812,12
40356,6 - ¿Cierto o falso?,221700000,,,Video Manual,221700000,204,,90040356,813,221700000,813,12
46742,7 - Un día en la vida de...,221700000,,,Video Manual,221700000,204,,90046742,814,221700000,814,12
54104,Flashcards,222300000,,,Tutorials,222300000,205,,90054104,815,222300000,815,12
20956,Tutorial 1,222300000,,,Tutorials,222300000,205,,90020956,816,222300000,816,12
20957,Tutorial 2,222300000,,,Tutorials,222300000,205,,90020957,817,222300000,817,12
20958,Tutorial 3,222300000,,,Tutorials,222300000,205,,90020958,818,222300000,818,12
55276,Practica el vocabulario,222300000,,audio.gif,Tutorials,222300000,205,,90055276,819,222300000,819,12
13694,Crucigrama,222300000,,,Tutorials,222300000,205,,90013694,820,222300000,820,12
55287,El desayuno y el almuerzo,222300000,,,Tutorials,222300000,205,,90055287,821,222300000,821,12
55279,La comida,222300000,,,Tutorials,222300000,205,,90055279,822,222300000,822,12
35657,La comida,222300000,,,Practice,222300000,205,,90035657,823,222300000,823,12
41355,¿Lógico o ilógico?,222300000,198,textbook_audio.gif,Practice,222300000,205,,90041355,824,222300000,824,12
51089,¿Qué pide Nora?,222300000,198,textbook_audio.gif,Practice,222300000,205,,90051089,825,222300000,825,12
41358,La comida,222300000,199,textbook.gif,Practice,222300000,205,,90041358,826,222300000,826,12
41361,<b>Repaso</b>,222300000,,,Practice,222300000,205,,90041361,827,222300000,827,12
33403,Más práctica,222300000,,,Practice,222300000,205,,90033403,828,222300000,828,12
51191,1 - ¿Qué comida es?,222300000,,,Workbook,222300000,205,,90051191,829,222300000,829,12
51223,2 - Categorías,222300000,,,Workbook,222300000,205,,90051223,830,222300000,830,12
36355,3 - ¿Qué es?,222300000,,,Workbook,222300000,205,,90036355,831,222300000,831,12
41504,4 - ¿Cuándo lo comes?,222300000,,,Workbook,222300000,205,,90041504,832,222300000,832,12
48405,1 - Identificar,222300000,,audio.gif,Lab Manual,222300000,205,,90048405,833,222300000,833,12
51346,2 - Describir,222300000,,audio.gif,Lab Manual,222300000,205,,90051346,834,222300000,834,12
21334,3 - En el restaurante,222300000,,audio.gif,Lab Manual,222300000,205,,90021334,835,222300000,835,12
13698,"ll, ñ, c, <span lang=""en-US"">and</span> z",222500000,,,Tutorials,222500000,205,,90013698,836,222500000,836,12
33676,"<b><i>ll</b></i>, <b><i>ñ</b></i>, <b><i>c</b></i>, <span lang=""en-US"">and</span> <b><i>z</b></i>",222500000,,,Practice,222500000,205,,90033676,837,222500000,837,12
21205,"ll, ñ, c, <span lang=""en-US"">and</span> z",222500000,,,Lab Manual,222500000,205,,90021205,838,222500000,838,12
44298,1 - Práctica,222500000,,microphone.gif,Lab Manual,222500000,205,,90044298,839,222500000,839,12
44299,2 - Oraciones,222500000,,microphone.gif,Lab Manual,222500000,205,,90044299,840,222500000,840,12
44297,3 - Refranes,222500000,,microphone.gif,Lab Manual,222500000,205,,90044297,841,222500000,841,12
51348,4 - Dictado,222500000,,audio.gif,Lab Manual,222500000,205,,90051348,842,222500000,842,12
20051,<i>¿Qué tal la comida?</i>,222400000,,,Practice,222400000,205,,90020051,843,222400000,843,12
41362,En el restaurante,222400000,202,textbook.gif,Practice,222400000,205,,90041362,844,222400000,844,12
41363,Preguntas,222400000,202,textbook.gif,Practice,222400000,205,,90041363,845,222400000,845,12
33674,Ahora dilo tú,222400000,,video.gif,Practice,222400000,205,,90033674,846,222400000,846,12
32582,1 - En un restaurante,222400000,,,Video Manual,222400000,205,,90032582,847,222400000,847,12
35043,2 - ¿Quién?,222400000,,video.gif,Video Manual,222400000,205,,90035043,848,222400000,848,12
18717,3 - Los restaurantes de Madrid,222400000,,video.gif,Video Manual,222400000,205,,90018717,849,222400000,849,12
18718,4 - Resumen,222400000,,video.gif,Video Manual,222400000,205,,90018718,850,222400000,850,12
24865,5 - Opiniones,222400000,,,Video Manual,222400000,205,,90024865,851,222400000,851,12
51287,6 - Corregir,222400000,,,Video Manual,222400000,205,,90051287,852,222400000,852,12
17741,7 - Preguntas personales,222400000,,,Video Manual,222400000,205,,90017741,853,222400000,853,12
51090,¿Cierto o falso?,222700000,204,textbook.gif,Practice,222700000,205,,90051090,854,222700000,854,12
51091,Completar,222700000,,,Practice,222700000,205,,90051091,855,222700000,855,12
33688,"Frutas exóticas de Latinoamérica: la pitahaya, la lúcuma y el membrillo",222700000,,,Practice,222700000,205,,90033688,856,222700000,856,12
51093,Completar,222700000,,,Practice,222700000,205,,90051093,857,222700000,857,12
41744,Conexión Internet,222700000,205,web.gif,Practice,222700000,205,,90041744,858,222700000,858,12
51095,Vocabulario,222700000,,,Practice,222700000,205,,90051095,859,222700000,859,12
30721,La comida latina,222700000,,,Practice,222700000,205,,90030721,860,222700000,860,12
41746,¿Cierto o falso?,222700000,205,textbook.gif,Practice,222700000,205,,90041746,861,222700000,861,12
33690,Completar,222700000,,,Practice,222700000,205,,90033690,862,222700000,862,12
28923,Preterite of stem-changing verbs,222901551,,,Tutorials,222901551,205,,90028923,863,222901551,863,12
41369,¡Manos a la obra!,222901551,206,textbook.gif,Practice,222901551,205,,90041369,864,222901551,864,12
41371,¡Pobre señor Suárez!,222901551,206,textbook.gif,Practice,222901551,205,,90041371,865,222901551,865,12
33695,Escoger,222901551,,,Practice,222901551,205,,90033695,866,222901551,866,12
51097,¡Qué noche!,222901551,,,Practice,222901551,205,,90051097,867,222901551,867,12
34042,Oraciones,222901551,,,Practice,222901551,205,,90034042,868,222901551,868,12
41509,1 - En el pasado,222901551,,,Workbook,222901551,205,,90041509,869,222901551,869,12
41512,2 - ¿Qué hicieron?,222901551,,,Workbook,222901551,205,,90041512,870,222901551,870,12
51229,3 - Sujetos diferentes,222901551,,,Workbook,222901551,205,,90051229,871,222901551,871,12
20266,4 - En el restaurante,222901551,,,Workbook,222901551,205,,90020266,872,222901551,872,12
41520,5 - La planta de la abuela,222901551,,,Workbook,222901551,205,,90041520,873,222901551,873,12
48553,1 - Identificar,222901551,,audio.gif,Lab Manual,222901551,205,,90048553,874,222901551,874,12
50396,2 - Cambiar,222901551,,microphone.gif,Lab Manual,222901551,205,,90050396,875,222901551,875,12
44303,3 - Preguntas,222901551,,microphone.gif,Lab Manual,222901551,205,,90044303,876,222901551,876,12
33547,4 - Un día largo,222901551,,audio.gif,Lab Manual,222901551,205,,90033547,877,222901551,877,12
28924,Double object pronouns,222901552,,,Tutorials,222901552,205,,90028924,878,222901552,878,12
13692,Emparejar,222901552,,,Tutorials,222901552,205,,90013692,879,222901552,879,12
41374,¡Manos a la obra!,222901552,209,textbook.gif,Practice,222901552,205,,90041374,880,222901552,880,12
41377,Escoger,222901552,,,Practice,222901552,205,,90041377,881,222901552,881,12
51102,Cambiar,222901552,,,Practice,222901552,205,,90051102,882,222901552,882,12
51105,Responder,222901552,,,Practice,222901552,205,,90051105,883,222901552,883,12
41522,1 - Buena gente,222901552,,,Workbook,222901552,205,,90041522,884,222901552,884,12
51238,2 - Pronombres,222901552,,,Workbook,222901552,205,,90051238,885,222901552,885,12
51245,3 - ¿Quiénes son?,222901552,,,Workbook,222901552,205,,90051245,886,222901552,886,12
41526,4 - La cena,222901552,,,Workbook,222901552,205,,90041526,887,222901552,887,12
51350,1 - Escoger,222901552,,audio.gif,Lab Manual,222901552,205,,90051350,888,222901552,888,12
50397,2 - Cambiar,222901552,,microphone.gif,Lab Manual,222901552,205,,90050397,889,222901552,889,12
50398,3 - Preguntas,222901552,,microphone.gif,Lab Manual,222901552,205,,90050398,890,222901552,890,12
33551,4 - Una fiesta,222901552,,audio.gif,Lab Manual,222901552,205,,90033551,891,222901552,891,12
41496,<b><i>Saber</i></b> and <b><i>conocer</b></i>,222901553,,,Tutorials,222901553,205,,90041496,892,222901553,892,12
51107,¡Manos a la obra!,222901553,210,textbook.gif,Practice,222901553,205,,90051107,893,222901553,893,12
41380,Completar,222901553,210,textbook.gif,Practice,222901553,205,,90041380,894,222901553,894,12
51121,¿Saber o conocer?,222901553,,,Practice,222901553,205,,90051121,895,222901553,895,12
51115,Escoger,222901553,,,Practice,222901553,205,,90051115,896,222901553,896,12
51110,Completar,222901553,,,Practice,222901553,205,,90051110,897,222901553,897,12
51248,1 - ¿<i>Saber</i> o <i>conocer</i>?,222901553,,,Workbook,222901553,205,,90051248,898,222901553,898,12
51250,2 - ¿Qué hacen?,222901553,,,Workbook,222901553,205,,90051250,899,222901553,899,12
51255,3 - Oraciones completas,222901553,,,Workbook,222901553,205,,90051255,900,222901553,900,12
48407,1 - ¿Saber o conocer?,222901553,,audio.gif,Lab Manual,222901553,205,,90048407,901,222901553,901,12
50400,2 - Cambiar,222901553,,microphone.gif,Lab Manual,222901553,205,,90050400,902,222901553,902,12
50401,3 - Preguntas,222901553,,microphone.gif,Lab Manual,222901553,205,,90050401,903,222901553,903,12
51352,4 - Mi compañera de cuarto,222901553,,audio.gif,Lab Manual,222901553,205,,90051352,904,222901553,904,12
48579,5 - La mejor comida,222901553,,audio.gif,Lab Manual,222901553,205,,90048579,905,222901553,905,12
28925,Comparisons,222901554,,,Tutorials,222901554,205,,90028925,906,222901554,906,12
28926,Superlatives,222901554,,,Tutorials,222901554,205,,90028926,907,222901554,907,12
51122,Lucila y Tita,222901554,212,textbook.gif,Practice,222901554,205,,90051122,908,222901554,908,12
41392,Mario y Luis,222901554,212,textbook.gif,Practice,222901554,205,,90041392,909,222901554,909,12
38055,Superlativos,222901554,,,Practice,222901554,205,,90038055,910,222901554,910,12
51124,El más...,222901554,,,Practice,222901554,205,,90051124,911,222901554,911,12
41399,Mi alimentación,222901554,,,Practice,222901554,205,,90041399,912,222901554,912,12
41538,1 - ¿Cómo se comparan?,222901554,,,Workbook,222901554,205,,90041538,913,222901554,913,12
41546,2 - Es obvio,222901554,,,Workbook,222901554,205,,90041546,914,222901554,914,12
41553,3 - ¿Por qué?,222901554,,,Workbook,222901554,205,,90041553,915,222901554,915,12
41570,4 - Facilísimo,222901554,,,Workbook,222901554,205,,90041570,916,222901554,916,12
41576,5 - El más...,222901554,,,Workbook,222901554,205,,90041576,917,222901554,917,12
41579,6 - ¿Más o menos?,222901554,,,Workbook,222901554,205,,90041579,918,222901554,918,12
41592,7 - Síntesis,222901554,,,Workbook,222901554,205,,90041592,919,222901554,919,12
51354,1 - Escoger,222901554,,audio.gif,Lab Manual,222901554,205,,90051354,920,222901554,920,12
44308,2 - Comparar,222901554,,microphone.gif,Lab Manual,222901554,205,,90044308,921,222901554,921,12
50402,3 - Al contrario,222901554,,microphone.gif,Lab Manual,222901554,205,,90050402,922,222901554,922,12
50403,4 - Preguntas,222901554,,microphone.gif,Lab Manual,222901554,205,,90050403,923,222901554,923,12
51143,<i>Cinco estrellas para El Palmito</i>,223000000,,,Practice,223000000,205,,90051143,924,223000000,924,12
41426,¿Comprendiste?,223000000,219,textbook.gif,Practice,223000000,205,,90041426,925,223000000,925,12
41429,Preguntas,223000000,219,textbook.gif,Practice,223000000,205,,90041429,926,223000000,926,12
52379,<i>Gastronomía: La fería del maíz</i>,223000000,,,Practice,223000000,205,,90052379,927,223000000,927,12
48721,Preguntas,223000000,,,Practice,223000000,205,,90048721,928,223000000,928,12
54274,La comida,223300000,220,,Practice,223300000,205,,90054274,929,223300000,929,12
51073,La comida,223300000,220,,Lab Manual,223300000,205,,90051073,930,223300000,930,12
46772,1 - El mapa,223101639,,,Workbook,223101639,205,,90046772,931,223101639,931,12
51267,2 - ¿De qué país es?,223101639,,,Workbook,223101639,205,,90051267,932,223101639,932,12
51271,3 - Definiciones,223101639,,,Workbook,223101639,205,,90051271,933,223101639,933,12
41589,4 - ¡A viajar!,223101639,,,Workbook,223101639,205,,90041589,934,223101639,934,12
51151,El mapa de Venezuela,223101649,,,Practice,223101649,205,,90051151,935,223101649,935,12
34613,Las notas culturales y las estadísticas,223101649,,,Practice,223101649,205,,90034613,936,223101649,936,12
51154,El mapa y los datos geográficos,223101649,,,Practice,223101649,205,,90051154,937,223101649,937,12
43030,Conexión Internet: <b>Simón Bolívar</b>,223101649,,web.gif,Practice,223101649,205,,90043030,938,223101649,938,12
43034,Conexión Internet: <b>Ecoturismo en el Orinoco</b>,223101649,,web.gif,Practice,223101649,205,,90043034,939,223101649,939,12
41735,Venezuela: <i>Las costas y las montañas</i>,223101649,,,Practice,223101649,205,,90041735,940,223101649,940,12
51166,Completar,223101649,,,Practice,223101649,205,,90051166,941,223101649,941,12
35127,1 - Más vocabulario,223101649,,,Video Manual,223101649,205,,90035127,942,223101649,942,12
51288,2 - Marcar,223101649,,video.gif,Video Manual,223101649,205,,90051288,943,223101649,943,12
51289,3 - Completar,223101649,,,Video Manual,223101649,205,,90051289,944,223101649,944,12
41654,4 - Escribir,223101649,,,Video Manual,223101649,205,,90041654,945,223101649,945,12
51167,El mapa de Colombia,223101650,,,Practice,223101650,205,,90051167,946,223101650,946,12
34188,Las notas culturales y las estadísticas,223101650,,,Practice,223101650,205,,90034188,947,223101650,947,12
51155,El mapa y los datos geográficos,223101650,,,Practice,223101650,205,,90051155,948,223101650,948,12
43038,Conexión Internet: <b>Ciudades colombianas</b>,223101650,,web.gif,Practice,223101650,205,,90043038,949,223101650,949,12
43042,Conexión Internet: <b>Artistas colombianos</b>,223101650,,web.gif,Practice,223101650,205,,90043042,950,223101650,950,12
41736,Colombia: <i>Las fiestas y los parques</i>,223101650,,,Practice,223101650,205,,90041736,951,223101650,951,12
51169,Completar,223101650,,,Practice,223101650,205,,90051169,952,223101650,952,12
24558,1 - Más vocabulario,223101650,273,,Video Manual,223101650,205,,90024558,953,223101650,953,12
41657,2 - Preguntas,223101650,273,video.gif,Video Manual,223101650,205,,90041657,954,223101650,954,12
24559,3 - Emparejar,223101650,274,,Video Manual,223101650,205,,90024559,955,223101650,955,12
41661,4 - Responder,223101650,274,,Video Manual,223101650,205,,90041661,956,223101650,956,12
51170,El mapa de Ecuador,223101651,,,Practice,223101651,205,,90051170,957,223101651,957,12
51174,Las notas culturales y las estadísticas,223101651,,,Practice,223101651,205,,90051174,958,223101651,958,12
51176,El mapa y los datos geográficos,223101651,,,Practice,223101651,205,,90051176,959,223101651,959,12
51372,Conexión Internet: <b>Ciudades ecuatorianas</b>,223101651,,web.gif,Practice,223101651,205,,90051372,960,223101651,960,12
51374,Conexión Internet: <b>Las islas Galápagos</b>,223101651,,web.gif,Practice,223101651,205,,90051374,961,223101651,961,12
41737,Ecuador: <i>Las islas Galápagos</i>,223101651,,,Practice,223101651,205,,90041737,962,223101651,962,12
51184,Escoger,223101651,,,Practice,223101651,205,,90051184,963,223101651,963,12
32121,1 - Más vocabulario,223101651,,,Video Manual,223101651,205,,90032121,964,223101651,964,12
41664,2 - Marcar,223101651,,video.gif,Video Manual,223101651,205,,90041664,965,223101651,965,12
41666,3 - Responder,223101651,,,Video Manual,223101651,205,,90041666,966,223101651,966,12
49131,El mapa de Perú,223101652,,,Practice,223101652,205,,90049131,967,223101652,967,12
33667,Las notas culturales y las estadísticas,223101652,,,Practice,223101652,205,,90033667,968,223101652,968,12
51186,El mapa y los datos geográficos,223101652,,,Practice,223101652,205,,90051186,969,223101652,969,12
43058,Conexión Internet: <b>La cultura inca</b>,223101652,,web.gif,Practice,223101652,205,,90043058,970,223101652,970,12
43062,"Conexión Internet: <b>Artistas, escritores y músicos peruanos</b>",223101652,,web.gif,Practice,223101652,205,,90043062,971,223101652,971,12
41738,Perú: <i>Los deportes de aventura</i>,223101652,,,Practice,223101652,205,,90041738,972,223101652,972,12
51188,Elegir,223101652,,,Practice,223101652,205,,90051188,973,223101652,973,12
33526,1 - Más vocabulario,223101652,,,Video Manual,223101652,205,,90033526,974,223101652,974,12
52285,2 - Fotos,223101652,,,Video Manual,223101652,205,,90052285,975,223101652,975,12
41671,3 - Completar,223101652,,,Video Manual,223101652,205,,90041671,976,223101652,976,12
51295,1 - Más vocabulario,222800000,,,Video Manual,222800000,205,,90051295,977,222800000,977,12
46774,2 - ¡En español!,222800000,,,Video Manual,222800000,205,,90046774,978,222800000,978,12
53872,3 - Completar,222800000,,video.gif,Video Manual,222800000,205,,90053872,979,222800000,979,12
45583,4 - Ordenar,222800000,,video.gif,Video Manual,222800000,205,,90045583,980,222800000,980,12
41679,5 - Emparejar,222800000,,,Video Manual,222800000,205,,90041679,981,222800000,981,12
41682,6 - Un plato típico,222800000,,,Video Manual,222800000,205,,90041682,982,222800000,982,12
20959,Tutorial 1,223400000,,,Tutorials,223400000,206,,90020959,983,223400000,983,12
20960,Tutorial 2,223400000,,,Tutorials,223400000,206,,90020960,984,223400000,984,12
20961,Tutorial 3,223400000,,,Tutorials,223400000,206,,90020961,985,223400000,985,12
55290,Practica el vocabulario,223400000,,audio.gif,Tutorials,223400000,206,,90055290,986,223400000,986,12
13701,Crucigrama,223400000,,,Tutorials,223400000,206,,90013701,987,223400000,987,12
55298,Arrastrar,223400000,,,Tutorials,223400000,206,,90055298,988,223400000,988,12
55301,Las celebraciones,223400000,,,Tutorials,223400000,206,,90055301,989,223400000,989,12
40534,Las celebraciones,223400000,,,Practice,223400000,206,,90040534,990,223400000,990,12
48562,¿Lógico o ilógico?,223400000,228,textbook_audio.gif,Practice,223400000,206,,90048562,991,223400000,991,12
40538,¡Feliz cumpleaños!,223400000,228,textbook_audio.gif,Practice,223400000,206,,90040538,992,223400000,992,12
40541,Completar,223400000,229,textbook.gif,Practice,223400000,206,,90040541,993,223400000,993,12
35266,Escoger,223400000,,,Practice,223400000,206,,90035266,994,223400000,994,12
55092,Definiciones,223400000,,,Practice,223400000,206,,90055092,995,223400000,995,12
55097,<b>Repaso</b>,223400000,,,Practice,223400000,206,,90055097,996,223400000,996,12
18273,Más práctica,223400000,,,Practice,223400000,206,,90018273,997,223400000,997,12
40726,1 - Identificar,223400000,,,Workbook,223400000,206,,90040726,998,223400000,998,12
20628,2 - Las etapas de la vida,223400000,,,Workbook,223400000,206,,90020628,999,223400000,999,12
40728,3 - Escribir,223400000,,,Workbook,223400000,206,,90040728,1000,223400000,1000,12
55391,4 - Información personal,223400000,,,Workbook,223400000,206,,90055391,1001,223400000,1001,12
54297,1 - ¿Lógico o ilógico?,223400000,,audio.gif,Lab Manual,223400000,206,,90054297,1002,223400000,1002,12
55952,2 - Escoger,223400000,,audio.gif,Lab Manual,223400000,206,,90055952,1003,223400000,1003,12
55960,3 - Una celebración,223400000,,audio.gif,Lab Manual,223400000,206,,90055960,1004,223400000,1004,12
13704,"<span lang=""en-US"">The letters</span> h, j, <span lang=""en-US"">and</span> g",223600000,,audio.gif,Tutorials,223600000,206,,90013704,1005,223600000,1005,12
35283,"<span lang=""en-US"">The letters</span> <i>h</i>, <i>j</i>, <span lang=""en-US"">and</span> <i>g</i>",223600000,,,Practice,223600000,206,,90035283,1006,223600000,1006,12
21193,"<span lang=""en-US"">The letters</span> h, j, <span lang=""en-US"">and</span> g",223600000,,,Lab Manual,223600000,206,,90021193,1007,223600000,1007,12
44603,1 - Práctica,223600000,,microphone.gif,Lab Manual,223600000,206,,90044603,1008,223600000,1008,12
50404,2 - Oraciones,223600000,,microphone.gif,Lab Manual,223600000,206,,90050404,1009,223600000,1009,12
44611,3 - Refranes,223600000,,microphone.gif,Lab Manual,223600000,206,,90044611,1010,223600000,1010,12
24889,4 - Dictado,223600000,,audio.gif,Lab Manual,223600000,206,,90024889,1011,223600000,1011,12
35274,"<i>¡Feliz cumpleaños, Maite!</i>",223500000,,,Practice,223500000,206,,90035274,1012,223500000,1012,12
40545,Preguntas,223500000,232,textbook.gif,Practice,223500000,206,,90040545,1013,223500000,1013,12
40547,Identificar,223500000,232,textbook.gif,Practice,223500000,206,,90040547,1014,223500000,1014,12
35281,Ahora dilo tú,223500000,,video.gif,Practice,223500000,206,,90035281,1015,223500000,1015,12
32583,1 - Una fiesta,223500000,,,Video Manual,223500000,206,,90032583,1016,223500000,1016,12
24905,2 - Ordenar,223500000,,video.gif,Video Manual,223500000,206,,90024905,1017,223500000,1017,12
21045,3 - La quinceañera,223500000,,video.gif,Video Manual,223500000,206,,90021045,1018,223500000,1018,12
24881,4 - Resumen,223500000,,video.gif,Video Manual,223500000,206,,90024881,1019,223500000,1019,12
24902,5 - Corregir,223500000,,,Video Manual,223500000,206,,90024902,1020,223500000,1020,12
24903,6 - Eventos importantes,223500000,,,Video Manual,223500000,206,,90024903,1021,223500000,1021,12
24904,7 - Preguntas personales,223500000,,,Video Manual,223500000,206,,90024904,1022,223500000,1022,12
55103,¿Cierto of falso?,223800000,234,textbook.gif,Practice,223800000,206,,90055103,1023,223800000,1023,12
40549,Completar,223800000,,,Practice,223800000,206,,90040549,1024,223800000,1024,12
37615,Una celebración única,223800000,,,Practice,223800000,206,,90037615,1025,223800000,1025,12
55105,Completar,223800000,,,Practice,223800000,206,,90055105,1026,223800000,1026,12
55109,Conexión Internet,223800000,235,web.gif,Practice,223800000,206,,90055109,1027,223800000,1027,12
55111,Vocabulario,223800000,,,Practice,223800000,206,,90055111,1028,223800000,1028,12
30722,Las fiestas,223800000,,,Practice,223800000,206,,90030722,1029,223800000,1029,12
40555,Elegir,223800000,235,textbook.gif,Practice,223800000,206,,90040555,1030,223800000,1030,12
35301,Completar,223800000,,,Practice,223800000,206,,90035301,1031,223800000,1031,12
28927,Irregular preterites,224001555,,,Tutorials,224001555,206,,90028927,1032,224001555,1032,12
55196,¡Manos a la obra!,224001555,237,textbook.gif,Practice,224001555,206,,90055196,1033,224001555,1033,12
40560,Una fiesta sorpresa,224001555,236,textbook.gif,Practice,224001555,206,,90040560,1034,224001555,1034,12
40563,Oraciones,224001555,,,Practice,224001555,206,,90040563,1035,224001555,1035,12
40570,La fiesta,224001555,,,Practice,224001555,206,,90040570,1036,224001555,1036,12
20658,1 - ¿Hay o hubo?,224001555,,,Workbook,224001555,206,,90020658,1037,224001555,1037,12
40731,2 - ¿Cómo fue?,224001555,,,Workbook,224001555,206,,90040731,1038,224001555,1038,12
40733,3 - ¿Qué hicieron?,224001555,,,Workbook,224001555,206,,90040733,1039,224001555,1039,12
40735,4 - Es mejor dar...,224001555,,,Workbook,224001555,206,,90040735,1040,224001555,1040,12
40738,5 - El pasado,224001555,,,Workbook,224001555,206,,90040738,1041,224001555,1041,12
55402,6 - Ya lo hizo,224001555,,,Workbook,224001555,206,,90055402,1042,224001555,1042,12
48409,1 - Escoger,224001555,,audio.gif,Lab Manual,224001555,206,,90048409,1043,224001555,1043,12
50405,2 - Cambiar,224001555,,microphone.gif,Lab Manual,224001555,206,,90050405,1044,224001555,1044,12
44497,3 - Preguntas,224001555,,microphone.gif,Lab Manual,224001555,206,,90044497,1045,224001555,1045,12
33737,4 - Completar,224001555,,audio.gif,Lab Manual,224001555,206,,90033737,1046,224001555,1046,12
28928,Verbs that change meaning in the preterite,224001556,,,Tutorials,224001556,206,,90028928,1047,224001556,1047,12
40572,¡Manos a la obra!,224001556,238,textbook.gif,Practice,224001556,206,,90040572,1048,224001556,1048,12
55200,Oraciones,224001556,238,textbook.gif,Practice,224001556,206,,90055200,1049,224001556,1049,12
40581,Ordenar,224001556,,,Practice,224001556,206,,90040581,1050,224001556,1050,12
40579,Carlos y Eva,224001556,,,Practice,224001556,206,,90040579,1051,224001556,1051,12
55202,Completar,224001556,,,Practice,224001556,206,,90055202,1052,224001556,1052,12
40746,1 - Completar,224001556,,,Workbook,224001556,206,,90040746,1053,224001556,1053,12
55407,2 - Traducir,224001556,,,Workbook,224001556,206,,90055407,1054,224001556,1054,12
17032,3 - Raquel y Ronaldo,224001556,,,Workbook,224001556,206,,90017032,1055,224001556,1055,12
18206,1 - Identificar,224001556,,audio.gif,Lab Manual,224001556,206,,90018206,1056,224001556,1056,12
44499,2 - Preguntas,224001556,,microphone.gif,Lab Manual,224001556,206,,90044499,1057,224001556,1057,12
18202,3 - ¡Qué lástima! (<i>What a shame!</i>),224001556,,audio.gif,Lab Manual,224001556,206,,90018202,1058,224001556,1058,12
55966,4 - Relaciones amorosas,224001556,,audio.gif,Lab Manual,224001556,206,,90055966,1059,224001556,1059,12
40855,Relative pronouns,224001557,,,Tutorials,224001557,206,,90040855,1060,224001557,1060,12
55205,¡Manos a la obra!,224001557,241,textbook.gif,Practice,224001557,206,,90055205,1061,224001557,1061,12
40585,Una fiesta de aniversario,224001557,240,textbook.gif,Practice,224001557,206,,90040585,1062,224001557,1062,12
40589,Combinar,224001557,,,Practice,224001557,206,,90040589,1063,224001557,1063,12
40591,Completar,224001557,,,Practice,224001557,206,,90040591,1064,224001557,1064,12
40593,Oraciones,224001557,,,Practice,224001557,206,,90040593,1065,224001557,1065,12
55409,1 - Relativamente,224001557,,,Workbook,224001557,206,,90055409,1066,224001557,1066,12
55412,2 - Fiesta sorpresa,224001557,,,Workbook,224001557,206,,90055412,1067,224001557,1067,12
55415,3 - ¿Que o lo que?,224001557,,,Workbook,224001557,206,,90055415,1068,224001557,1068,12
40757,4 - Pronombres relativos,224001557,,,Workbook,224001557,206,,90040757,1069,224001557,1069,12
40761,5 - Mi amiga Natalia,224001557,,,Workbook,224001557,206,,90040761,1070,224001557,1070,12
40763,6 - Una fiesta,224001557,,,Workbook,224001557,206,,90040763,1071,224001557,1071,12
48411,1 - Escoger,224001557,,audio.gif,Lab Manual,224001557,206,,90048411,1072,224001557,1072,12
55968,2 - Completar,224001557,,,Lab Manual,224001557,206,,90055968,1073,224001557,1073,12
55444,3 - Preguntas,224001557,,microphone.gif,Lab Manual,224001557,206,,90055444,1074,224001557,1074,12
53209,4 - La fiesta sorpresa,224001557,,audio.gif,Lab Manual,224001557,206,,90053209,1075,224001557,1075,12
40859,<b><i>¿Qué?</b></i> and <b><i>¿cuál?</b></i>,224001558,,,Tutorials,224001558,206,,90040859,1076,224001558,1076,12
52635,Emparejar,224001558,,,Tutorials,224001558,206,,90052635,1077,224001558,1077,12
40596,¡Manos a la obra!,224001558,242,textbook.gif,Practice,224001558,206,,90040596,1078,224001558,1078,12
40600,Minidiálogos,224001558,242,textbook.gif,Practice,224001558,206,,90040600,1079,224001558,1079,12
40604,Completar,224001558,,,Practice,224001558,206,,90040604,1080,224001558,1080,12
40607,Preguntas,224001558,,,Practice,224001558,206,,90040607,1081,224001558,1081,12
55208,Escoger,224001558,,,Practice,224001558,206,,90055208,1082,224001558,1082,12
40768,1 - ¿Qué o cuál?,224001558,,,Workbook,224001558,206,,90040768,1083,224001558,1083,12
55417,2 - Muchas preguntas,224001558,,,Workbook,224001558,206,,90055417,1084,224001558,1084,12
55422,3 - ¿Cuál es la pregunta?,224001558,,,Workbook,224001558,206,,90055422,1085,224001558,1085,12
40774,4 - Síntesis,224001558,,,Workbook,224001558,206,,90040774,1086,224001558,1086,12
48415,1 - ¿Lógico o ilógico?,224001558,,audio.gif,Lab Manual,224001558,206,,90048415,1087,224001558,1087,12
50406,2 - Preguntas,224001558,,microphone.gif,Lab Manual,224001558,206,,90050406,1088,224001558,1088,12
40807,4 - Escoger,224001558,,audio.gif,Lab Manual,224001558,206,,90040807,1089,224001558,1089,12
52382,<i>Sociedad</i>,224100000,,,Practice,224100000,206,,90052382,1090,224100000,1090,12
47108,Comprendiste,224100000,249,textbook.gif,Practice,224100000,206,,90047108,1091,224100000,1091,12
40650,Preguntas,224100000,249,textbook.gif,Practice,224100000,206,,90040650,1092,224100000,1092,12
55324,<i>Vida social</i>,224100000,,,Practice,224100000,206,,90055324,1093,224100000,1093,12
47112,Identificar,224100000,,,Practice,224100000,206,,90047112,1094,224100000,1094,12
54371,Las celebraciones,224400000,250,,Practice,224400000,206,,90054371,1095,224400000,1095,12
54361,Las celebraciones,224400000,,,Lab Manual,224400000,206,,90054361,1096,224400000,1096,12
40819,1 - Más vocabulario,223900000,,,Video Manual,223900000,206,,90040819,1097,223900000,1097,12
40822,2 - Completar,223900000,,,Video Manual,223900000,206,,90040822,1098,223900000,1098,12
55457,3 - ¡En español!,223900000,,,Video Manual,223900000,206,,90055457,1099,223900000,1099,12
52636,4 - Ordenar,223900000,,video.gif,Video Manual,223900000,206,,90052636,1100,223900000,1100,12
52637,5 - Emparejar,223900000,,video.gif,Video Manual,223900000,206,,90052637,1101,223900000,1101,12
55460,6 - ¿Cierto o falso?,223900000,,,Video Manual,223900000,206,,90055460,1102,223900000,1102,12
40834,7 - ¡De parranda!,223900000,,,Video Manual,223900000,206,,90040834,1103,223900000,1103,12
20962,Tutorial 1,224500000,,,Tutorials,224500000,207,,90020962,1104,224500000,1104,12
20963,Tutorial 2,224500000,,,Tutorials,224500000,207,,90020963,1105,224500000,1105,12
20964,Tutorial 3,224500000,,,Tutorials,224500000,207,,90020964,1106,224500000,1106,12
55304,Practica el vocabulario,224500000,,audio.gif,Tutorials,224500000,207,,90055304,1107,224500000,1107,12
13707,Crucigrama,224500000,,,Tutorials,224500000,207,,90013707,1108,224500000,1108,12
55308,¿Qué pasa?,224500000,,,Tutorials,224500000,207,,90055308,1109,224500000,1109,12
55311,En el consultorio,224500000,,,Tutorials,224500000,207,,90055311,1110,224500000,1110,12
35659,En el consultorio,224500000,,,Practice,224500000,207,,90035659,1111,224500000,1111,12
40909,Escuchar,224500000,254,textbook_audio.gif,Practice,224500000,207,,90040909,1112,224500000,1112,12
55509,Me duele,224500000,254,textbook_audio.gif,Practice,224500000,207,,90055509,1113,224500000,1113,12
40917,Completar,224500000,,,Practice,224500000,207,,90040917,1114,224500000,1114,12
40918,Contestar,224500000,,,Practice,224500000,207,,90040918,1115,224500000,1115,12
41250,<b>Repaso</b>,224500000,,,Practice,224500000,207,,90041250,1116,224500000,1116,12
33648,Más práctica,224500000,,,Practice,224500000,207,,90033648,1117,224500000,1117,12
55563,1 - El cuerpo humano,224500000,,,Workbook,224500000,207,,90055563,1118,224500000,1118,12
41089,2 - ¿Adónde vas?,224500000,,,Workbook,224500000,207,,90041089,1119,224500000,1119,12
41090,3 - Las categorías,224500000,,,Workbook,224500000,207,,90041090,1120,224500000,1120,12
41095,4 - Oraciones completas,224500000,,,Workbook,224500000,207,,90041095,1121,224500000,1121,12
41099,5 - Doctora y paciente,224500000,,,Workbook,224500000,207,,90041099,1122,224500000,1122,12
55591,1 - Identificar,224500000,,audio.gif,Lab Manual,224500000,207,,90055591,1123,224500000,1123,12
55971,2 - Describir,224500000,,audio.gif,Lab Manual,224500000,207,,90055971,1124,224500000,1124,12
33763,<b>c</b> (before a consonant) and <b>q</b>,224700000,,,Lab Manual,224700000,207,,90033763,1125,224700000,1125,12
44612,1 - Práctica,224700000,,microphone.gif,Lab Manual,224700000,207,,90044612,1126,224700000,1126,12
44614,3 - Refranes,224700000,,microphone.gif,Lab Manual,224700000,207,,90044614,1127,224700000,1127,12
21123,4 - Dictado,224700000,,audio.gif,Lab Manual,224700000,207,,90021123,1128,224700000,1128,12
29940,El acento y las sílabas fuertes,224800000,257,,Practice,224800000,207,,90029940,1129,224800000,1129,12
35170,Práctica,224800000,257,textbook.gif,Practice,224800000,207,,90035170,1130,224800000,1130,12
35346,Definiciones,224800000,257,textbook.gif,Practice,224800000,207,,90035346,1131,224800000,1131,12
20577,<i>¡Uf! ¡Qué dolor!</i>,224600000,,,Practice,224600000,207,,90020577,1132,224600000,1132,12
40921,¿Cierto o falso?,224600000,258,textbook.gif,Practice,224600000,207,,90040921,1133,224600000,1133,12
40922,Ordenar,224600000,259,textbook.gif,Practice,224600000,207,,90040922,1134,224600000,1134,12
40924,Ahora dilo tú,224600000,,video.gif,Practice,224600000,207,,90040924,1135,224600000,1135,12
32584,1 - Un accidente,224600000,,,Video Manual,224600000,207,,90032584,1136,224600000,1136,12
21138,2 - ¿Quién?,224600000,,video.gif,Video Manual,224600000,207,,90021138,1137,224600000,1137,12
17123,3 - Clínicas y hospitales,224600000,,video.gif,Video Manual,224600000,207,,90017123,1138,224600000,1138,12
33765,4 - Resumen,224600000,,video.gif,Video Manual,224600000,207,,90033765,1139,224600000,1139,12
17127,5 - Seleccionar,224600000,,,Video Manual,224600000,207,,90017127,1140,224600000,1140,12
17129,6 - Preguntas,224600000,,,Video Manual,224600000,207,,90017129,1141,224600000,1141,12
32668,7 - Preguntas personales,224600000,,,Video Manual,224600000,207,,90032668,1142,224600000,1142,12
40925,¿Cierto o falso?,224900000,260,textbook.gif,Practice,224900000,207,,90040925,1143,224900000,1143,12
40927,Completar,224900000,,,Practice,224900000,207,,90040927,1144,224900000,1144,12
55511,Una contribución importante a la medicina,224900000,,,Practice,224900000,207,,90055511,1145,224900000,1145,12
55512,¿Cierto o falso?,224900000,,,Practice,224900000,207,,90055512,1146,224900000,1146,12
40928,Conexión Internet,224900000,261,web.gif,Practice,224900000,207,,90040928,1147,224900000,1147,12
55513,Vocabulario,224900000,,,Practice,224900000,207,,90055513,1148,224900000,1148,12
30723,La salud,224900000,,,Practice,224900000,207,,90030723,1149,224900000,1149,12
40932,¿Cierto o falso?,224900000,261,textbook.gif,Practice,224900000,207,,90040932,1150,224900000,1150,12
28931,The imperfect tense,225101559,,,Tutorials,225101559,207,,90028931,1151,225101559,1151,12
40938,¡Manos a la obra!,225101559,263,textbook.gif,Practice,225101559,207,,90040938,1152,225101559,1152,12
55516,La salud,225101559,262,textbook.gif,Practice,225101559,207,,90055516,1153,225101559,1153,12
40941,Completar,225101559,,,Practice,225101559,207,,90040941,1154,225101559,1154,12
40940,Transformar,225101559,,,Practice,225101559,207,,90040940,1155,225101559,1155,12
40944,Escoger,225101559,,,Practice,225101559,207,,90040944,1156,225101559,1156,12
41102,1 - El imperfecto,225101559,,,Workbook,225101559,207,,90041102,1157,225101559,1157,12
55565,2 - Oraciones imperfectas,225101559,,,Workbook,225101559,207,,90055565,1158,225101559,1158,12
55568,"3 - No, pero antes...",225101559,,,Workbook,225101559,207,,90055568,1159,225101559,1159,12
46740,4 - ¿Qué hacían?,225101559,,,Workbook,225101559,207,,90046740,1160,225101559,1160,12
41109,5 - Antes y ahora,225101559,,,Workbook,225101559,207,,90041109,1161,225101559,1161,12
55594,1 - Identificar,225101559,,audio.gif,Lab Manual,225101559,207,,90055594,1162,225101559,1162,12
50407,2 - Cambiar,225101559,,microphone.gif,Lab Manual,225101559,207,,90050407,1163,225101559,1163,12
44504,3 - Preguntas,225101559,,microphone.gif,Lab Manual,225101559,207,,90044504,1164,225101559,1164,12
55986,4 - Completar,225101559,,audio.gif,Lab Manual,225101559,207,,90055986,1165,225101559,1165,12
41065,Constructions with <i><b>se</b></i>,225101560,,,Tutorials,225101560,207,,90041065,1166,225101560,1166,12
40948,¡Manos a la obra!,225101560,265,textbook.gif,Practice,225101560,207,,90040948,1167,225101560,1167,12
40949,¿Cierto o falso?,225101560,264,textbook.gif,Practice,225101560,207,,90040949,1168,225101560,1168,12
40951,Completar,225101560,,,Practice,225101560,207,,90040951,1169,225101560,1169,12
40953,Emparejar,225101560,,,Practice,225101560,207,,90040953,1170,225101560,1170,12
40958,En el hospital,225101560,,,Practice,225101560,207,,90040958,1171,225101560,1171,12
41115,1 - ¿Qué se hace?,225101560,,,Workbook,225101560,207,,90041115,1172,225101560,1172,12
55571,2 - Los anuncios,225101560,,,Workbook,225101560,207,,90055571,1173,225101560,1173,12
41121,3 - Pronombres,225101560,,,Workbook,225101560,207,,90041121,1174,225101560,1174,12
55576,4 - El verbo correcto,225101560,,,Workbook,225101560,207,,90055576,1175,225101560,1175,12
41127,5 - Eso pasó,225101560,,,Workbook,225101560,207,,90041127,1176,225101560,1176,12
55580,6 - ¿Qué pasó?,225101560,,,Workbook,225101560,207,,90055580,1177,225101560,1177,12
55599,1 - Escoger,225101560,,audio.gif,Lab Manual,225101560,207,,90055599,1178,225101560,1178,12
44506,2 - Preguntas,225101560,,microphone.gif,Lab Manual,225101560,207,,90044506,1179,225101560,1179,12
41170,3 - Letreros (<i>Signs</i>),225101560,,audio.gif,Lab Manual,225101560,207,,90041170,1180,225101560,1180,12
41131,1 - Adjetivos y adverbios,225101561,,,,225101561,207,,90041131,1181,225101561,1181,12
41070,Adverbs,225101561,,,Tutorials,225101561,207,,90041070,1182,225101561,1182,12
40962,¡Manos a la obra!,225101561,266,textbook.gif,Practice,225101561,207,,90040962,1183,225101561,1183,12
40963,En la clínica,225101561,266,textbook.gif,Practice,225101561,207,,90040963,1184,225101561,1184,12
40966,Escoger,225101561,,,Practice,225101561,207,,90040966,1185,225101561,1185,12
40968,Seleccionar,225101561,,,Practice,225101561,207,,90040968,1186,225101561,1186,12
40969,!Qué día el de ayer!,225101561,,,Practice,225101561,207,,90040969,1187,225101561,1187,12
41134,1 - Adjetivos y adverbios,225101561,,,Workbook,225101561,207,,90041134,1188,225101561,1188,12
41140,2 - Adverbios,225101561,,,Workbook,225101561,207,,90041140,1189,225101561,1189,12
41144,3 - Más adverbios,225101561,,,Workbook,225101561,207,,90041144,1190,225101561,1190,12
41148,4 - Háblame de ti,225101561,,,Workbook,225101561,207,,90041148,1191,225101561,1191,12
41149,5 - Síntesis,225101561,,,Workbook,225101561,207,,90041149,1192,225101561,1192,12
48421,1 - Completar,225101561,,audio.gif,Lab Manual,225101561,207,,90048421,1193,225101561,1193,12
44507,2 - Cambiar,225101561,,microphone.gif,Lab Manual,225101561,207,,90044507,1194,225101561,1194,12
44508,3 - Preguntas,225101561,,microphone.gif,Lab Manual,225101561,207,,90044508,1195,225101561,1195,12
41182,4 - Situaciones,225101561,,audio.gif,Lab Manual,225101561,207,,90041182,1196,225101561,1196,12
28934,Adverbs,225101562,,,Tutorials,225101562,207,,90028934,1197,225101562,1197,12
35374,Common adverbs and adverbial expressions,225101562,,,Practice,225101562,207,,90035374,1198,225101562,1198,12
25142,¡Inténtalo!,225101562,354,textbook.gif,Practice,225101562,207,,90025142,1199,225101562,1199,12
20585,Escoger,225101562,355,textbook.gif,Practice,225101562,207,,90020585,1200,225101562,1200,12
25144,Reordenar,225101562,,,Practice,225101562,207,,90025144,1201,225101562,1201,12
35376,Seleccionar,225101562,,,Practice,225101562,207,,90035376,1202,225101562,1202,12
34094,Más práctica,225101562,,,Practice,225101562,207,,90034094,1203,225101562,1203,12
17199,1 - En mi ciudad,225101562,,,Workbook,225101562,207,,90017199,1204,225101562,1204,12
33748,2 - Completar,225101562,,,Workbook,225101562,207,,90033748,1205,225101562,1205,12
17203,3 - Traducir,225101562,,,Workbook,225101562,207,,90017203,1206,225101562,1206,12
25169,4 - Háblame de ti,225101562,,,Workbook,225101562,207,,90025169,1207,225101562,1207,12
18263,1 – Completar,225101562,,audio.gif,Lab Manual,225101562,207,,90018263,1208,225101562,1208,12
25188,2 – Cambiar,225101562,,audio.gif,Lab Manual,225101562,207,,90025188,1209,225101562,1209,12
25189,3 – Preguntas,225101562,,audio.gif,Lab Manual,225101562,207,,90025189,1210,225101562,1210,12
25190,4 – Situaciones,225101562,,audio.gif,Lab Manual,225101562,207,,90025190,1211,225101562,1211,12
52880,El consultorio de la Dra. Fernanda Jiménez Ocaña,225200000,,,Practice,225200000,207,,90052880,1212,225200000,1212,12
55533,Preguntas,225200000,273,textbook.gif,Practice,225200000,207,,90055533,1213,225200000,1213,12
52887,Libro de la semana,225200000,,,Practice,225200000,207,,90052887,1214,225200000,1214,12
47166,Seleccionar,225200000,,,Practice,225200000,207,,90047166,1215,225200000,1215,12
54382,En el consultorio,225500000,274,,Practice,225500000,207,,90054382,1216,225500000,1216,12
54391,En el consultorio,225500000,,,Lab Manual,225500000,207,,90054391,1217,225500000,1217,12
56005,1 - El mapa,225301640,,,Workbook,225301640,207,,90056005,1218,225301640,1218,12
55585,2 - Palabras desordenadas,225301640,,,Workbook,225301640,207,,90055585,1219,225301640,1219,12
41156,3 - Palabras cruzadas,225301640,,,Workbook,225301640,207,,90041156,1220,225301640,1220,12
41158,4 - ¿Qué se hace?,225301640,,,Workbook,225301640,207,,90041158,1221,225301640,1221,12
55612,El mapa de Argentina,225301653,,,Practice,225301653,207,,90055612,1222,225301653,1222,12
35419,Las notas culturales y las estadísticas,225301653,,,Practice,225301653,207,,90035419,1223,225301653,1223,12
55537,El mapa y los datos geográficos,225301653,,,Practice,225301653,207,,90055537,1224,225301653,1224,12
43066,Conexión Internet: <b>El tango</b>,225301653,,web.gif,Practice,225301653,207,,90043066,1225,225301653,1225,12
43070,Conexión Internet: <b>Juan y Eva Perón</b>,225301653,,web.gif,Practice,225301653,207,,90043070,1226,225301653,1226,12
41019,Argentina: <i>El tango</i>,225301653,,,Practice,225301653,207,,90041019,1227,225301653,1227,12
35421,Completar,225301653,,,Practice,225301653,207,,90035421,1228,225301653,1228,12
32674,2 - Completar,225301653,,,Video Manual,225301653,207,,90032674,1229,225301653,1229,12
25744,3 - Marcar,225301653,,video.gif,Video Manual,225301653,207,,90025744,1230,225301653,1230,12
25529,4 - ¿Cierto o falso?,225301653,,,Video Manual,225301653,207,,90025529,1231,225301653,1231,12
25530,5 - Completar,225301653,,,Video Manual,225301653,207,,90025530,1232,225301653,1232,12
33042,6 - Responder,225301653,,,Video Manual,225301653,207,,90033042,1233,225301653,1233,12
55615,El mapa de Chile,225301654,,,Practice,225301654,207,,90055615,1234,225301654,1234,12
35328,Las notas culturales y las estadísticas,225301654,,,Practice,225301654,207,,90035328,1235,225301654,1235,12
55542,El mapa y los datos geográficos,225301654,,,Practice,225301654,207,,90055542,1236,225301654,1236,12
43107,Conexión Internet: <b>Pablo Neruda e Isabel Allende</b>,225301654,,web.gif,Practice,225301654,207,,90043107,1237,225301654,1237,12
43081,Conexión Internet: <b>Deportes de invierno y montaña</b>,225301654,,web.gif,Practice,225301654,207,,90043081,1238,225301654,1238,12
41031,Chile: <i>La isla de Pascua</i>,225301654,,,Practice,225301654,207,,90041031,1239,225301654,1239,12
35335,Escoger,225301654,,,Practice,225301654,207,,90035335,1240,225301654,1240,12
24885,1 - Más vocabulario,225301654,,,Video Manual,225301654,207,,90024885,1241,225301654,1241,12
41183,2 - Fotos,225301654,,video.gif,Video Manual,225301654,207,,90041183,1242,225301654,1242,12
41184,3 - Completar,225301654,,,Video Manual,225301654,207,,90041184,1243,225301654,1243,12
55618,El mapa de Uruguay,225301655,,,Practice,225301655,207,,90055618,1244,225301655,1244,12
41041,Las notas culturales y las estadísticas,225301655,,,Practice,225301655,207,,90041041,1245,225301655,1245,12
55961,El mapa y los datos geográficos,225301655,,,Practice,225301655,207,,90055961,1246,225301655,1246,12
43093,Conexión Internet: <b>Escritores</b>,225301655,,web.gif,Practice,225301655,207,,90043093,1247,225301655,1247,12
43097,Conexión Internet: <b>Preferencias gastronómicas</b>,225301655,,web.gif,Practice,225301655,207,,90043097,1248,225301655,1248,12
41048,Uruguay: <i>Las estancias</i>,225301655,,,Practice,225301655,207,,90041048,1249,225301655,1249,12
41050,Escoger,225301655,,,Practice,225301655,207,,90041050,1250,225301655,1250,12
41186,1 - Más vocabulario,225301655,,,Video Manual,225301655,207,,90041186,1251,225301655,1251,12
41189,2 - Predecir,225301655,,,Video Manual,225301655,207,,90041189,1252,225301655,1252,12
55603,3 - Describir,225301655,,video.gif,Video Manual,225301655,207,,90055603,1253,225301655,1253,12
41197,4 - Responder,225301655,,,Video Manual,225301655,207,,90041197,1254,225301655,1254,12
55621,El mapa de Paraguay,225301656,,,Practice,225301656,207,,90055621,1255,225301656,1255,12
41025,Las notas culturales y las estadísticas,225301656,,,Practice,225301656,207,,90041025,1256,225301656,1256,12
55963,El mapa y los datos geográficos,225301656,,,Practice,225301656,207,,90055963,1257,225301656,1257,12
43085,Conexión Internet: <b>Alfredo Stroessner</b>,225301656,,web.gif,Practice,225301656,207,,90043085,1258,225301656,1258,12
43089,Conexión Internet: <b>Historia</b>,225301656,,web.gif,Practice,225301656,207,,90043089,1259,225301656,1259,12
41033,Paraguay: <i>El mate</i>,225301656,,,Practice,225301656,207,,90041033,1260,225301656,1260,12
55548,Completar,225301656,,,Practice,225301656,207,,90055548,1261,225301656,1261,12
41204,1 - Más vocabulario,225301656,,,Video Manual,225301656,207,,90041204,1262,225301656,1262,12
55606,2 - Ordenar,225301656,,video.gif,Video Manual,225301656,207,,90055606,1263,225301656,1263,12
41214,3 - Fotos,225301656,,,Video Manual,225301656,207,,90041214,1264,225301656,1264,12
55943,El mapa de Bolivia,225301657,,,Practice,225301657,207,,90055943,1265,225301657,1265,12
35611,Las notas culturales y las estadísticas,225301657,,,Practice,225301657,207,,90035611,1266,225301657,1266,12
55551,El mapa y los datos geográficos,225301657,,,Practice,225301657,207,,90055551,1267,225301657,1267,12
43101,Conexión Internet: <b>Bolivianos célebres</b>,225301657,,web.gif,Practice,225301657,207,,90043101,1268,225301657,1268,12
43105,Conexión Internet: <b>Tiahuanaco</b>,225301657,,web.gif,Practice,225301657,207,,90043105,1269,225301657,1269,12
41036,Bolivia: <i>El salar de Uyuni</i>,225301657,,,Practice,225301657,207,,90041036,1270,225301657,1270,12
55553,Escoger,225301657,,,Practice,225301657,207,,90055553,1271,225301657,1271,12
32683,1 - Más vocabulario,225301657,,,Video Manual,225301657,207,,90032683,1272,225301657,1272,12
23470,2 - Foto,225301657,,,Video Manual,225301657,207,,90023470,1273,225301657,1273,12
52641,3 - Marcar,225301657,,video.gif,Video Manual,225301657,207,,90052641,1274,225301657,1274,12
52642,4 - Palabra correcta,225301657,,,Video Manual,225301657,207,,90052642,1275,225301657,1275,12
41220,1 - Más vocabulario,225000000,,,Video Manual,225000000,207,,90041220,1276,225000000,1276,12
46815,2 - ¡En español!,225000000,,,Video Manual,225000000,207,,90046815,1277,225000000,1277,12
53869,3 - Problemas de salud,225000000,,video.gif,Video Manual,225000000,207,,90053869,1278,225000000,1278,12
53887,4 - Completar,225000000,,video.gif,Video Manual,225000000,207,,90053887,1279,225000000,1279,12
55607,5 - Ordenar,225000000,,,Video Manual,225000000,207,,90055607,1280,225000000,1280,12
55608,6 - El sistema de salud en Argentina,225000000,,,Video Manual,225000000,207,,90055608,1281,225000000,1281,12
55609,7 - ¿Un pequeño accidente?,225000000,,,Video Manual,225000000,207,,90055609,1282,225000000,1282,12
20965,Tutorial 1,225600000,,,Tutorials,225600000,208,,90020965,1283,225600000,1283,12
20966,Tutorial 2,225600000,,,Tutorials,225600000,208,,90020966,1284,225600000,1284,12
20967,Tutorial 3,225600000,,,Tutorials,225600000,208,,90020967,1285,225600000,1285,12
54442,Practica el vocabulario - En el cibercafé,225600000,,,Tutorials,225600000,208,,90054442,1286,225600000,1286,12
55317,Practica el vocabulario - En la gasolinera,225600000,,audio.gif,Tutorials,225600000,208,,90055317,1287,225600000,1287,12
13711,Crucigrama,225600000,,,Tutorials,225600000,208,,90013711,1288,225600000,1288,12
55332,La tecnología,225600000,,,Tutorials,225600000,208,,90055332,1289,225600000,1289,12
55322,El carro,225600000,,,Tutorials,225600000,208,,90055322,1290,225600000,1290,12
36065,La tecnología &ndash; En el cibercafé,225600000,,,Practice,225600000,208,,90036065,1291,225600000,1291,12
36066,La tecnología &ndash; En la gasolinera,225600000,,,Practice,225600000,208,,90036066,1292,225600000,1292,12
46760,¿Qué necesitas?,225600000,282,textbook_audio.gif,Practice,225600000,208,,90046760,1293,225600000,1293,12
41902,En una gasolinera,225600000,282,textbook_audio.gif,Practice,225600000,208,,90041902,1294,225600000,1294,12
41905,Problemas con la computadora,225600000,283,textbook.gif,Practice,225600000,208,,90041905,1295,225600000,1295,12
41916,Oraciones,225600000,,,Practice,225600000,208,,90041916,1296,225600000,1296,12
41917,Preguntas,225600000,,,Practice,225600000,208,,90041917,1297,225600000,1297,12
43789,<b>Repaso</b>,225600000,,,Practice,225600000,208,,90043789,1298,225600000,1298,12
18277,Más práctica,225600000,,,Practice,225600000,208,,90018277,1299,225600000,1299,12
19433,1 - La tecnología,225600000,,,Workbook,225600000,208,,90019433,1300,225600000,1300,12
37324,2 - Eso hacían,225600000,,,Workbook,225600000,208,,90037324,1301,225600000,1301,12
42071,3 - La computadora,225600000,,,Workbook,225600000,208,,90042071,1302,225600000,1302,12
55711,4 - Preguntas,225600000,,,Workbook,225600000,208,,90055711,1303,225600000,1303,12
55712,5 - Mi primer día manejando,225600000,,,Workbook,225600000,208,,90055712,1304,225600000,1304,12
55726,1 - Asociaciones,225600000,,audio.gif,Lab Manual,225600000,208,,90055726,1305,225600000,1305,12
55729,2 - ¿Lógico o ilógico?,225600000,,audio.gif,Lab Manual,225600000,208,,90055729,1306,225600000,1306,12
48435,3 - Identificar,225600000,,audio.gif,Lab Manual,225600000,208,,90048435,1307,225600000,1307,12
56014,"<b>c</b> (before <b>e</b> or <b>i</b>), <b>s</b>, and <b>z</b>",225800000,,,Lab Manual,225800000,208,,90056014,1308,225800000,1308,12
44648,1 - Práctica,225800000,,microphone.gif,Lab Manual,225800000,208,,90044648,1309,225800000,1309,12
44653,3 - Refranes,225800000,,microphone.gif,Lab Manual,225800000,208,,90044653,1310,225800000,1310,12
48438,4 - Dictado,225800000,,audio.gif,Lab Manual,225800000,208,,90048438,1311,225800000,1311,12
29942,La acentuación de palabras similares,225900000,285,,Practice,225900000,208,,90029942,1312,225900000,1312,12
41946,Práctica,225900000,285,textbook.gif,Practice,225900000,208,,90041946,1313,225900000,1313,12
35392,Definiciones,225900000,285,textbook.gif,Practice,225900000,208,,90035392,1314,225900000,1314,12
20593,"<i>Tecnohombre, ¡mi héroe!</i>",225700000,,,Practice,225700000,208,,90020593,1315,225700000,1315,12
41949,Seleccionar,225700000,286,textbook.gif,Practice,225700000,208,,90041949,1316,225700000,1316,12
41957,¿Quién?,225700000,287,textbook.gif,Practice,225700000,208,,90041957,1317,225700000,1317,12
35608,Ahora dilo tú,225700000,,video.gif,Practice,225700000,208,,90035608,1318,225700000,1318,12
32585,1 - ¿Qué pasa?,225700000,,,Video Manual,225700000,208,,90032585,1319,225700000,1319,12
34070,2 - ¿Qué oíste?,225700000,,video.gif,Video Manual,225700000,208,,90034070,1320,225700000,1320,12
42519,3 - Madrid,225700000,,video.gif,Video Manual,225700000,208,,90042519,1321,225700000,1321,12
18710,4 - Resumen,225700000,,video.gif,Video Manual,225700000,208,,90018710,1322,225700000,1322,12
55737,5 - Corregir,225700000,,,Video Manual,225700000,208,,90055737,1323,225700000,1323,12
25201,6 - Una carta,225700000,,,Video Manual,225700000,208,,90025201,1324,225700000,1324,12
18714,7 - Preguntas personales,225700000,,,Video Manual,225700000,208,,90018714,1325,225700000,1325,12
41970,¿Cierto o falso?,226000000,288,textbook.gif,Practice,226000000,208,,90041970,1326,226000000,1326,12
41974,Completar,226000000,,,Practice,226000000,208,,90041974,1327,226000000,1327,12
20598,Los automóviles clásicos de Uruguay y Argentina,226000000,,,Practice,226000000,208,,90020598,1328,226000000,1328,12
55687,Elegir,226000000,,,Practice,226000000,208,,90055687,1329,226000000,1329,12
41977,Conexión Internet,226000000,289,web.gif,Practice,226000000,208,,90041977,1330,226000000,1330,12
30724,Maravillas de la tecnología,226000000,,,Practice,226000000,208,,90030724,1331,226000000,1331,12
55690,Elegir,226000000,289,textbook.gif,Practice,226000000,208,,90055690,1332,226000000,1332,12
41991,Contestar,226000000,,,Practice,226000000,208,,90041991,1333,226000000,1333,12
42115,4 - El pasado,226201563,,,,226201563,208,,90042115,1334,226201563,1334,12
28932,The preterite and the imperfect,226201563,(null),,Tutorials,226201563,208,,90028932,1335,226201563,1335,12
41994,¡Manos a la obra!,226201563,291,textbook.gif,Practice,226201563,208,,90041994,1336,226201563,1336,12
55696,Un accidente,226201563,290,textbook.gif,Practice,226201563,208,,90055696,1337,226201563,1337,12
42001,Completar,226201563,,,Practice,226201563,208,,90042001,1338,226201563,1338,12
42003,Escribir,226201563,,,Practice,226201563,208,,90042003,1339,226201563,1339,12
55698,En el taller,226201563,,,Practice,226201563,208,,90055698,1340,226201563,1340,12
55714,1 - ¿Pretérito o imperfecto?,226201563,,,Workbook,226201563,208,,90055714,1341,226201563,1341,12
42080,2 - Antes y ayer,226201563,,,Workbook,226201563,208,,90042080,1342,226201563,1342,12
46652,3 - ¿Qué pasaba?,226201563,,,Workbook,226201563,208,,90046652,1343,226201563,1343,12
42177,4 - El pasado,226201563,,,Workbook,226201563,208,,90042177,1344,226201563,1344,12
42181,5 - ¡Qué diferencia!,226201563,,,Workbook,226201563,208,,90042181,1345,226201563,1345,12
42150,6 - ¿Dónde estabas?,226201563,,,Workbook,226201563,208,,90042150,1346,226201563,1346,12
42165,7 - El diario de Laura,226201563,,,Workbook,226201563,208,,90042165,1347,226201563,1347,12
42182,8 - Pretérito o imperfecto,226201563,,,Workbook,226201563,208,,90042182,1348,226201563,1348,12
55734,1 - Identificar,226201563,,audio.gif,Lab Manual,226201563,208,,90055734,1349,226201563,1349,12
44509,2 - Responder,226201563,,microphone.gif,Lab Manual,226201563,208,,90044509,1350,226201563,1350,12
48432,3 - ¡Qué día!,226201563,,audio.gif,Lab Manual,226201563,208,,90048432,1351,226201563,1351,12
28936,<b><i>Por</i></b> and <b><i>para</i></b>,226201564,,,Tutorials,226201564,208,,90028936,1352,226201564,1352,12
42006,¡Manos a la obra!,226201564,293,textbook.gif,Practice,226201564,208,,90042006,1353,226201564,1353,12
55702,Un viaje a Buenos Aires,226201564,292,textbook.gif,Practice,226201564,208,,90055702,1354,226201564,1354,12
35398,¿Por o para?,226201564,,,Practice,226201564,208,,90035398,1355,226201564,1355,12
42010,Completar,226201564,,,Practice,226201564,208,,90042010,1356,226201564,1356,12
42008,!Qué día!,226201564,,,Practice,226201564,208,,90042008,1357,226201564,1357,12
42184,1 - Para éste o por aquello,226201564,,,Workbook,226201564,208,,90042184,1358,226201564,1358,12
55717,2 - Por muchas razones,226201564,,,Workbook,226201564,208,,90055717,1359,226201564,1359,12
42188,3 - Por y para,226201564,,,Workbook,226201564,208,,90042188,1360,226201564,1360,12
21155,4 - Escribir oraciones,226201564,,,Workbook,226201564,208,,90021155,1361,226201564,1361,12
55720,5 - Para Silvia,226201564,,,Workbook,226201564,208,,90055720,1362,226201564,1362,12
48354,1 - Escoger,226201564,,audio.gif,Lab Manual,226201564,208,,90048354,1363,226201564,1363,12
44510,2 - La aventura (<i>adventure</i>),226201564,,microphone.gif,Lab Manual,226201564,208,,90044510,1364,226201564,1364,12
18160,3 - Los planes,226201564,,audio.gif,Lab Manual,226201564,208,,90018160,1365,226201564,1365,12
28938,Stressed possessive adjectives and pronouns,226201565,,,Tutorials,226201565,208,,90028938,1366,226201565,1366,12
42017,¡Manos a la obra!,226201565,295,textbook.gif,Practice,226201565,208,,90042017,1367,226201565,1367,12
55705,Oraciones,226201565,294,textbook.gif,Practice,226201565,208,,90055705,1368,226201565,1368,12
42032,Más oraciones,226201565,,,Practice,226201565,208,,90042032,1369,226201565,1369,12
42035,Completar,226201565,,,Practice,226201565,208,,90042035,1370,226201565,1370,12
42037,Lo mío es tuyo,226201565,,,Practice,226201565,208,,90042037,1371,226201565,1371,12
55723,1 - Esas cosas tuyas,226201565,,,Workbook,226201565,208,,90055723,1372,226201565,1372,12
42198,2 - ¿De quién es?,226201565,,,Workbook,226201565,208,,90042198,1373,226201565,1373,12
42202,3 - Los suyos,226201565,,,Workbook,226201565,208,,90042202,1374,226201565,1374,12
42211,4 - Los pronombres posesivos,226201565,,,Workbook,226201565,208,,90042211,1375,226201565,1375,12
48358,1 - Identificar,226201565,,audio.gif,Lab Manual,226201565,208,,90048358,1376,226201565,1376,12
44511,2 - Transformar,226201565,,microphone.gif,Lab Manual,226201565,208,,90044511,1377,226201565,1377,12
48433,3 - Cierto o falso,226201565,,audio.gif,Lab Manual,226201565,208,,90048433,1378,226201565,1378,12
13710,Emparejar,226201566,,,Tutorials,226201566,208,,90013710,1379,226201566,1379,12
20515,"<i>Mío/a</i>, <i>tuyo/a</i>, <i>suyo/a</i>, <i>nuestro/a</i>, <i>vuestro/a</i>, and more",226201566,,,Practice,226201566,208,,90020515,1380,226201566,1380,12
35401,¡Inténtalo!,226201566,389,textbook.gif,Practice,226201566,208,,90035401,1381,226201566,1381,12
35402,Oraciones,226201566,390,textbook.gif,Practice,226201566,208,,90035402,1382,226201566,1382,12
35403,Completar,226201566,,,Practice,226201566,208,,90035403,1383,226201566,1383,12
34276,Más práctica,226201566,,,Practice,226201566,208,,90034276,1384,226201566,1384,12
21160,1 - Esas cosas tuyas,226201566,,,Workbook,226201566,208,,90021160,1385,226201566,1385,12
17659,2 - ¿De quién es?,226201566,,,Workbook,226201566,208,,90017659,1386,226201566,1386,12
17657,3 - Los suyos,226201566,,,Workbook,226201566,208,,90017657,1387,226201566,1387,12
17661,4 - ¿De quién son?,226201566,,,Workbook,226201566,208,,90017661,1388,226201566,1388,12
18166,1 - Identificar,226201566,,audio.gif,Lab Manual,226201566,208,,90018166,1389,226201566,1389,12
25207,2 - Transformar,226201566,,audio.gif,Lab Manual,226201566,208,,90025207,1390,226201566,1390,12
18168,3 - ¿Cierto o falso?,226201566,,audio.gif,Lab Manual,226201566,208,,90018168,1391,226201566,1391,12
52683,La tira cómica,226300000,,,Practice,226300000,208,,90052683,1392,226300000,1392,12
42066,¿Comprendiste?,226300000,301,textbook.gif,Practice,226300000,208,,90042066,1393,226300000,1393,12
42068,Preguntas,226300000,301,textbook.gif,Practice,226300000,208,,90042068,1394,226300000,1394,12
52889,Los hispanos de los EEUU toman Internet,226300000,,,Practice,226300000,208,,90052889,1395,226300000,1395,12
47867,¿Comprendiste?,226300000,,,Practice,226300000,208,,90047867,1396,226300000,1396,12
54410,La tecnología,226600000,,,Practice,226600000,208,,90054410,1397,226600000,1397,12
54404,La tecnología,226600000,,,Lab Manual,226600000,208,,90054404,1398,226600000,1398,12
42521,1 - Más vocabulario,226100000,,,Video Manual,226100000,208,,90042521,1399,226100000,1399,12
55740,2 - La tecnología,226100000,,,Video Manual,226100000,208,,90055740,1400,226100000,1400,12
46819,3 - ¡En español!,226100000,,,Video Manual,226100000,208,,90046819,1401,226100000,1401,12
55743,4 - Completar,226100000,,video.gif,Video Manual,226100000,208,,90055743,1402,226100000,1402,12
46821,5 - Emparejar,226100000,,video.gif,Video Manual,226100000,208,,90046821,1403,226100000,1403,12
42567,6 - ¿Cierto o falso?,226100000,,,Video Manual,226100000,208,,90042567,1404,226100000,1404,12
48451,7 - Preguntas,226100000,,,Video Manual,226100000,208,,90048451,1405,226100000,1405,12
55663,8 - Un email,226100000,,,Video Manual,226100000,208,,90055663,1406,226100000,1406,12
20968,Tutorial 1,226700000,,,Tutorials,226700000,209,,90020968,1407,226700000,1407,12
20969,Tutorial 2,226700000,,,Tutorials,226700000,209,,90020969,1408,226700000,1408,12
20970,Tutorial 3,226700000,,,Tutorials,226700000,209,,90020970,1409,226700000,1409,12
55342,Practica el vocabulario,226700000,,audio.gif,Tutorials,226700000,209,,90055342,1410,226700000,1410,12
13715,Crucigrama,226700000,,,Tutorials,226700000,209,,90013715,1411,226700000,1411,12
54456,El comedor,226700000,,,Tutorials,226700000,209,,90054456,1412,226700000,1412,12
55353,La vivienda,226700000,,,Tutorials,226700000,209,,90055353,1413,226700000,1413,12
41772,Escoger,226700000,306,textbook_audio.gif,Practice,226700000,209,,90041772,1414,226700000,1414,12
41773,Escuchar,226700000,306,textbook_audio.gif,Practice,226700000,209,,90041773,1415,226700000,1415,12
55792,Emparejar,226700000,307,textbook.gif,Practice,226700000,209,,90055792,1416,226700000,1416,12
41779,Escoger,226700000,,,Practice,226700000,209,,90041779,1417,226700000,1417,12
35425,Seleccionar,226700000,,,Practice,226700000,209,,90035425,1418,226700000,1418,12
42556,<b>Repaso</b>,226700000,,,Practice,226700000,209,,90042556,1419,226700000,1419,12
24232,Más práctica,226700000,,,Practice,226700000,209,,90024232,1420,226700000,1420,12
55899,1 - Los aparatos domésticos,226700000,135,,Workbook,226700000,209,,90055899,1421,226700000,1421,12
41943,2 - ¿En qué habitación?,226700000,135,,Workbook,226700000,209,,90041943,1422,226700000,1422,12
55901,3 - ¿Qué hacían?,226700000,135,,Workbook,226700000,209,,90055901,1423,226700000,1423,12
41945,4 - Una es diferente,226700000,,,Workbook,226700000,209,,90041945,1424,226700000,1424,12
53883,5 - Definiciones,226700000,136,,Workbook,226700000,209,,90053883,1425,226700000,1425,12
48474,1 - Describir,226700000,67,audio.gif,Lab Manual,226700000,209,,90048474,1426,226700000,1426,12
55927,2 - Identificar,226700000,67,audio.gif,Lab Manual,226700000,209,,90055927,1427,226700000,1427,12
44533,3 - Quehaceres domésticos,226700000,67,microphone.gif,Lab Manual,226700000,209,,90044533,1428,226700000,1428,12
48476,4 - En la oficina de la agente inmobiliaria,226700000,67,audio.gif,Lab Manual,226700000,209,,90048476,1429,226700000,1429,12
24572,The letter <i>x</i>,226900000,,,Lab Manual,226900000,209,,90024572,1430,226900000,1430,12
44659,1 &ndash; Práctica,226900000,68,microphone.gif,Lab Manual,226900000,209,,90044659,1431,226900000,1431,12
44665,3 &ndash; Refranes,226900000,68,microphone.gif,Lab Manual,226900000,209,,90044665,1432,226900000,1432,12
55930,4 - Dictado,226900000,68,audio.gif,Lab Manual,226900000,209,,90055930,1433,226900000,1433,12
26375,Mayúsculas y minúsculas,227000000,,,Practice,227000000,209,,90026375,1434,227000000,1434,12
28188,Práctica,227000000,309,textbook.gif,Practice,227000000,209,,90028188,1435,227000000,1435,12
28189,Palabras desordenadas,227000000,309,textbook.gif,Practice,227000000,209,,90028189,1436,227000000,1436,12
26101,<i>¡Les va a encantar la casa!</i>,226800000,,,Practice,226800000,209,,90026101,1437,226800000,1437,12
41780,¿Cierto o falso?,226800000,310,textbook.gif,Practice,226800000,209,,90041780,1438,226800000,1438,12
41782,En la casa de Ibarra,226800000,311,textbook.gif,Practice,226800000,209,,90041782,1439,226800000,1439,12
35439,Ahora dilo tú,226800000,,video.gif,Practice,226800000,209,,90035439,1440,226800000,1440,12
32586,1 - En la casa,226800000,235,,Video Manual,226800000,209,,90032586,1441,226800000,1441,12
22642,2 - ¿Cierto o falso?,226800000,235,video.gif,Video Manual,226800000,209,,90022642,1442,226800000,1442,12
32670,4 - Resumen,226800000,235,video.gif,Video Manual,226800000,209,,90032670,1443,226800000,1443,12
42469,5 - Seleccionar,226800000,236,,Video Manual,226800000,209,,90042469,1444,226800000,1444,12
55933,6 - Preguntas,226800000,236,,Video Manual,226800000,209,,90055933,1445,226800000,1445,12
24549,7 - Escribir,226800000,236,,Video Manual,226800000,209,,90024549,1446,226800000,1446,12
41783,¿Cierto o falso?,227100000,312,textbook.gif,Practice,227100000,209,,90041783,1447,227100000,1447,12
41784,Completar,227100000,,,Practice,227100000,209,,90041784,1448,227100000,1448,12
43826,Las casas de Pablo Neruda,227100000,,,Practice,227100000,209,,90043826,1449,227100000,1449,12
35455,Escoger,227100000,,,Practice,227100000,209,,90035455,1450,227100000,1450,12
55795,Conexión Internet,227100000,313,web.gif,Practice,227100000,209,,90055795,1451,227100000,1451,12
55796,Vocabulario,227100000,313,,Practice,227100000,209,,90055796,1452,227100000,1452,12
31272,La casa de Frida,227100000,,,Practice,227100000,209,,90031272,1453,227100000,1453,12
41793,¿Cierto o falso?,227100000,313,textbook.gif,Practice,227100000,209,,90041793,1454,227100000,1454,12
55799,Escoger,227100000,,,Practice,227100000,209,,90055799,1455,227100000,1455,12
41934,Formal commands,227301567,,,Tutorials,227301567,209,,90041934,1456,227301567,1456,12
55822,¡Manos a la obra!,227301567,315,textbook.gif,Practice,227301567,209,,90055822,1457,227301567,1457,12
55827,¡A mudarse!,227301567,314,textbook.gif,Practice,227301567,209,,90055827,1458,227301567,1458,12
35528,Mandatos formales,227301567,,,Practice,227301567,209,,90035528,1459,227301567,1459,12
41798,Escoger,227301567,,,Practice,227301567,209,,90041798,1460,227301567,1460,12
55906,1 - Háganlo así,227301567,121,,Workbook,227301567,209,,90055906,1461,227301567,1461,12
42085,2 - Por favor,227301567,121,,Workbook,227301567,209,,90042085,1462,227301567,1462,12
42090,3 - Para emergencias,227301567,122,,Workbook,227301567,209,,90042090,1463,227301567,1463,12
42095,4 - Lo opuesto,227301567,122,,Workbook,227301567,209,,90042095,1464,227301567,1464,12
48457,1 - Identificar,227301567,,audio.gif,Lab Manual,227301567,209,,90048457,1465,227301567,1465,12
44536,2 - Cambiar,227301567,,microphone.gif,Lab Manual,227301567,209,,90044536,1466,227301567,1466,12
44537,3 - Preguntas,227301567,,microphone.gif,Lab Manual,227301567,209,,90044537,1467,227301567,1467,12
44538,4 - Más preguntas,227301567,,microphone.gif,Lab Manual,227301567,209,,90044538,1468,227301567,1468,12
48459,5 - ¿Cómo llegar?,227301567,,audio.gif,Lab Manual,227301567,209,,90048459,1469,227301567,1469,12
41930,The present subjunctive,227301568,,,Tutorials,227301568,209,,90041930,1470,227301568,1470,12
55947,¡Manos a la obra!,227301568,315,textbook.gif,Practice,227301568,209,,90055947,1471,227301568,1471,12
55829,Completar,227301568,316,textbook.gif,Practice,227301568,209,,90055829,1472,227301568,1472,12
41804,Escoger,227301568,,,Practice,227301568,209,,90041804,1473,227301568,1473,12
41806,El subjuntivo,227301568,,,Practice,227301568,209,,90041806,1474,227301568,1474,12
55832,Limpiemos la casa,227301568,,,Practice,227301568,209,,90055832,1475,227301568,1475,12
42098,1 - Oraciones,227301568,123,,Workbook,227301568,209,,90042098,1476,227301568,1476,12
42105,2 - El verbo correcto,227301568,123,,Workbook,227301568,209,,90042105,1477,227301568,1477,12
42108,3 - El subjuntivo en las oraciones,227301568,123,,Workbook,227301568,209,,90042108,1478,227301568,1478,12
55908,4 - Es necesario,227301568,124,,Workbook,227301568,209,,90055908,1479,227301568,1479,12
42117,"5 - Sí, es bueno",227301568,,,Workbook,227301568,209,,90042117,1480,227301568,1480,12
48470,1 - Escoger,227301568,,audio.gif,Lab Manual,227301568,209,,90048470,1481,227301568,1481,12
44539,2 - Cambiar,227301568,,microphone.gif,Lab Manual,227301568,209,,90044539,1482,227301568,1482,12
44540,3 - Transformar,227301568,,microphone.gif,Lab Manual,227301568,209,,90044540,1483,227301568,1483,12
48471,4 - ¿Qué pasa aquí?,227301568,,audio.gif,Lab Manual,227301568,209,,90048471,1484,227301568,1484,12
41938,Subjunctive with verbs of will and influence,227301569,,,Tutorials,227301569,209,,90041938,1485,227301569,1485,12
41809,¡Manos a la obra!,227301569,319,textbook.gif,Practice,227301569,209,,90041809,1486,227301569,1486,12
41812,Entre amigas,227301569,318,textbook.gif,Practice,227301569,209,,90041812,1487,227301569,1487,12
41814,Seleccionar,227301569,,,Practice,227301569,209,,90041814,1488,227301569,1488,12
41816,Oraciones,227301569,,,Practice,227301569,209,,90041816,1489,227301569,1489,12
41817,Formar oraciones,227301569,,,Practice,227301569,209,,90041817,1490,227301569,1490,12
42122,1 - Preferencias,227301569,125,,Workbook,227301569,209,,90042122,1491,227301569,1491,12
55911,2 - Comprar una casa,227301569,125,,Workbook,227301569,209,,90055911,1492,227301569,1492,12
42136,3 - Pronombres,227301569,125,,Workbook,227301569,209,,90042136,1493,227301569,1493,12
42141,4 - ¿Subjuntivo o infinitivo?,227301569,126,,Workbook,227301569,209,,90042141,1494,227301569,1494,12
55912,5 - Síntesis,227301569,126,,Workbook,227301569,209,,90055912,1495,227301569,1495,12
48472,1 - Identificar,227301569,,audio.gif,Lab Manual,227301569,209,,90048472,1496,227301569,1496,12
44541,2 - Transformar,227301569,,microphone.gif,Lab Manual,227301569,209,,90044541,1497,227301569,1497,12
44542,3 - Situaciones,227301569,,microphone.gif,Lab Manual,227301569,209,,90044542,1498,227301569,1498,12
48473,4 - ¿Qué hacemos?,227301569,,audio.gif,Lab Manual,227301569,209,,90048473,1499,227301569,1499,12
28942,Subjunctive with verbs of will and influence,227301570,,,Tutorials,227301570,209,,90028942,1500,227301570,1500,12
20520,Verbs of will and influence,227301570,,,Practice,227301570,209,,90020520,1501,227301570,1501,12
23607,¡Inténtalo!,227301570,427,textbook.gif,Practice,227301570,209,,90023607,1502,227301570,1502,12
23609,Completar,227301570,428,textbook.gif,Practice,227301570,209,,90023609,1503,227301570,1503,12
35541,Seleccionar,227301570,,,Practice,227301570,209,,90035541,1504,227301570,1504,12
35543,Oraciones,227301570,,,Practice,227301570,209,,90035543,1505,227301570,1505,12
34279,Más práctica,227301570,,,Practice,227301570,209,,90034279,1506,227301570,1506,12
29475,1 - Preferencias,227301570,143,,Workbook,227301570,209,,90029475,1507,227301570,1507,12
32625,2 - Comprar una casa,227301570,143,,Workbook,227301570,209,,90032625,1508,227301570,1508,12
29477,3 - Instrucciones,227301570,143,,Workbook,227301570,209,,90029477,1509,227301570,1509,12
36095,4 - ¿Subjuntivo o infinitivo?,227301570,144,,Workbook,227301570,209,,90036095,1510,227301570,1510,12
26346,1 – Identificar,227301570,72,audio.gif,Lab Manual,227301570,209,,90026346,1511,227301570,1511,12
34085,2 - Transformar,227301570,72,audio.gif,Lab Manual,227301570,209,,90034085,1512,227301570,1512,12
32697,3 - Situaciones,227301570,72,audio.gif,Lab Manual,227301570,209,,90032697,1513,227301570,1513,12
22637,4 – ¿Qué hacemos?,227301570,72,audio.gif,Lab Manual,227301570,209,,90022637,1514,227301570,1514,12
52899,La Casa Colorada,227400000,,,Practice,227400000,209,,90052899,1515,227400000,1515,12
55854,¿Comprendiste?,227400000,325,textbook.gif,Practice,227400000,209,,90055854,1516,227400000,1516,12
41849,Preguntas,227400000,325,textbook.gif,Practice,227400000,209,,90041849,1517,227400000,1517,12
52901,Bienvenidos al Palacio de Las Garzas,227400000,,,Practice,227400000,209,,90052901,1518,227400000,1518,12
47187,Ordenar,227400000,,,Practice,227400000,209,,90047187,1519,227400000,1519,12
54427,"Hogar, dulce hogar",227700000,326,,Practice,227700000,209,,90054427,1520,227700000,1520,12
54430,"Hogar, dulce hogar",227700000,,,Lab Manual,227700000,209,,90054430,1521,227700000,1521,12
42548,1 - El mapa,227501641,,,Workbook,227501641,209,,90042548,1522,227501641,1522,12
55915,2 - Definiciones,227501641,,,Workbook,227501641,209,,90055915,1523,227501641,1523,12
55919,3 - Describir,227501641,,,Workbook,227501641,209,,90055919,1524,227501641,1524,12
46841,4 - Las fotos,227501641,,,Workbook,227501641,209,,90046841,1525,227501641,1525,12
55871,El mapa de Guatemala,227501658,,,Practice,227501658,209,,90055871,1526,227501658,1526,12
41847,Las notas culturales y las estadísticas,227501658,,,Practice,227501658,209,,90041847,1527,227501658,1527,12
55873,El mapa y los datos geográficos,227501658,,,Practice,227501658,209,,90055873,1528,227501658,1528,12
43174,Conexión Internet: <b>Rigoberta Menchú</b>,227501658,,web.gif,Practice,227501658,209,,90043174,1529,227501658,1529,12
43179,Conexión Internet: <b>Sitios arqueológicos mayas</b>,227501658,,web.gif,Practice,227501658,209,,90043179,1530,227501658,1530,12
41892,Guatemala: <i>Antigua y Chichicastenango</i>,227501658,,,Practice,227501658,209,,90041892,1531,227501658,1531,12
33718,Completar,227501658,,,Practice,227501658,209,,90033718,1532,227501658,1532,12
33558,1 - Más vocabulario,227501658,,,Video Manual,227501658,209,,90033558,1533,227501658,1533,12
20443,2 - Describir,227501658,,,Video Manual,227501658,209,,90020443,1534,227501658,1534,12
33559,3 - Categorías,227501658,,,Video Manual,227501658,209,,90033559,1535,227501658,1535,12
18304,4 - Marcar,227501658,,video.gif,Video Manual,227501658,209,,90018304,1536,227501658,1536,12
20447,5 - Completar,227501658,,,Video Manual,227501658,209,,90020447,1537,227501658,1537,12
19524,6 - ¿Cierto o Falso?,227501658,,,Video Manual,227501658,209,,90019524,1538,227501658,1538,12
20450,7 - Escribir,227501658,,,Video Manual,227501658,209,,90020450,1539,227501658,1539,12
55874,El mapa de Honduras,227501659,,,Practice,227501659,209,,90055874,1540,227501659,1540,12
41863,Las notas culturales y las estadísticas,227501659,,,Practice,227501659,209,,90041863,1541,227501659,1541,12
55879,El mapa y los datos geográficos,227501659,,,Practice,227501659,209,,90055879,1542,227501659,1542,12
43183,Conexión Internet: <b>Exportaciones</b>,227501659,,web.gif,Practice,227501659,209,,90043183,1543,227501659,1543,12
43187,Conexión Internet: <b>Copán</b>,227501659,,web.gif,Practice,227501659,209,,90043187,1544,227501659,1544,12
41893,Honduras: <i>Copán</i>,227501659,,,Practice,227501659,209,,90041893,1545,227501659,1545,12
55886,Completar,227501659,,,Practice,227501659,209,,90055886,1546,227501659,1546,12
42484,1 - Más vocabulario,227501659,,,Video Manual,227501659,209,,90042484,1547,227501659,1547,12
42487,2 - Predecir,227501659,,,Video Manual,227501659,209,,90042487,1548,227501659,1548,12
42491,3 - Marcar,227501659,,video.gif,Video Manual,227501659,209,,90042491,1549,227501659,1549,12
42495,4 - Seleccionar,227501659,,,Video Manual,227501659,209,,90042495,1550,227501659,1550,12
55887,El mapa de El Salvador,227501660,,,Practice,227501660,209,,90055887,1551,227501660,1551,12
55889,Las notas culturales y las estadísticas,227501660,,,Practice,227501660,209,,90055889,1552,227501660,1552,12
55894,El mapa y los datos geográficos,227501660,,,Practice,227501660,209,,90055894,1553,227501660,1553,12
43191,Conexión Internet: <b>Parques nacionales</b>,227501660,,web.gif,Practice,227501660,209,,90043191,1554,227501660,1554,12
43195,Conexión Internet: <b>Museos</b>,227501660,,web.gif,Practice,227501660,209,,90043195,1555,227501660,1555,12
41894,El Salvador: <i>El maíz</i>,227501660,,,Practice,227501660,209,,90041894,1556,227501660,1556,12
41885,Escoger,227501660,,,Practice,227501660,209,,90041885,1557,227501660,1557,12
42501,1 - Más vocabulario,227501660,,,Video Manual,227501660,209,,90042501,1558,227501660,1558,12
55935,2 - Marcar,227501660,,video.gif,Video Manual,227501660,209,,90055935,1559,227501660,1559,12
42511,3 - Completar,227501660,,,Video Manual,227501660,209,,90042511,1560,227501660,1560,12
42515,4 - Foto,227501660,,,Video Manual,227501660,209,,90042515,1561,227501660,1561,12
42516,1 - Más vocabulario,227200000,,,Video Manual,227200000,209,,90042516,1562,227200000,1562,12
42517,2 - Emparejar,227200000,,,Video Manual,227200000,209,,90042517,1563,227200000,1563,12
46842,3 - ¡En español!,227200000,,,Video Manual,227200000,209,,90046842,1564,227200000,1564,12
45616,4 - ¿Dónde están?,227200000,,video.gif,Video Manual,227200000,209,,90045616,1565,227200000,1565,12
46843,5 - Impresiones,227200000,,video.gif,Video Manual,227200000,209,,90046843,1566,227200000,1566,12
42534,6 - Ordenar,227200000,,,Video Manual,227200000,209,,90042534,1567,227200000,1567,12
42540,7 - ¿Qué te gusto más?,227200000,,,Video Manual,227200000,209,,90042540,1568,227200000,1568,12
20971,Tutorial 1,227800000,,,Tutorials,227800000,210,,90020971,1569,227800000,1569,12
20972,Tutorial 2,227800000,,,Tutorials,227800000,210,,90020972,1570,227800000,1570,12
20973,Tutorial 3,227800000,,,Tutorials,227800000,210,,90020973,1571,227800000,1571,12
55358,Practica el vocabulario,227800000,,audio.gif,Tutorials,227800000,210,,90055358,1572,227800000,1572,12
13719,Crucigrama,227800000,,,Tutorials,227800000,210,,90013719,1573,227800000,1573,12
55361,La naturaleza,227800000,,,Tutorials,227800000,210,,90055361,1574,227800000,1574,12
46747,Seleccionar,227800000,334,textbook_audio.gif,Practice,227800000,210,,90046747,1575,227800000,1575,12
42747,La naturaleza,227800000,335,textbook.gif,Practice,227800000,210,,90042747,1576,227800000,1576,12
42750,Definir,227800000,,,Practice,227800000,210,,90042750,1577,227800000,1577,12
42828,<b>Repaso</b>,227800000,,,Practice,227800000,210,,90042828,1578,227800000,1578,12
24237,Más práctica,227800000,,,Practice,227800000,210,,90024237,1579,227800000,1579,12
42941,2 - Problema y solución,227800000,149,,Workbook,227800000,210,,90042941,1580,227800000,1580,12
42944,3 - Sinónimos y antónimos,227800000,,,Workbook,227800000,210,,90042944,1581,227800000,1581,12
42947,5 - Carta al editor,227800000,,,Workbook,227800000,210,,90042947,1582,227800000,1582,12
48495,2 - Eslóganes,227800000,73,audio.gif,Lab Manual,227800000,210,,90048495,1583,227800000,1583,12
48497,4 - Completar,227800000,,audio.gif,Lab Manual,227800000,210,,90048497,1584,227800000,1584,12
24574,"<i>l</i>, <i>ll</i>, and <i>y</i>",228000000,,,Lab Manual,228000000,210,,90024574,1585,228000000,1585,12
44671,1 - Práctica,228000000,74,microphone.gif,Lab Manual,228000000,210,,90044671,1586,228000000,1586,12
44678,3 - Refranes,228000000,74,microphone.gif,Lab Manual,228000000,210,,90044678,1587,228000000,1587,12
26537,4 - Dictado,228000000,74,audio.gif,Lab Manual,228000000,210,,90026537,1588,228000000,1588,12
26377,Los signos de puntuación,228100000,,,Practice,228100000,210,,90026377,1589,228100000,1589,12
28208,Práctica,228100000,337,textbook.gif,Practice,228100000,210,,90028208,1590,228100000,1590,12
28209,¿Palabras de amor?,228100000,337,textbook.gif,Practice,228100000,210,,90028209,1591,228100000,1591,12
26372,<i>¡Qué paisaje más hermoso!</i>,227900000,,,Practice,227900000,210,,90026372,1592,227900000,1592,12
42760,Seleccionar,227900000,338,textbook.gif,Practice,227900000,210,,90042760,1593,227900000,1593,12
42761,Preguntas,227900000,339,textbook.gif,Practice,227900000,210,,90042761,1594,227900000,1594,12
34156,Ahora dilo tú,227900000,,video.gif,Practice,227900000,210,,90034156,1595,227900000,1595,12
43106,1 - La excursión,227900000,,,Video Manual,227900000,210,,90043106,1596,227900000,1596,12
29576,2 - Opiniones,227900000,237,video.gif,Video Manual,227900000,210,,90029576,1597,227900000,1597,12
28555,3 - Los paisajes de Puerto Rico,227900000,237,video.gif,Video Manual,227900000,210,,90028555,1598,227900000,1598,12
22790,4 - Resumen,227900000,237,video.gif,Video Manual,227900000,210,,90022790,1599,227900000,1599,12
35054,5 - ¿Cierto o falso?,227900000,238,,Video Manual,227900000,210,,90035054,1600,227900000,1600,12
43127,6 - Preguntas,227900000,238,,Video Manual,227900000,210,,90043127,1601,227900000,1601,12
43110,7 - Describir,227900000,,,Video Manual,227900000,210,,90043110,1602,227900000,1602,12
42762,Escoger,228200000,340,textbook.gif,Practice,228200000,210,,90042762,1603,228200000,1603,12
42765,Seleccionar,228200000,,,Practice,228200000,210,,90042765,1604,228200000,1604,12
43831,Un paraíso para los observadores de pájaros,228200000,,,Practice,228200000,210,,90043831,1605,228200000,1605,12
34163,¿Cierto o falso?,228200000,,,Practice,228200000,210,,90034163,1606,228200000,1606,12
42769,Conexión Internet,228200000,341,web.gif,Practice,228200000,210,,90042769,1607,228200000,1607,12
30726,Naturaleza en Costa Rica,228200000,,,Practice,228200000,210,,90030726,1608,228200000,1608,12
42776,¿Cierto o falso?,228200000,341,textbook.gif,Practice,228200000,210,,90042776,1609,228200000,1609,12
42778,Completar,228200000,,,Practice,228200000,210,,90042778,1610,228200000,1610,12
28943,The subjunctive with verbs of emotion,228401571,,,Tutorials,228401571,210,,90028943,1611,228401571,1611,12
42786,¡Manos a la obra!,228401571,343,textbook.gif,Practice,228401571,210,,90042786,1612,228401571,1612,12
34169,Emociones,228401571,,,Practice,228401571,210,,90034169,1613,228401571,1613,12
42948,1 - Emociones,228401571,,,Workbook,228401571,210,,90042948,1614,228401571,1614,12
42950,2 - Es así,228401571,,,Workbook,228401571,210,,90042950,1615,228401571,1615,12
42951,3 - Ojalá...,228401571,,,Workbook,228401571,210,,90042951,1616,228401571,1616,12
48490,1 - Escoger,228401571,75,audio.gif,Lab Manual,228401571,210,,90048490,1617,228401571,1617,12
44559,2 - Transformar,228401571,75,microphone.gif,Lab Manual,228401571,210,,90044559,1618,228401571,1618,12
44560,3 - Preguntas,228401571,75,microphone.gif,Lab Manual,228401571,210,,90044560,1619,228401571,1619,12
26555,4 - El Club de Ecología,228401571,75,audio.gif,Lab Manual,228401571,210,,90026555,1620,228401571,1620,12
28944,"The subjunctive with doubt, disbelief, and denial",228401572,,,Tutorials,228401572,210,,90028944,1621,228401572,1621,12
42796,¡Manos a la obra!,228401572,345,textbook.gif,Practice,228401572,210,,90042796,1622,228401572,1622,12
34174,Completar,228401572,,,Practice,228401572,210,,90034174,1623,228401572,1623,12
35009,Oraciones,228401572,,,Practice,228401572,210,,90035009,1624,228401572,1624,12
42809,Es imposible que...,228401572,,,Practice,228401572,210,,90042809,1625,228401572,1625,12
42955,1 - No es probable,228401572,,,Workbook,228401572,210,,90042955,1626,228401572,1626,12
42956,2 - Es posible que pase,228401572,,,Workbook,228401572,210,,90042956,1627,228401572,1627,12
42957,3 - ¿Estás seguro?,228401572,,,Workbook,228401572,210,,90042957,1628,228401572,1628,12
42959,5 - Oraciones nuevas,228401572,,,Workbook,228401572,210,,90042959,1629,228401572,1629,12
29579,1 - Identificar,228401572,76,audio.gif,Lab Manual,228401572,210,,90029579,1630,228401572,1630,12
44562,2 - Cambiar,228401572,76,microphone.gif,Lab Manual,228401572,210,,90044562,1631,228401572,1631,12
28945,The subjunctive with conjunctions,228401573,,,Tutorials,228401573,210,,90028945,1632,228401573,1632,12
34179,El lago,228401573,,,Practice,228401573,210,,90034179,1633,228401573,1633,12
35021,1 - Las conjunciones,228401573,155,,Workbook,228401573,210,,90035021,1634,228401573,1634,12
42962,3 - Siempre llegas tarde,228401573,,,Workbook,228401573,210,,90042962,1635,228401573,1635,12
42965,4 - Síntesis,228401573,,,Workbook,228401573,210,,90042965,1636,228401573,1636,12
35251,1 - ¿Lógico o ilógico?,228401573,77,audio.gif,Lab Manual,228401573,210,,90035251,1637,228401573,1637,12
28702,2 - A la entrada del parque,228401573,77,audio.gif,Lab Manual,228401573,210,,90028702,1638,228401573,1638,12
26574,3 - Identificar,228401573,77,audio.gif,Lab Manual,228401573,210,,90026574,1639,228401573,1639,12
52397,<i>Fábulas</i>,228500000,,,Practice,228500000,210,,90052397,1640,228500000,1640,12
42868,¿Comprendiste?,228500000,353,textbook.gif,Practice,228500000,210,,90042868,1641,228500000,1641,12
42869,Preguntas,228500000,353,textbook.gif,Practice,228500000,210,,90042869,1642,228500000,1642,12
52399,<i>El conde Lucanor</i> (fragmento),228500000,,,Practice,228500000,210,,90052399,1643,228500000,1643,12
46937,Seleccionar,228500000,,,Practice,228500000,210,,90046937,1644,228500000,1644,12
54444,La naturaleza,228800000,354,,Lab Manual,228800000,210,,90054444,1645,228800000,1645,12
43112,1 - Más vocabulario,228300000,,,Video Manual,228300000,210,,90043112,1646,228300000,1646,12
43128,2 - Emparejar,228300000,,,Video Manual,228300000,210,,90043128,1647,228300000,1647,12
46846,3 - ¡En español!,228300000,,,Video Manual,228300000,210,,90046846,1648,228300000,1648,12
53878,5 - Completar,228300000,,video.gif,Video Manual,228300000,210,,90053878,1649,228300000,1649,12
43120,6 - Ordenar,228300000,,,Video Manual,228300000,210,,90043120,1650,228300000,1650,12
46847,7 - ¡Defendamos al volcán!,228300000,,,Video Manual,228300000,210,,90046847,1651,228300000,1651,12
43124,8 - Ecoturismo,228300000,,,Video Manual,228300000,210,,90043124,1652,228300000,1652,12
20974,Tutorial 1,228900000,,,Tutorials,228900000,211,,90020974,1653,228900000,1653,12
20975,Tutorial 2,228900000,,,Tutorials,228900000,211,,90020975,1654,228900000,1654,12
20976,Tutorial 3,228900000,,,Tutorials,228900000,211,,90020976,1655,228900000,1655,12
55365,Practica el vocabulario,228900000,,audio.gif,Tutorials,228900000,211,,90055365,1656,228900000,1656,12
13723,Crucigrama,228900000,,,Tutorials,228900000,211,,90013723,1657,228900000,1657,12
13724,Emparejar,228900000,,,Tutorials,228900000,211,,90013724,1658,228900000,1658,12
55368,En la ciudad,228900000,,,Tutorials,228900000,211,,90055368,1659,228900000,1659,12
55371,En el correo,228900000,,,Tutorials,228900000,211,,90055371,1660,228900000,1660,12
35646,En la ciudad,228900000,,,Practice,228900000,211,,90035646,1661,228900000,1661,12
48599,¿Adónde fue?,228900000,358,textbook_audio.gif,Practice,228900000,211,,90048599,1662,228900000,1662,12
42891,Completar,228900000,,,Practice,228900000,211,,90042891,1663,228900000,1663,12
42724,Diferente,228900000,,,Practice,228900000,211,,90042724,1664,228900000,1664,12
43791,<b>Repaso</b>,228900000,,,Practice,228900000,211,,90043791,1665,228900000,1665,12
24243,Más práctica,228900000,,,Practice,228900000,211,,90024243,1666,228900000,1666,12
43223,1 - El dinero,228900000,,,Workbook,228900000,211,,90043223,1667,228900000,1667,12
43227,2 - ¿Qué clase (<i>kind</i>) de tienda es ésta?,228900000,,,Workbook,228900000,211,,90043227,1668,228900000,1668,12
26598,3 - ¿Cómo pagas?,228900000,,,Workbook,228900000,211,,90026598,1669,228900000,1669,12
35069,4 - Tu empresa,228900000,,,Workbook,228900000,211,,90035069,1670,228900000,1670,12
43234,5 - Cómo llegar,228900000,,,Workbook,228900000,211,,90043234,1671,228900000,1671,12
48517,1 - ¿Lógico o ilógico?,228900000,,audio.gif,Lab Manual,228900000,211,,90048517,1672,228900000,1672,12
34058,2 - Hacer diligencias,228900000,,audio.gif,Lab Manual,228900000,211,,90034058,1673,228900000,1673,12
29641,4 - Perdidos en el centro,228900000,,audio.gif,Lab Manual,228900000,211,,90029641,1674,228900000,1674,12
35083,<i>m</i> and <i>n</i>,229100000,,,Lab Manual,229100000,211,,90035083,1675,229100000,1675,12
44682,1 - Práctica,229100000,,microphone.gif,Lab Manual,229100000,211,,90044682,1676,229100000,1676,12
44688,2 - Oraciones,229100000,,microphone.gif,Lab Manual,229100000,211,,90044688,1677,229100000,1677,12
44689,3 - Refranes,229100000,,microphone.gif,Lab Manual,229100000,211,,90044689,1678,229100000,1678,12
22886,4 - Dictado,229100000,,audio.gif,Lab Manual,229100000,211,,90022886,1679,229100000,1679,12
46649,Las abreviaturas,229200000,,,Practice,229200000,211,,90046649,1680,229200000,1680,12
42727,Práctica,229200000,361,textbook.gif,Practice,229200000,211,,90042727,1681,229200000,1681,12
42728,Emparejar,229200000,361,textbook.gif,Practice,229200000,211,,90042728,1682,229200000,1682,12
26585,<i>Estamos perdidos.</i>,229000000,,,Practice,229000000,211,,90026585,1683,229000000,1683,12
42731,¿Cierto o falso?,229000000,362,textbook.gif,Practice,229000000,211,,90042731,1684,229000000,1684,12
42734,Ordenar,229000000,362,textbook.gif,Practice,229000000,211,,90042734,1685,229000000,1685,12
34206,Ahora dilo tú,229000000,,video.gif,Practice,229000000,211,,90034206,1686,229000000,1686,12
32588,1 - En el centro,229000000,,,Video Manual,229000000,211,,90032588,1687,229000000,1687,12
43392,2 - Ordenar,229000000,,video.gif,Video Manual,229000000,211,,90043392,1688,229000000,1688,12
24529,3 - Completar,229000000,,video.gif,Video Manual,229000000,211,,90024529,1689,229000000,1689,12
43394,4 - Resumen,229000000,,video.gif,Video Manual,229000000,211,,90043394,1690,229000000,1690,12
43396,5 - Seleccionar,229000000,,,Video Manual,229000000,211,,90043396,1691,229000000,1691,12
22928,6 - Escribir,229000000,,,Video Manual,229000000,211,,90022928,1692,229000000,1692,12
29136,7 - Las diligencias,229000000,,,Video Manual,229000000,211,,90029136,1693,229000000,1693,12
42737,¿Cierto o falso?,229300000,364,textbook.gif,Practice,229300000,211,,90042737,1694,229300000,1694,12
42739,Seleccionar,229300000,,,Practice,229300000,211,,90042739,1695,229300000,1695,12
43828,<i>La transformación de una ciudad</i>,229300000,,,Practice,229300000,211,,90043828,1696,229300000,1696,12
42756,Conexión Internet,229300000,365,web.gif,Practice,229300000,211,,90042756,1697,229300000,1697,12
31271,El metro del D.F.,229300000,,,Practice,229300000,211,,90031271,1698,229300000,1698,12
28946,The subjunctive in adjective clauses,229501574,,,Tutorials,229501574,211,,90028946,1699,229501574,1699,12
13722,Emparejar,229501574,,,Tutorials,229501574,211,,90013722,1700,229501574,1700,12
42767,¡Manos a la obra!,229501574,367,textbook.gif,Practice,229501574,211,,90042767,1701,229501574,1701,12
42771,Minidiálogos,229501574,366,textbook.gif,Practice,229501574,211,,90042771,1702,229501574,1702,12
26588,¿Indicativo o subjuntivo?,229501574,,,Practice,229501574,211,,90026588,1703,229501574,1703,12
22986,1 - El futuro de las computadoras,229501574,,,Workbook,229501574,211,,90022986,1704,229501574,1704,12
43246,2 - ¿Esté o está?,229501574,,,Workbook,229501574,211,,90043246,1705,229501574,1705,12
43252,4 - ¿Hay alguno que sea así?,229501574,,,Workbook,229501574,211,,90043252,1706,229501574,1706,12
43253,5 - Une las frases,229501574,,,Workbook,229501574,211,,90043253,1707,229501574,1707,12
48511,1 - Identificar,229501574,,audio.gif,Lab Manual,229501574,211,,90048511,1708,229501574,1708,12
35086,2 - Escoger,229501574,,audio.gif,Lab Manual,229501574,211,,90035086,1709,229501574,1709,12
44575,3 - Cambiar,229501574,,microphone.gif,Lab Manual,229501574,211,,90044575,1710,229501574,1710,12
42783,¡Manos a la obra!,229501575,369,textbook.gif,Practice,229501575,211,,90042783,1711,229501575,1711,12
42785,Unas diligencias,229501575,368,textbook.gif,Practice,229501575,211,,90042785,1712,229501575,1712,12
42810,Mandatos,229501575,,,Practice,229501575,211,,90042810,1713,229501575,1713,12
42801,Completar,229501575,,,Practice,229501575,211,,90042801,1714,229501575,1714,12
43272,3 - Planes para el verano,229501575,,,Workbook,229501575,211,,90043272,1715,229501575,1715,12
43276,4 - ¿Te ayudo?,229501575,,,Workbook,229501575,211,,90043276,1716,229501575,1716,12
48512,1 - Identificar,229501575,,audio.gif,Lab Manual,229501575,211,,90048512,1717,229501575,1717,12
48513,2 - ¿Dónde están?,229501575,,audio.gif,Lab Manual,229501575,211,,90048513,1718,229501575,1718,12
48514,3 - Consejos prácticos,229501575,,audio.gif,Lab Manual,229501575,211,,90048514,1719,229501575,1719,12
42849,¡Manos a la obra!,229501576,371,textbook.gif,Practice,229501576,211,,90042849,1720,229501576,1720,12
42893,Conversación,229501576,370,textbook.gif,Practice,229501576,211,,90042893,1721,229501576,1721,12
35097,Mandatos,229501576,,,Practice,229501576,211,,90035097,1722,229501576,1722,12
34216,Transformar,229501576,,,Practice,229501576,211,,90034216,1723,229501576,1723,12
42897,Vámonos a dormir,229501576,,,Practice,229501576,211,,90042897,1724,229501576,1724,12
43291,2 - ¡Sí! ¡No!,229501576,,,Workbook,229501576,211,,90043291,1725,229501576,1725,12
43299,3 - Como Lina,229501576,,,Workbook,229501576,211,,90043299,1726,229501576,1726,12
43305,4 - El préstamo,229501576,,,Workbook,229501576,211,,90043305,1727,229501576,1727,12
48515,1 - Identificar,229501576,,audio.gif,Lab Manual,229501576,211,,90048515,1728,229501576,1728,12
44576,2 - Cambiar,229501576,,microphone.gif,Lab Manual,229501576,211,,90044576,1729,229501576,1729,12
44577,3 - Preguntas,229501576,,microphone.gif,Lab Manual,229501576,211,,90044577,1730,229501576,1730,12
48516,4 - ¿Cierto o Falso?,229501576,,audio.gif,Lab Manual,229501576,211,,90048516,1731,229501576,1731,12
52402,<i>Esquina peligrosa</i>,229600000,,,Practice,229600000,211,,90052402,1732,229600000,1732,12
42943,Preguntas,229600000,377,textbook.gif,Practice,229600000,211,,90042943,1733,229600000,1733,12
52906,El Metrocable de Medellín,229600000,,,Practice,229600000,211,,90052906,1734,229600000,1734,12
52276,Comprensión,229600000,,,Practice,229600000,211,,90052276,1735,229600000,1735,12
54462,En la ciudad,229900000,,,Practice,229900000,211,,90054462,1736,229900000,1736,12
54465,En la ciudad,229900000,,,Lab Manual,229900000,211,,90054465,1737,229900000,1737,12
52733,1 - El mapa,229701642,,,Workbook,229701642,211,,90052733,1738,229701642,1738,12
52734,2 - Palabras desordenadas,229701642,,,Workbook,229701642,211,,90052734,1739,229701642,1739,12
52735,3 - Las fotos,229701642,,,Workbook,229701642,211,,90052735,1740,229701642,1740,12
52737,4 - Definiciones,229701642,,,Workbook,229701642,211,,90052737,1741,229701642,1741,12
52738,5 - El Canal de Panamá,229701642,,,Workbook,229701642,211,,90052738,1742,229701642,1742,12
35696,Las notas culturales y las estadísticas,229701661,,,Practice,229701661,211,,90035696,1743,229701661,1743,12
43199,Conexión Internet: <b>El inglés en Nicaragua</b>,229701661,,web.gif,Practice,229701661,211,,90043199,1744,229701661,1744,12
43203,Conexión Internet: <b>Economía y derechos humanos</b>,229701661,,web.gif,Practice,229701661,211,,90043203,1745,229701661,1745,12
43685,<i>Masaya</i>,229701661,,,Practice,229701661,211,,90043685,1746,229701661,1746,12
43398,1 - Más vocabulario,229701661,,,Video Manual,229701661,211,,90043398,1747,229701661,1747,12
34097,Las notas culturales y las estadísticas,229701662,,,Practice,229701662,211,,90034097,1748,229701662,1748,12
43207,Conexión Internet: <b>Óscar Arias Sánchez</b>,229701662,,web.gif,Practice,229701662,211,,90043207,1749,229701662,1749,12
43211,Conexión Internet: <b>Artistas costarricenses</b>,229701662,,web.gif,Practice,229701662,211,,90043211,1750,229701662,1750,12
43686,<i>Monteverde y Tortuguero</i>,229701662,,,Practice,229701662,211,,90043686,1751,229701662,1751,12
42969,Seleccionar,229701662,,,Practice,229701662,211,,90042969,1752,229701662,1752,12
43403,1 - Más vocabulario,229701662,,,Video Manual,229701662,211,,90043403,1753,229701662,1753,12
25179,2 - Foto,229701662,,,Video Manual,229701662,211,,90025179,1754,229701662,1754,12
43406,3 - Marcar,229701662,,video.gif,Video Manual,229701662,211,,90043406,1755,229701662,1755,12
35549,Las notas culturales y las estadísticas,229701663,,,Practice,229701663,211,,90035549,1756,229701663,1756,12
43219,Conexión Internet: <b>Los kuna</b>,229701663,,web.gif,Practice,229701663,211,,90043219,1757,229701663,1757,12
43687,<i>Los deportes en el mar</i>,229701663,,,Practice,229701663,211,,90043687,1758,229701663,1758,12
42970,Escoger,229701663,,,Practice,229701663,211,,90042970,1759,229701663,1759,12
24550,1 - Más vocabulario,229701663,271,,Video Manual,229701663,211,,90024550,1760,229701663,1760,12
43410,2 - Responder,229701663,271,,Video Manual,229701663,211,,90043410,1761,229701663,1761,12
28073,3 - Ordenar,229701663,271,video.gif,Video Manual,229701663,211,,90028073,1762,229701663,1762,12
43413,4 - Emparejar,229701663,272,,Video Manual,229701663,211,,90043413,1763,229701663,1763,12
24552,5 - Responder,229701663,272,,Video Manual,229701663,211,,90024552,1764,229701663,1764,12
43432,6 - Pasatiempos,229701663,224,,Video Manual,229701663,211,,90043432,1765,229701663,1765,12
43444,1 - Más vocabulario,229400000,,,Video Manual,229400000,211,,90043444,1766,229400000,1766,12
43452,2 - Completar,229400000,,,Video Manual,229400000,211,,90043452,1767,229400000,1767,12
46861,3 - ¡En español!,229400000,,,Video Manual,229400000,211,,90046861,1768,229400000,1768,12
53876,4 - ¿Qué les gusta?,229400000,,video.gif,Video Manual,229400000,211,,90053876,1769,229400000,1769,12
45639,5 - ¿Qué dice?,229400000,,video.gif,Video Manual,229400000,211,,90045639,1770,229400000,1770,12
20977,Tutorial 1,230000000,,,Tutorials,230000000,212,,90020977,1771,230000000,1771,12
20978,Tutorial 2,230000000,,,Tutorials,230000000,212,,90020978,1772,230000000,1772,12
20979,Tutorial 3,230000000,,,Tutorials,230000000,212,,90020979,1773,230000000,1773,12
55374,Practica el vocabulario,230000000,,audio.gif,Tutorials,230000000,212,,90055374,1774,230000000,1774,12
13729,Crucigrama,230000000,,,Tutorials,230000000,212,,90013729,1775,230000000,1775,12
55378,El bienestar,230000000,,,Tutorials,230000000,212,,90055378,1776,230000000,1776,12
48524,¿Lógico o ilógico?,230000000,386,textbook_audio.gif,Practice,230000000,212,,90048524,1777,230000000,1777,12
48525,Seleccionar,230000000,386,textbook_audio.gif,Practice,230000000,212,,90048525,1778,230000000,1778,12
43175,Identificar,230000000,387,textbook.gif,Practice,230000000,212,,90043175,1779,230000000,1779,12
35137,Escoger,230000000,,,Practice,230000000,212,,90035137,1780,230000000,1780,12
43221,<b>Repaso</b>,230000000,,,Practice,230000000,212,,90043221,1781,230000000,1781,12
24249,Más práctica,230000000,,,Practice,230000000,212,,90024249,1782,230000000,1782,12
43409,1 - Lo opuesto,230000000,,,Workbook,230000000,212,,90043409,1783,230000000,1783,12
23483,2 - Vida sana,230000000,,,Workbook,230000000,212,,90023483,1784,230000000,1784,12
23493,6 - Los alimentos,230000000,,,Workbook,230000000,212,,90023493,1785,230000000,1785,12
48541,1 - Identificar,230000000,,audio.gif,Lab Manual,230000000,212,,90048541,1786,230000000,1786,12
28219,2 - Describir,230000000,,audio.gif,Lab Manual,230000000,212,,90028219,1787,230000000,1787,12
48534,3 - A entrenarse,230000000,,audio.gif,Lab Manual,230000000,212,,90048534,1788,230000000,1788,12
24578,<i>ch</i> and <i>p</i>,230200000,,,Lab Manual,230200000,212,,90024578,1789,230200000,1789,12
44692,1 - Práctica,230200000,,microphone.gif,Lab Manual,230200000,212,,90044692,1790,230200000,1790,12
44695,2 - Oraciones,230200000,,microphone.gif,Lab Manual,230200000,212,,90044695,1791,230200000,1791,12
44696,3 - Refranes,230200000,,microphone.gif,Lab Manual,230200000,212,,90044696,1792,230200000,1792,12
35225,4 - Dictado,230200000,,audio.gif,Lab Manual,230200000,212,,90035225,1793,230200000,1793,12
35143,Las letras <i>b</i> y <i>v</i>,230300000,,,Practice,230300000,212,,90035143,1794,230300000,1794,12
27008,<i>¡Qué buena excursión!</i>,230100000,,,Practice,230100000,212,,90027008,1795,230100000,1795,12
35141,Ahora dilo tú,230100000,,video.gif,Practice,230100000,212,,90035141,1796,230100000,1796,12
32589,1 - Una excursión,230100000,,,Video Manual,230100000,212,,90032589,1797,230100000,1797,12
24569,2 - ¿Quién?,230100000,,video.gif,Video Manual,230100000,212,,90024569,1798,230100000,1798,12
29773,3 - Un gimnasio en Madrid,230100000,,video.gif,Video Manual,230100000,212,,90029773,1799,230100000,1799,12
23460,4 - Resumen,230100000,,video.gif,Video Manual,230100000,212,,90023460,1800,230100000,1800,12
43536,5 - ¿Cierto o falso?,230100000,,,Video Manual,230100000,212,,90043536,1801,230100000,1801,12
23464,6 - Preguntas personales,230100000,,,Video Manual,230100000,212,,90023464,1802,230100000,1802,12
29138,7 - Describir,230100000,,,Video Manual,230100000,212,,90029138,1803,230100000,1803,12
43233,¿Cierto o falso?,230400000,392,textbook.gif,Practice,230400000,212,,90043233,1804,230400000,1804,12
43235,Seleccionar,230400000,,,Practice,230400000,212,,90043235,1805,230400000,1805,12
35152,Escoger,230400000,,,Practice,230400000,212,,90035152,1806,230400000,1806,12
43239,Conexión Internet,230400000,393,web.gif,Practice,230400000,212,,90043239,1807,230400000,1807,12
30728,¿Estrés? ¿Qué estrés?,230400000,,,Practice,230400000,212,,90030728,1808,230400000,1808,12
43242,¿Cierto o falso?,230400000,393,textbook.gif,Practice,230400000,212,,90043242,1809,230400000,1809,12
43361,Past participles used as adjectives,230601577,,,Tutorials,230601577,212,,90043361,1810,230601577,1810,12
43255,Completar,230601577,394,textbook.gif,Practice,230601577,212,,90043255,1811,230601577,1811,12
43260,Completar,230601577,,,Practice,230601577,212,,90043260,1812,230601577,1812,12
43263,Escribir,230601577,,,Practice,230601577,212,,90043263,1813,230601577,1813,12
43267,Escoger,230601577,,,Practice,230601577,212,,90043267,1814,230601577,1814,12
43421,1 - Oraciones,230601577,,,Workbook,230601577,212,,90043421,1815,230601577,1815,12
43423,2 - Las consecuencias,230601577,,,Workbook,230601577,212,,90043423,1816,230601577,1816,12
43431,4 - El misterio,230601577,,,Workbook,230601577,212,,90043431,1817,230601577,1817,12
48537,1 - Identificar,230601577,,audio.gif,Lab Manual,230601577,212,,90048537,1818,230601577,1818,12
44592,2 - Preguntas,230601577,,microphone.gif,Lab Manual,230601577,212,,90044592,1819,230601577,1819,12
48538,3 - ¿Cierto o Falso?,230601577,,audio.gif,Lab Manual,230601577,212,,90048538,1820,230601577,1820,12
43366,The present perfect,230601578,,,Tutorials,230601578,212,,90043366,1821,230601578,1821,12
43270,¡Manos a la obra!,230601578,397,textbook.gif,Practice,230601578,212,,90043270,1822,230601578,1822,12
43274,Completar,230601578,396,textbook.gif,Practice,230601578,212,,90043274,1823,230601578,1823,12
43278,Ordenar,230601578,,,Practice,230601578,212,,90043278,1824,230601578,1824,12
43280,Conversación,230601578,,,Practice,230601578,212,,90043280,1825,230601578,1825,12
43443,1 - ¿Qué han hecho?,230601578,,,Workbook,230601578,212,,90043443,1826,230601578,1826,12
43458,4 - Todavía no,230601578,,,Workbook,230601578,212,,90043458,1827,230601578,1827,12
48535,1 - Identificar,230601578,,audio.gif,Lab Manual,230601578,212,,90048535,1828,230601578,1828,12
44595,2 - Transformar,230601578,,microphone.gif,Lab Manual,230601578,212,,90044595,1829,230601578,1829,12
44597,3 - Preguntas,230601578,,microphone.gif,Lab Manual,230601578,212,,90044597,1830,230601578,1830,12
48540,4 - Consejos de una amiga,230601578,,audio.gif,Lab Manual,230601578,212,,90048540,1831,230601578,1831,12
43374,The past perfect,230601579,,,Tutorials,230601579,212,,90043374,1832,230601579,1832,12
43293,Seleccionar,230601579,,,Practice,230601579,212,,90043293,1833,230601579,1833,12
43298,Escoger,230601579,,,Practice,230601579,212,,90043298,1834,230601579,1834,12
43295,Oraciones,230601579,,,Practice,230601579,212,,90043295,1835,230601579,1835,12
43462,2 - Nunca antes,230601579,,,Workbook,230601579,212,,90043462,1836,230601579,1836,12
43465,3 - Ya había pasado,230601579,,,Workbook,230601579,212,,90043465,1837,230601579,1837,12
43468,4 - Tiger Woods,230601579,,,Workbook,230601579,212,,90043468,1838,230601579,1838,12
48536,1 - ¿Lógico o ilógico?,230601579,,audio.gif,Lab Manual,230601579,212,,90048536,1839,230601579,1839,12
44599,2 - Describir,230601579,,microphone.gif,Lab Manual,230601579,212,,90044599,1840,230601579,1840,12
48539,3 - Completar,230601579,,audio.gif,Lab Manual,230601579,212,,90048539,1841,230601579,1841,12
52413,<i>14</i> (de <i>Indicios pánicos</i>),230700000,,,Practice,230700000,212,,90052413,1842,230700000,1842,12
47203,Preguntas,230700000,405,textbook.gif,Practice,230700000,212,,90047203,1843,230700000,1843,12
54480,El bienestar,231000000,406,,Practice,231000000,212,,90054480,1844,231000000,1844,12
54474,El bienestar,231000000,406,,Lab Manual,231000000,212,,90054474,1845,231000000,1845,12
43538,2 - Completar,230500000,,,Video Manual,230500000,212,,90043538,1846,230500000,1846,12
46870,3 - ¡En español!,230500000,,,Video Manual,230500000,212,,90046870,1847,230500000,1847,12
53890,4 - Completar,230500000,,video.gif,Video Manual,230500000,212,,90053890,1848,230500000,1848,12
43580,7 - No hablo español,230500000,,,Video Manual,230500000,212,,90043580,1849,230500000,1849,12
20980,Tutorial 1,231100000,,,Tutorials,231100000,213,,90020980,1850,231100000,1850,12
20981,Tutorial 2,231100000,,,Tutorials,231100000,213,,90020981,1851,231100000,1851,12
20982,Tutorial 3,231100000,,,Tutorials,231100000,213,,90020982,1852,231100000,1852,12
55382,Practica el vocabulario,231100000,,audio.gif,Tutorials,231100000,213,,90055382,1853,231100000,1853,12
13735,Crucigrama,231100000,,,Tutorials,231100000,213,,90013735,1854,231100000,1854,12
55385,Arrastrar,231100000,,,Tutorials,231100000,213,,90055385,1855,231100000,1855,12
43532,¿Lógico o ilógico?,231100000,410,textbook_audio.gif,Practice,231100000,213,,90043532,1856,231100000,1856,12
43534,Escuchar,231100000,410,textbook_audio.gif,Practice,231100000,213,,90043534,1857,231100000,1857,12
43551,Completar,231100000,411,textbook.gif,Practice,231100000,213,,90043551,1858,231100000,1858,12
43553,Asociaciones,231100000,,,Practice,231100000,213,,90043553,1859,231100000,1859,12
43558,Palabra correcta,231100000,,,Practice,231100000,213,,90043558,1860,231100000,1860,12
27253,Más práctica,231100000,,,Practice,231100000,213,,90027253,1861,231100000,1861,12
43695,1 - El anuncio,231100000,,,Workbook,231100000,213,,90043695,1862,231100000,1862,12
25481,3 - Una es diferente,231100000,,,Workbook,231100000,213,,90025481,1863,231100000,1863,12
29371,4 - Las ocupaciones,231100000,,,Workbook,231100000,213,,90029371,1864,231100000,1864,12
48550,1 - Identificar,231100000,,audio.gif,Lab Manual,231100000,213,,90048550,1865,231100000,1865,12
28123,2 - Anuncios clasificados,231100000,,audio.gif,Lab Manual,231100000,213,,90028123,1866,231100000,1866,12
48551,3 - Publicidad,231100000,,audio.gif,Lab Manual,231100000,213,,90048551,1867,231100000,1867,12
30075,Intonation,231300000,,,Lab Manual,231300000,213,,90030075,1868,231300000,1868,12
44699,1 - Práctica,231300000,,microphone.gif,Lab Manual,231300000,213,,90044699,1869,231300000,1869,12
50408,2 - Oraciones,231300000,,microphone.gif,Lab Manual,231300000,213,,90050408,1870,231300000,1870,12
30154,3 - Dictado,231300000,,audio.gif,Lab Manual,231300000,213,,90030154,1871,231300000,1871,12
34233,"Las letras <b><i>y</i></b>, <b><i>ll</i></b> y <b><i>h</i></b>",231400000,,,Practice,231400000,213,,90034233,1872,231400000,1872,12
35557,Práctica,231400000,413,textbook.gif,Practice,231400000,213,,90035557,1873,231400000,1873,12
43567,Adivinanza,231400000,413,textbook.gif,Practice,231400000,213,,90043567,1874,231400000,1874,12
46759,Memorias del viaje,231200000,,,Practice,231200000,213,,90046759,1875,231200000,1875,12
43575,Preguntas,231200000,415,textbook.gif,Practice,231200000,213,,90043575,1876,231200000,1876,12
43582,¿Quién lo dijo?,231200000,,,Practice,231200000,213,,90043582,1877,231200000,1877,12
43587,¿Cierto o falso?,231500000,416,textbook.gif,Practice,231500000,213,,90043587,1878,231500000,1878,12
43589,Completar,231500000,,,Practice,231500000,213,,90043589,1879,231500000,1879,12
43839,Paseador de perros: ¿un oficio con futuro?,231500000,,,Practice,231500000,213,,90043839,1880,231500000,1880,12
35677,¿Cierto o falso?,231500000,,,Practice,231500000,213,,90035677,1881,231500000,1881,12
43593,Conexión Internet,231500000,417,web.gif,Practice,231500000,213,,90043593,1882,231500000,1882,12
30729,El mundo del trabajo,231500000,,,Practice,231500000,213,,90030729,1883,231500000,1883,12
43595,Escoger,231500000,417,textbook.gif,Practice,231500000,213,,90043595,1884,231500000,1884,12
43600,¿Cierto o falso?,231500000,,,Practice,231500000,213,,90043600,1885,231500000,1885,12
28415,The future,231701580,,,Tutorials,231701580,213,,90028415,1886,231701580,1886,12
13732,Emparejar,231701580,,,Tutorials,231701580,213,,90013732,1887,231701580,1887,12
43601,¡Manos a la obra!,231701580,419,textbook.gif,Practice,231701580,213,,90043601,1888,231701580,1888,12
35682,Completar,231701580,,,Practice,231701580,213,,90035682,1889,231701580,1889,12
43615,Horóscopo,231701580,,,Practice,231701580,213,,90043615,1890,231701580,1890,12
29803,2 - A los 30 años,231701580,,,Workbook,231701580,213,,90029803,1891,231701580,1891,12
43704,3 - Será así,231701580,,,Workbook,231701580,213,,90043704,1892,231701580,1892,12
29806,4 - Fin de semana entre amigos,231701580,,,Workbook,231701580,213,,90029806,1893,231701580,1893,12
48547,1 - Identificar,231701580,,audio.gif,Lab Manual,231701580,213,,90048547,1894,231701580,1894,12
50409,2 - Cambiar,231701580,,microphone.gif,Lab Manual,231701580,213,,90050409,1895,231701580,1895,12
44712,3 - Preguntas,231701580,,microphone.gif,Lab Manual,231701580,213,,90044712,1896,231701580,1896,12
43528,The conditional,231701581,,,Tutorials,231701581,213,,90043528,1897,231701581,1897,12
43620,¡Manos a la obra!,231701581,421,textbook.gif,Practice,231701581,213,,90043620,1898,231701581,1898,12
43624,Completar,231701581,,,Practice,231701581,213,,90043624,1899,231701581,1899,12
43626,Escribir,231701581,,,Practice,231701581,213,,90043626,1900,231701581,1900,12
43627,Me gustaría otro trabajo,231701581,,,Practice,231701581,213,,90043627,1901,231701581,1901,12
43714,1 - ¿Lo haría?,231701581,,,Workbook,231701581,213,,90043714,1902,231701581,1902,12
43715,4 - ¿Sería así?,231701581,,,Workbook,231701581,213,,90043715,1903,231701581,1903,12
48548,1 - Identificar,231701581,,audio.gif,Lab Manual,231701581,213,,90048548,1904,231701581,1904,12
50410,2 - Cambiar,231701581,,microphone.gif,Lab Manual,231701581,213,,90050410,1905,231701581,1905,12
44715,3 - Entrevista,231701581,,microphone.gif,Lab Manual,231701581,213,,90044715,1906,231701581,1906,12
48549,4 - La conferencia de negocios,231701581,,audio.gif,Lab Manual,231701581,213,,90048549,1907,231701581,1907,12
28419,The past subjunctive,231701582,,,Tutorials,231701582,213,,90028419,1908,231701582,1908,12
43531,Crucigrama,231701582,,,Tutorials,231701582,213,,90043531,1909,231701582,1909,12
43628,¡Manos a la obra!,231701582,423,textbook.gif,Practice,231701582,213,,90043628,1910,231701582,1910,12
43635,Escoger,231701582,,,Practice,231701582,213,,90043635,1911,231701582,1911,12
43718,1 - Si pudiera,231701582,,,Workbook,231701582,213,,90043718,1912,231701582,1912,12
43719,2 - Sería más feliz,231701582,,,Workbook,231701582,213,,90043719,1913,231701582,1913,12
43720,3 - Lo contrario,231701582,,,Workbook,231701582,213,,90043720,1914,231701582,1914,12
43721,4 - El trabajo,231701582,,,Workbook,231701582,213,,90043721,1915,231701582,1915,12
28155,1 - Identificar,231701582,,audio.gif,Lab Manual,231701582,213,,90028155,1916,231701582,1916,12
50411,2 - Cambiar,231701582,,microphone.gif,Lab Manual,231701582,213,,90050411,1917,231701582,1917,12
44718,3 - Completar,231701582,,microphone.gif,Lab Manual,231701582,213,,90044718,1918,231701582,1918,12
52423,<i>Imaginación y destino</i>,231800000,,,Practice,231800000,213,,90052423,1919,231800000,1919,12
43681,¿Comprendiste?,231800000,429,textbook.gif,Practice,231800000,213,,90043681,1920,231800000,1920,12
43683,Preguntas,231800000,429,textbook.gif,Practice,231800000,213,,90043683,1921,231800000,1921,12
53195,"Carlos Slim, el hombre más rico del mundo",231800000,,,Practice,231800000,213,,90053195,1922,231800000,1922,12
50572,¿Cierto o falso?,231800000,,,Practice,231800000,213,,90050572,1923,231800000,1923,12
43684,<i>El Festival de San Fermín</i>,231901643,,,Practice,231901643,213,,90043684,1924,231901643,1924,12
43727,1 - El mapa de España,231901643,,,Workbook,231901643,213,,90043727,1925,231901643,1925,12
31963,3 - Ordenar,231901643,,video.gif,Video Manual,231901643,213,,90031963,1926,231901643,1926,12
10906,1 - Más vocabulario,231901643,,,Video Manual,231901643,213,,90010906,1927,231901643,1927,12
11795,2 - Festivales,231901643,,,Video Manual,231901643,213,,90011795,1928,231901643,1928,12
12394,4 - Fotos,231901643,,,Video Manual,231901643,213,,90012394,1929,231901643,1929,12
32837,5 - El festival de San Fermín,231901643,,,Video Manual,231901643,213,,90032837,1930,231901643,1930,12
45543,2 - Emparejar,231600000,,,Video Manual,231600000,213,,90045543,1931,231600000,1931,12
46873,3 - ¡En español!,231600000,,,Video Manual,231600000,213,,90046873,1932,231600000,1932,12
45650,4 - Marcar,231600000,,video.gif,Video Manual,231600000,213,,90045650,1933,231600000,1933,12
46874,5 - Impresiones,231600000,,video.gif,Video Manual,231600000,213,,90046874,1934,231600000,1934,12
60000,¡Manos a la obra!,215201523,,,Practice,215201523,198,91,90060000,1935,215201523,1935,12
60001,La pelota,215201523,,,Practice,215201523,198,92,90060001,1936,215201523,1936,12
60002,El día del partido,215201523,,,Practice,215201523,198,93,90060002,1937,215201523,1937,12
60003,Completar,215201523,,,Practice,215201523,198,94,90060003,198,215201523,1938,12
1000161,2 - Ai miei tempi...,215201523,,microphone.gif,Lab Manual,214800000,198,161,90000585,2000,215201523,1939,12
1000204,Prova orale,215201523,,microphone.gif,Lab Manual,214800000,198,204,90001302,2000,215201523,1940,12
