id,direction_line_text
951,"<span lang=""en-US"">Choose the word or phrase in each group that doesn't belong.</span>"
2008,"<span lang=""en-US"">Click on the verb form that goes with each subject.</span>"
2010,"<span lang=""en-US"">Click on the form of </span><b>estar</b> <span lang=""en-US"">that agrees with each subject pronoun.</span>"
3141,
3452,"<span lang=""en-US"">Click on the verb form that agrees with each subject pronoun.</span>"
3456,"<span lang=""en-US"">Click on the appropriate possessive pronoun. Use the subject of each sentence as a guide.</span>"
3872,
3900,"<span lang=""en-US"">Match the appropriate article to each noun.</span>"
3905,"<span lang=""en-US"">Select the appropriate form of <b>ser</b> from the drop-down menus to complete the paragraph.</span>"
4053,"<span lang=""en-US"">Choose the form of <b>ser</b> that agrees with each subject pronoun. </span>"
4183,"<span lang=""en-US"">Complete each sentence with the appropriate verb from the word bank.</span>"
4185,"<span lang=""en-US"">Choose the form of</span> <b>tener</b> <span lang=""en-US"">or</span> <b>venir</b> <span lang=""en-US"">that agrees with each subject pronoun.</span>"
7880,
7881,
7882,
7885,
8510,
8511,
8524,"<span lang=""en-US"">Complete each sentence with the appropriate form of</span> <b>ir</b>."
8646,Select the correct category for these words.
8670,"For each drawing, you will hear two statements. Choose the one that corresponds to the drawing."
9262,"<span lang=""en-US"">Play a video clip. Then record yourself repeating what Sra. Ramos says. Compare your pronunciation with hers.</span>"
9299,"<span lang=""en-US"">Play a video clip. Then record yourself repeating what you heard. Compare your pronunciation with the speaker's.</span>"
9317,Play the video clip. Then record yourself repeating what you heard.  Compare your pronunciation with the speaker's.
9928,"<span lang=""en-US"">You will hear some questions and the responses. Decide if they are</span> <b>lógico</b> (<span lang=""en-US""><i>logical</i></span>) <span lang=""en-US"">or</span> <b>ilógico</b> (<span lang=""en-US""><i>illogical</i></span>)."
10367,"<span lang=""en-US"">Listen to the following description and write the missing words. </span>"
10373,"<span lang=""en-US"">Click on the term that doesn't belong in each group.</span>"
10389,Complete each phrase by selecting the correct word from the drop-down menu.
10450,"<span lang=""en-US"">Put the dialogues in logical order.</span>"
10622,"<span lang=""en-US"">Put the class schedule in chronological order.</span>"
10781,
10817,"<span lang=""en-US"">Click on the family term that does not belong to the group.</span>"
10906,Look over these useful words before you watch the video.
10972,"<span lang=""en-US"">Complete the sentences with the appropriate adjectives of nationality.</span>"
11040,"Complete each sentence with the correct word from the list below, according to the <b>¿Es grande tu familia?</b> segment of this video module."
11402,"<span lang=""en_US"">Listen to each question and choose the most logical response.</span>"
11497,
11507,"<span lang=""en-US""></span>"
11547,
11677,Choose the correct definite article for each noun.
11678,Choose the correct definite article for each noun.
11712,"<span lang=""en-US"">Use the calendar to answer these questions.</span>"
11718,"<span lang=""en-US"">Complete these sentences using the correct form of the verb in parentheses.</span>"
11731,"<span lang=""en-US"">Use these cues and the correct form of</span> <b>estar</b> <span lang=""en-US"">to write complete sentences. Add any missing words.</span>"
11764,Listen to each question and choose the most logical response.
11795,"In this video, you are going to learn about a Spanish festival. List the things you would probably do and see at a festival."
11803,Look at the clock and listen to the statement. Indicate whether the statement is <b>cierto</b> or <b>falso</b>.
11812,Complete each sentence with the correct forms of the adjectives in parentheses.
11821,Indicate whether each statement is <b>cierto</b> or <b>falso</b>.
11824,"<span lang=""en-US"">Answer each question affirmatively using the correct possessive adjective.</span>"
11825,"<span lang=""en-US"">Type the appropriate forms of the possessive adjectives indicated in parentheses.</span>"
11832,
11836,"<span lang=""en-US"">Add a prepositional phrase to clarify to whom each <span style=""white-space: nowrap;"">item or items</span> belong. Follow the model. </span> "
11838,"<span lang=""en-US"">Write sentences using possessive adjectives to indicate who owns these items.</span>"
11839,"<span lang=""en-US"">Inés is talking about her family. Complete her description with the correct possessive adjectives.</span>"
11844,"<span lang=""en-US"">Choose the most logical verb to complete each sentence, using the correct form.</span>"
11849,"<span lang=""en-US"">Complete these sentences with the correct forms of</span> <b>tener</b> <span lang=""en-US"">and</span> <b>venir</b>."
11857,Look over these useful words and expressions before you watch the video.
11858,"In this video, you are going to learn about some famous Dominican baseball players. In preparation, answer these questions about sports."
11902,Listen to each question and choose the most logical response.
11906,"<span lang=""en-US"">Listen to each statement and choose the possessive adjective you hear.</span>"
11911,Listen to each statement and choose the number of the statement corresponding to the drawing it describes.
11930,Answer these questions about your family.
11960,"<span lang=""en-US"">Write a brief paragraph that tells who you are, where you are from, where you study (city and name of university), and what classes you are taking this semester.</span>"
11980,Write questions that ask how many items there are. Then write the answers. Write out the numbers.
12006,Watch the <b>Resumen</b> segment of this video module and indicate which country each traveler is from.
12008,Find the name of the person who said each thing.
12011,Answer the questions in Spanish. Use complete sentences.
12012,"This video talks about the Hispanic community in Montreal. In preparation for watching the video, answer the following questions about your family’s background."
12015,Indicate whether these statements are <b>cierto</b> or <b>falso</b>. 
12020,"<span lang=""en_US"">Listen as Silvia reads her shopping list. Write the missing words.</span>"
12024,"<span lang=""en_US"">You will hear a series of math problems. Write the missing numbers and solve the problems.</span>"
12030,Listen to each sentence and select the subject of the verb.
12064,
12092,"Complete these phrases with the missing words.<br />Then decide if the phrases are <b><span lang=""es"">Saludos</span></b>, <b><span lang=""es"">Despedidas</span></b>, or <b><span lang=""es"">Presentaciones</span></b>."
12103,"<span lang=""en-US"">Listen to the following description and write the missing words.</span>"
12312,Choose the answer that best completes each sentence.
12394,Describe the video stills.
12397,Imagine that you are in Ecuador studying Spanish. Write down how your conversation with your Spanish professor would be the first day you get to the university.
12401,"<span lang=""en-US"">Watch Álex's flashback about the</span> <b>Universidad Nacional Autónoma de México</b>. <span lang=""en-US"">Select <b>sí</b> for all the people, actions, items, and places shown in this flashback. Select <b>no</b> for the ones not shown.</span>"
12456,Answer these questions in Spanish.
12472,Look at the department store directory. Then choose on which floor you would find the items listed.
12580,"A group of tourists is shopping at an open-air market. Listen to what they say, and indicate the demonstrative adjective you hear."
12642,Indicate whether each statement is <b>cierto</b> or <b>falso</b>.
12701,
12707,Choose the answer that best completes each sentence.
12718,
12719,
12720,
12721,
12722,
12723,
12724,
12725,
12726,
12766,Watch the <b>¿Qué clases tomas?</b> video segment and indicate who asks these questions and to whom each question is directed. One question is directed to two different people.
12782,Complete these sentences with the correct form of <b>estar</b> + the present participle of the verbs in parentheses.
12784,Complete these sentences with <b>ser</b> and <b>estar</b>. Then write the letter that corresponds to the correct use of the verb in the blank at the end of each sentence.
12791,Write the appropriate month next to each description or event.
12826,You will hear some questions and the responses. Decide if they are <b>lógico</b> or <b>ilógico</b>.
12830,Listen to each sentence and indicate whether the verb is a form of <b>ser</b> or <b>ir</b>.
12838,Listen to each question and choose the most logical response.
12877,"In Spanish, answer these questions about the video module."
12881,Answer these questions in Spanish.
12883,"In Spanish, describe your morning routine when you are on vacation."
12951,Complete the paragraph with the correct forms of the verbs in parentheses.
12999,Use the clues to complete the crossword puzzle.
13002,
13005,"<span lang=""en-US"">Flip the cards to match adjectives that have opposite meanings.</span>"
13007,Drag each sentence to the drawing it describes.
13013,"Drag each day of the week to its place on the calendar.  Remember, the week starts on Monday in the Spanish-speaking world."
13015,
13017,Flip the cards to match each question with its answer.
13019,Flip the cards to match the numbers.
13025,Complete the crossword puzzle with the correct Spanish words following the clues. Do not include articles.
13030,
13032,Flip the cards to match each article/noun combination with the appropriate picture.
13034,Drag each number word to the appropriate drawing.
13036,Flip the cards to match each clock with the correct time.
13231,
13479,You will hear four sentences. Each will be said twice. Listen carefully and write what you hear.
13497,You will hear four sentences. Each will be said twice. Listen carefully and write what you hear.
13530,Watch Don Francisco’s flashback about Ecuadorian hotels and then select the sentence that best sums it up.
13531,Watch the <b>Tenemos una reservación</b> segment of this video module and write the name of the person who says each expression.
13532,Watch the <b>Resumen</b> segment of this video module and fill in the missing words in each sentence.
13580,Watch the <b>¡Qué ropa más bonita!</b> segment of this video module and indicate the order in which you heard these lines.
13581,Indicate whether or not you see these things during Javier’s flashback about shopping in San Juan.
13583,Watch the <b>¡Jamás me levanto temprano!</b> segment of this video module and indicate whether each activity is part of the daily routine of Álex or Javier.
13671,"<span lang=""en-US"">Drag each sentence to the drawing it describes.</span>"
13672,"<span lang=""en-US"">Flip the cards to match each activity with the sentence that describes it.</span>"
13673,"<span lang=""en-US"">Drag a sentence with</span> <b>estar</b> <span lang=""en-US"">or</span> <b>ser</b> <span lang=""en-US"">to the person(s) in the drawing that it describes.</span>"
13674,Flip the cards to match each sentence with the sentence that uses the corresponding direct object pronoun.
13675,Use the clues to complete the crossword puzzle.
13678,
13681,Use the clues to complete the crossword puzzle.
13682,"<span lang=""en-US"">Flip the cards to match each color word with the t-shirt of that color.</span>"
13684,
13685,"Da la vuelta a (<span lang=""en-US""><i>flip</i></span>) las cartas para emparejar las palabras indefinidas (<span lang=""en-US""><i>indefinite words</i></span>) y sus formas negativas correspondientes."
13686,"Da la vuelta a (<span lang=""en-US""><i>flip</i></span>) las cartas para emparejar las frases con los dibujos correspondientes."
13687,Usa las pistas <i>(clues)</i> para completar el crucigrama.
13688,"Dales la vuelta a (<span lang=""en-US""><i>flip</i></span>) las cartas para emparejar (<span lang=""en-US""><i>match</i></span>) cada frase con el dibujo correspondiente."
13691,
13692,"Da la vuelta <i>(flip)</i> a <span lang=""en-US""></span> las cartas para emparejar <span lang=""en-US""><i>(match)</i></span> las frases con <b>sustantivos</b> <i>(nouns)</i> de objeto directo con las frases correspondientes con <b>pronombres</b> de objeto directo."
13694,Usa las pistas <i>(clues)</i> para completar el crucigrama.
13698,
13701,Usa las pistas <i>(clues)</i> para completar el crucigrama.
13704,
13707,Usa las pistas <i>(clues)</i> para completar el crucigrama.
13710,"Empareja las formas átonas <span lang=""en-US""><i>(unstressed)</i></span> de los adjetivos posesivos y los pronombres posesivos correspondientes."
13711,Usa las pistas <i>(clues)</i> para completar el crucigrama.
13715,Usa las pistas <i>(clues)</i> para completar el crucigrama.
13719,Usa las pistas para completar el crucigrama.
13722,Empareja cada oración con la frase subordinada que la completa.
13723,Usa las pistas para completar el crucigrama.
13724,Empareja cada tienda con el producto que se vende en ella.
13729,Usa las pistas para completar el crucigrama.
13732,Empareja cada frase con el dibujo correspondiente.
13735,Usa las pistas para completar el crucigrama.
13743,"<span lang=""en-US"">Play the video clip. Then record yourself repeating what you heard.  Compare your pronunciation with the speaker's.</span>"
13747,"<span lang=""en-US"">Click on the present progressive verb form that agrees with each subject pronoun.</span>"
13749,Complete each item by typing in the appropriate direct object pronoun.
13753,"<span lang=""en-US"">Select the season that applies to each list of months.</span>"
13758,
13792,
13979,
13984,
14181,Choose the best phrase to complete each sentence.
14226,
14227,
14228,
14423,Choose the item that does not belong in each group.
14478,"Answer these questions about your daily routine, using verbs like <b>gustar</b> in complete sentences."
14486,Listen to this interview. Then indicate whether each statement is <b>cierto</b> or <b>falso</b>.
14499,Watch Álex's flashback about his daily routine and indicate in what order he does the following things.
15735,"<span lang=""en-US"">Identify the character who made the statement or asked the question.</span>"
15857,"<span lang=""en-US"">Choose the word in each group that doesn't belong.</span>"
15860,
15890,
15932,"<span lang=""en-US"">Play a video clip.  Then record yourself repeating what Inés says.  Compare your pronunciation with hers.</span>"
17032,Complete the paragraph with the preterite of the verbs in the word bank.
17123,Watch Javier’s flashback about medical facilities in Puerto Rico and indicate whether or not you see these things.
17127,Choose the word or words that best complete(s) each sentence in the spaces provided.
17129,Answer the following questions in Spanish.
17199,Complete the sentences by changing the adjectives in the first sentences into adverbs in the second.
17203,Complete the sentences with the adverbs or adverbial phrases that correspond to the words in parentheses.
17657,Answer the questions. Follow the model.
17659,Complete the sentences with possessive adjectives.
17661,"Replace the question with one using <b>de</b> to clarify the possession. Then answer the question affirmatively, using a possessive pronoun."
17738,You will hear some sentences with a beep in place of a word. Decide if <b>pero</b> or <b>sino</b> should complete each sentence.
17741,Answer these questions in Spanish.
18160,Listen to the telephone conversation between Antonio and Sonia and then select the best response for the questions.
18166,Listen to each statement and select the possessive pronoun you hear.
18168,You will hear two brief conversations. Listen carefully and then indicate whether the statements below are <b>cierto</b> or <b>falso</b>.
18202,Listen as José talks about some news he recently received. Then read the statements and decide whether they are <b>cierto</b> or <b>falso</b>.
18206,Listen to each sentence and choose the correct subject of the verb.
18263,Listen to each statement and select the word or phrase that best completes it.
18273,
18277,
18304,Choose <b>sí</b> for the items that you see while watching the video and <b>no</b> for the ones you don't see.
18710,Watch the <b>Resumen</b> segment of this video module. Then select the name of the person who said each line.
18714,Answer these questions in Spanish.
18717,Watch Maite’s flashback about restaurants in Madrid and choose the sentence that best summarizes the flashback.
18718,Watch the <b>Resumen</b> segment of this video module and fill in the missing words in these sentences.
19433,Write down the correct terms in the blanks.
19524,Indicate whether each statement is <b>cierto</b> or <b>falso</b>.
20051,
20266,Create sentences from the elements provided. Use the preterite form of the verbs.
20341,
20387,
20443,"In this video you are going to learn about an open-air market that takes place in Guatemala. In Spanish, describe one open-air market that you know."
20447,Complete the sentences with words from the word bank.
20450,Write four sentences comparing the cities of Antigua and Chichicastenango.
20515,
20520,
20577,
20585,Completa las oraciones con los adverbios adecuados.
20593,
20598,
20628,Label the stages of life on the timeline.
20658,Complete these sentences with the correct tense of <b>haber</b>.
20947,
20948
20949
20950
20951
20952
20953
20954
20955
20956
20957
20958
20959
20960
20961
20962
20963
20964
20965
20966
20967
20968
20969
20970
20971
20972
20973
20974
20975
20976
20977
20978
20979
20980,
20981,
20982,
21045,Watch Álex’s flashback about his sister’s <b>quinceañera</b>. Decide whether the following actions occurred in the flashback by answering <b>sí</b> or <b>no</b>.
21123,You will hear five sentences. Each will be said twice. Listen carefully and write what you hear.
21138,Watch the <b>¡Uf! ¡Qué dolor!</b> segment of this video module and indicate who said each expression.
21155,"Write sentences in the preterite, using the elements provided and <b>por</b> or <b>para</b>."
21160,Write the possessive adjectives in the blanks as indicated.
21193,
21205,
21334,You will hear a couple ordering a meal in a restaurant. Write the items they order in the appropriate categories.
22637,Listen to this conversation and answer the questions below.
22642,Watch the <b>¡Les va a encantar la casa!</b> segment of this video module and  indicate whether each statement is <b>cierto</b> or <b>falso</b>.
22790,"Watch the <b>Resumen</b> segment of this video module. Then indicate who made each statement, and complete the statements with the correct words."
22886,You will hear a paragraph. Listen carefully and write what you hear during the pauses. The entire paragraph will then be repeated so that you can check your work.
22928,Write a summary of today’s events from Maite’s point of view.
22986,Complete the paragraph with the subjunctive of the verbs in parentheses.
23460,Watch the <b>Resumen</b> segment of this video module. Then number the following events from one to five according to the order in which they occurred in the <b>Resumen</b>.
23464,Answer the following questions in Spanish.
23470,Describe the video still. Write at least three sentences in Spanish.
23483,Complete the sentences with the correct terms.
23493,"Write whether these food categories are rich in <b>vitaminas</b>, <b>minerales</b>, <b>proteínas</b>, or <b>grasas</b>."
23607,Completa cada oración con la forma correcta del verbo entre paréntesis.
23609,Completa el diálogo con palabras de la lista.
24232,
24237,
24243,
24249,
24529,Watch the <b>Estamos perdidos</b> segment and complete the following sentences.
24549,"Imagine that you are one of the characters you saw in this video episode. Write a paragraph from that person’s point of view, summarizing what happened in this episode."
24550,Look over these useful words before you watch the video.
24552,Answer the questions in Spanish. Use complete sentences.
24558,Look over these useful words before you watch the video.
24559,Select the item that corresponds to each description.
24569,Watch the <b>¡Qué buena excursión!</b> segment of this video module and indicate who said the following things.
24572,
24574,
24578,
24865,"Write the names of the video characters who expressed the following opinions, either verbally or through body language."
24881,Watch the <b>Resumen</b> segment of this video module and indicate who says the following lines.
24885,Look over these useful words and expressions before you watch the video.
24889,Victoria is talking to her friend Mirta on the phone. Listen carefully and during the pauses write what she says. The entire passage will then be repeated so that you can check your work.
24902,All of the following statements about this video episode are false. Rewrite them so that they will be correct.
24903,"In Spanish, list the three events from this video episode that you consider to be the most important, and explain your choices."
24904,Answer these questions in Spanish.
24905,"Watch the <b>¡Feliz cumpleaños, Maite! </b> segment of this video module and put the following events in the correct order."
25142,Transforma los adjetivos en adverbios.
25144,Reordena las letras para formar seis adverbios.
25169,"Answer the questions using the adverbs and adverbial phrases that you learned in this lesson. Do not repeat the adverb or adverbial phrase of the question. Then, say how long ago you last did each activity."
25179,Describe the video still. Write at least three sentences in Spanish.
25188,Form a new sentence by changing the adjective below to an adverb. Repeat the correct answer after the speaker.
25189,"Answer each question you hear in the negative, using the cue below. Repeat the correct response after the speaker."
25190,You will hear four brief conversations. Choose the phrase that best completes each sentence.
25201,"Imagine that Maite is writing a short letter to a friend about today’s events. In Spanish, write what you think Maite would say in her letter."
25207,"Restate each sentence you hear, using the cues below. Repeat the correct answer after the speaker."
25464,"This video talks about two musical genres famous in the Dominican Republic. In preparation for watching the video, answer these questions."
25469,The underlined elements in the sentences are incorrect. Write the correct words in the spaces provided.
25471,Select the item that corresponds to each description.
25473,Select the sentence that best summarizes what you saw in this video.
25475,Answer the questions in Spanish. Use complete sentences.
25481,Write down the words that don’t belong in the groups.
25529,Indicate whether each statement is <b>cierto</b> or <b>falso</b>.
25530,Complete the sentences with words from the word bank.
25744,Indicate with <b>sí</b> or <b>no</b> the cognates you hear while watching the video.
26101,
26346,"Listen to each sentence. If you hear a verb in the subjunctive, select <b>Sí</b>. If you don’t hear the subjunctive, select <b>No</b>."
26372,
26375,
26377,
26537,You will hear five sentences. Each will be said twice. Listen carefully and write what you hear.
26555,Listen to this conversation. Then read the statements below and decide whether they are <b>cierto</b> or <b>falso</b>.
26574,"Listen to each sentence and indicate whether the subordinate clause expresses a future action, a habitual action, or a past action."
26585,
26588,Completa las oraciones con la forma apropiada de los verbos del banco de palabras.
26598,Write down the most likely form of payment for each item.
26731,
26735,
26736,
26817,
27008,
27253,
28073,Number the items in the order in which they appear in the video.
28123,Look at the ads and listen to each statement. Then decide if the statement is <b>cierto</b> or <b>falso</b>.
28155,Listen to the following verbs. Choose <b>sí</b> if the verb is in the past subjunctive and <b>no</b> if it is in another tense.
28188,Escribe las frases de nuevo (<i>again</i>) haciendo las correcciones necesarias.
28189,Completa las actividades para practicar las mayúsculas y minúsculas.
28208,Escribe el párrafo con los signos de puntuación necesarios.
28209,Escribe el diálogo usando signos de puntuación para darle significado (<i>meaning</i>).
28219,"For each drawing, you will hear a brief description. Indicate whether it is <b>cierto</b> or <b>falso</b> according to what you see."
28415,
28419,
28446,
28555,Watch Javier’s flashback about Puerto Rico’s countryside and select <b>sí</b> or <b>no</b> to indicate whether you see the items listed.
28702,Listen to the park ranger’s instructions. Then number the drawings in the correct order.
28895,
28896,
28897
28898
28899
28900
28901
28902
28903
28904
28905
28906
28907
28908
28909
28910
28912
28913
28914
28918
28919
28920
28921
28922
28923
28924
28925
28926
28927
28928
28931
28932
28934
28936
28938,
28942,
28943,
28944,
28945,
28946,
29129,Watch the <b>¡Todos a bordo!</b> segment of this video module and complete the gaps in the following sentences.
29136,"Write a short paragraph describing some of the errands you ran last week. What did the errands involve, and what places in your community did you visit while running your errands?"
29138,Write a description of your personal fitness routine. You may write about an imaginary fitness routine if you wish.
29235,
29237,
29239,
29292,Escoge la opción correcta para completar cada oración.
29371,Write the profession of the person who would make each statement.
29475,Complete the sentences with the present subjuntive of the verbs in parentheses.
29477,Write sentences using the elements provided and the present subjunctive. Replace the indirect objects with indirect object pronouns.
29499,Indicate whether each statement about this video episode is <b>cierto</b> or <b>falso</b>.
29501,Answer these questions in Spanish.
29576,Watch the <b>¡Qué paisaje más hermoso!</b> segment and choose <b>sí</b> or <b>no</b> to indicate whether each opinion was expressed in this video segment.
29579,Listen to each sentence and choose <b>indicative</b> or <b>subjunctive</b> to indicate the mood of the verb you hear in the subordinate clause. 
29641,Listen to Carlos and Victoria’s conversation and answer the questions with complete sentences.
29773,Watch Maite’s flashback about her gym in Madrid and choose <b>sí</b> or <b>no</b> to indicate whether you see the people or things mentioned.
29803,Some friends in their late teens are talking about what they think they will be doing when they turn 30 years old. Complete the conversation with the correct form of the verbs in parentheses.
29806,"Rosa, one of your friends, is telling you about some of the activities she has planned for this weekend. Write complete sentences to describe each image. Then keep using the future tense to write two activities that you would do this weekend."
29854,
29855,
29856,
29910,Choose <b>sí</b> or <b>no</b> to indicate whether you see these pastimes while watching the video.
29940,
29942,
30075,
30147,Completa las oraciones con palabras de la lista.
30154,You will hear a phone conversation. Listen carefully and write what you hear during the pauses. The entire conversation will then be repeated so that you can check your work.
30688,
30715,
30716,
30717,
30718,
30719,
30720,
30721,
30722,
30723,
30724,
30726,
30728,
30729,
30911,"For each picture, provide the noun with a corresponding definite or indefinite article."
31249,What does Randy do in this episode? Order the activities chronologically.
31251,Indicate which of the following items you see in this episode.
31255,Indicate which of the following items you see in this episode.
31271,
31272,
31963,Number the items in the order in which they appear in the video.
31964,"<span lang=""en-US"">Look at the drawing and listen to each statement. Indicate whether the statement is </span> <b>cierto</b> <span lang=""en-US"">or </span> <b>falso</b>."
31972,Answer the questions based on the pictures. Write complete sentences.
32017,Give the time shown on each clock using complete sentences. Follow the model.
32121,"<span lang=""en-US"">Look over these useful words and expressions before you watch the video.</span>"
32437,Look over these useful words before you watch the video.
32574,"In this video segment, Álex, Javier, Maite, and Inés are meeting for the first time as they prepare to leave for a hiking trip. Look at the video still and write what you think Álex and Javier are saying to each other. Be sure to write your description in Spanish."
32577,"Based on the title <b>¿Es grande tu familia?</b> and the video still below, what do you think you will see in this episode? Be sure to write in Spanish and use your imagination."
32579,"Don Francisco and the travelers have just arrived at the <b>cabañas</b>. Based on the video still, what do you think they are doing right now? What do you think they will do next? Be sure to write in Spanish."
32580,Look at the video still and describe what you see. Your description should answer these questions: Where is Javier? Who is Javier talking to? What is the purpose of their conversation? Be sure to write in Spanish.
32582,What kinds of things do you do and say when you have lunch at a restaurant? Be sure to write in Spanish.
32583,"In this video episode, Señora Perales and Don Francisco surprise Maite with a birthday party. Based on this information, what kinds of things do you expect to see in this episode? Be sure to write in Spanish."
32584,Look at the video still. Where do you think Javier and Don Francisco are? What is happening in this scene? Be sure to write in Spanish.
32585,"Look at the video still. Where do you think Inés and don Francisco are? What do you think they are doing, and why? Be sure to write in Spanish."
32586,"In this lesson, the students arrive at the house in Ibarra near the area where they will go on their hiking excursion. Keeping this information in mind, look at the video still and describe in Spanish what you think is going on."
32588,"In this video episode, Álex and Maite get lost while running errands. What kinds of errands do you think they are running? Based on the video still, what do you think they will do to get their bearings? Be sure to write in Spanish."
32589,"List, in Spanish, the types of things you would probably do and say during a hiking trip through a scenic area."
32625,"Read the following suggestions for buying a house. Then write a note to a friend, repeating the advice and using the present subjunctive of the verbs."
32628,Indicate whether each statement is <b>cierto</b> or <b>falso</b>.
32630,"<span lang=""en-US"">Form complete sentences using the cues provided. Be sure to include necessary punctuation. </span>"
32668,Answer these questions in Spanish.
32670,Watch the <b>Resumen</b> segment of this video module. Then select each event that occurred in the <b>Resumen</b>.
32674,"In preparation for watching the video, complete the sentences using words from the <popup>vocabulary list</popup>. Conjugate the verbs as necessary. Some words will not be used."
32683,Look over these useful words before you watch the video.
32697,Listen to each situation and make a recommendation using the cues below. Repeat the correct response after the speaker.
32766,"<span lang=""en-US"">Complete each sentence with the appropriate demonstrative adjective or pronoun.</span>"
32787,"<span lang=""en-US"">Click on the term that doesn't belong.</span>"
32825,Look over these useful words and expressions before you watch the video.
32834,"<span lang=""en-US"">Listen to this radio advertisement and then answer the questions in complete sentences.</span>"
32836,"<span lang=""en-US"">Listen to this telephone conversation and complete the phone message with the correct information.</span>"
32837,Complete these sentences.
32869,Listen to the following description. Then read the statements and decide whether they are <b>cierto</b> or <b>falso.</b>
33042,Answer the questions in Spanish. Use complete sentences.
33082,Look over these useful words before you watch the video.
33112,"In your own words, write a short summary of this video episode in Spanish. Try not to leave out any important information."
33147,Listen to this conversation. Then read the statements and decide whether they are <b>cierto</b> or <b>falso</b>.
33149,All of these statements about this video episode are false. Rewrite them and correct the false information.
33150,Look over these useful words before you watch the video.
33403,
33424,You will hear some questions. Look at the drawing and write the answer to each question.
33456,Choose <b>en el baño</b> or <b>en la habitación</b> to indicate where each activity takes place.
33457,Complete this paragraph writing the correct sequencing words from the parentheses.
33508,Listen as Julia describes what happened in her dorm yesterday. Then choose the correct ending for each statement.
33526,Look over these useful words and expressions before you watch the video.
33547,Listen as Ernesto describes what he did yesterday. Then read the statements and decide whether they are <b>cierto</b> or <b>falso</b>.
33551,Listen to this conversation between Eva and Marcela. Then read the statements and decide whether they are <b>cierto</b> or <b>falso</b>.
33558,Look over these useful words and expressions before you watch the video.
33559,Categorize the following words.
33574,Indicate which of the following items you see in this episode.
33615,"Pon el video. Después, grábate a ti mismo/a (<span lang=""en-US""><i>record yourself</i></span>) repitiendo lo que (<span lang=""en-US""><i>what</i></span>) escuchaste. Luego, compara tu pronunciación con la de Javier."
33626,Escoge las palabras de la lista para completar los párrafos correctamente.
33629,Completa cada frase escribiendo el verbo reflexivo apropiado.
33634,"Completa las oraciones usando palabras indefinidas (<span lang=""en-US""><i>indefinite</i></span>)  y negativas."
33635,Completa las frases con la forma correcta del pretérito de <b>ser</b> o de <b>ir</b>.
33648,
33660,Haz clic en la palabra que no está relacionada con el grupo.
33667,Elige la opción correcta para completar cada oración.
33674,"Pon el video. Después, grábate a ti mismo/a (<span lang=""en-US""><i>record yourself</i></span>) repitiendo lo que (<span lang=""en-US""><i>what</i></span>) escuchaste. Luego, compara tu pronunciación con la de Álex y Javier."
33676,
33688,
33690,Completa cada afirmación con la opción correcta según el episodio.
33695,Haz clic en la forma del verbo que corresponde al sujeto indicado.
33718,Completa las oraciones con palabras de la lista.
33737,Listen to the dialogue and write the missing words.
33748,Complete the sentences with adverbs and adverbial expressions from the word bank. No word or expression should be used more than once. 
33763,
33765,Watch the <b>Resumen</b> segment of this video. Then write the name of the person who said each sentence and fill in the missing words.
33768,Look over these useful words and expressions before you watch the video.
33776,Choose the appropriate verb from the drop-down menus to complete each sentence.
34042,"Completa las oraciones con el pretérito de un verbo que termine <span lang=""en-US""><i>(ends)</i></span> en <b>-ir</b>."
34058,"Look at the drawing and listen to Sofía’s description of her day. During each pause, write the name of the place she went. The first one has been done for you in the <b>Modelo</b>."
34070,"Watch the <b>Tecnohombre, ¡mi héroe!</b> segment of this video module and indicate with <b>sí</b> or <b>no</b> whether you hear these items."
34085,Some people are discussing what they or their friends want to do. Say that you don’t want them to do those things. Repeat the correct response after the speaker. (<i>6 items</i>)
34094,
34097,Completa cada oración con la opción correcta.
34156,"Pon el video. Después, grábate a ti mismo/a (<span lang=""en-US""><i>record yourself</i></span>) repitiendo lo que (<span lang=""en-US""><i>what</i></span>) escuchaste. Luego, compara tu pronunciación con la de Martín."
34163,Indica si lo que dice cada oración es <b>cierto</b> o <b>falso</b>.
34169,Completa cada oración con la forma correcta del verbo apropiado de la lista. Usa cada palabra sólo una vez. 
34174,Completa cada oración con la forma correcta del verbo apropiado de la lista.
34179,Completa cada oración con la forma correcta del verbo apropiado de la lista. 
34188,Completa cada oración con la opción correcta.
34206,"Pon el video. Después, grábate a ti mismo/a (<span lang=""en-US""><i>record yourself</i></span>) repitiendo lo que (<span lang=""en-US""><i>what</i></span>) escuchaste. Luego, compara tu pronunciación con la de Maite."
34216,"Forma oraciones completas usando los elementos dados <span lang=""en-US""><i>(given)</i></span>. Usa mandatos de <b>nosotros/as</b>.  No olvides escribir el punto al final de cada oración."
34233,
34268,
34273,
34274,
34276,
34279,
34613,Completa cada oración con la opción correcta. 
35009,"Forma oraciones completas usando los elementos dados (<i>given</i>). Usa el subjuntivo o el indicativo, según el caso."
35021,Complete the sentences with the subjunctive form of the verbs in parentheses.
35043,Watch the <b>¿Qué tal la comida?</b> segment of this video module and write the name of the person who says each of the following lines.
35054,"Indicate whether each sentence about this video episode is <b>cierto</b> or <b>falso</b>. If an item is false, rewrite it so that it will be correct."
35069,Write down the type of store each slogan would promote.
35083,
35086,You will hear some sentences with a beep in place of the verb. Select the verb that best completes each sentence.
35097,Completa las oraciones con mandatos de la forma <b>nosotros/as</b> de los verbos en la lista.
35127,Look over these useful words before you watch the video.
35137,Haz clic en la palabra o frase que no está relacionada con el grupo.
35141,"Pon el video. Después, grábate a ti mismo/a (<span lang=""en-US""><i>record yourself</i></span>) repitiendo lo que (<span lang=""en-US""><i>what</i></span>) escuchaste. Luego, compara tu pronunciación con la de los personajes."
35143,
35152,Busca la respuesta que mejor completa cada oración.
35170,Escribe la forma correcta de las palabras.
35225,You will hear eight sentences. Each will be said twice. Listen carefully and write what you hear.
35251,You will hear some sentences. Decide if they are <b>lógico</b> or <b>ilógico</b>.
35266,Selecciona la palabra que no está relacionada con cada grupo.
35274,
35281,"Pon el video. Después, grábate a ti mismo/a (<span lang=""en-US""><i>record yourself</i></span>) repitiendo lo que (<span lang=""en-US""><i>what</i></span>) escuchaste. Luego, compara tu pronunciación con la de Inés y Maite."
35283,
35301,Completa cada afirmación con la mejor opción según el episodio.
35328,Completa cada oración con la opción correcta.
35335,Escoge la opción correcta para completar cada oración.
35346,Completa las oraciones usando las palabras de la lista en su forma correcta.
35374,
35376,Haz clic en el adverbio que completa la oración correctamente.
35392,Completa cada oración con la palabra correcta de la lista. Haz los cambios necesarios.
35398,Completa las oraciones con  <i><b>por</b></i>  o <i><b>para</b></i>.
35401,Indica las formas tónicas (<i>stressed</i>) de estos adjetivos posesivos y los pronombres posesivos correspondientes.
35402,Forma oraciones con estas palabras. Usa el presente y haz los cambios necesarios.
35403,Completa cada oración con el pronombre posesivo que corresponde al pronombre entre paréntesis.
35419,Completa cada oración con la opción correcta.
35421,Completa las oraciones con palabras de la lista.
35425,Haz clic en la palabra o frase que no está relacionada con el grupo.
35439,"Pon el video. Después, grábate a ti mismo/a (<span lang=""en-US""><i>record yourself</i></span>) repitiendo lo que (<span lang=""en-US""><i>what</i></span>) escuchaste. Luego, compara tu pronunciación con la de los personajes."
35455,Busca la respuesta que mejor completa cada oración.
35528,"Completa las oraciones con mandatos formales <span lang=""en-US""><i>(formal commands)</i></span>, usando los verbos de las listas. "
35541,Selecciona el verbo correcto para completar cada oración.
35543,Completa las oraciones usando el subjuntivo de los verbos de la lista.
35549,Completa cada oración con la opción correcta.
35557,"Llena los espacios con <b>h</b>, <b>ll</b> o <b>y</b>."
35588,"Look at the picture. Then, judging from your perspective, select the preposition from the drop-down menu that best completes each sentence."
35608,"Pon el video. Después, grábate a ti mismo/a (<span lang=""en-US""><i>record yourself</i></span>) repitiendo lo que (<span lang=""en-US""><i>what</i></span>) escuchaste. Luego, compara tu pronunciación con la del/de la hablante."
35611,Completa cada oración con la opción correcta.
35646,Haz clic en los íconos para oír las palabras.
35650,Click on the icons to hear the dialogues. 
35652,Click on each icon to hear the person's relationship to José Miguel.
35654,"<span lang=""en-US"">Click on the icons to hear vocabulary words from this lesson.</span>"
35655,"<span lang=""en-US"">Click on the icons to hear vocabulary words from this lesson.</span>"
35656,Haz clic en los íconos para oír las palabras.
35657,Haz clic en los íconos para oír las palabras.
35659,Haz clic en los íconos para oír las palabras.
35677,Indica si lo que dice cada oración es <b>cierto</b> o <b>falso</b>.
35682,Completa las oraciones con la forma correcta del futuro del verbo entre paréntesis.
35696,Completa cada oración con la opción correcta.
36065,
36066,Haz clic en los íconos para oír las palabras.
36095,Write sentences using the elements provided. Use the subjunctive of the verbs when required.
36178,Complete the paragraph with the correct forms of <b>ir</b>.
36305,"<span lang=""en-US"">Complete these sentences using words from the word bank.</span>"
36307,"Listen to Professor Morales talk about her Spanish classroom, then indicate with <b>sí</b> or <b>no</b> whether she mentions the items listed."
36355,Label the food item shown in each drawing. Include the definite article.
36450,"Look at the drawings and, using the appropriate phrase from the word bank, describe in a complete sentence what Ángel or Lupe is doing. (For examples, see <popup>La rutina diaria</popup> [be sure to select ""show text""] or your textbook.)"
37324,Match a subject from the word bank to each verb phrase. Then write complete sentences for the pairs using the imperfect.
37392,Choose the word that does not belong in each group.
37395,Select the appropriate category for these words.
37403,Complete these sentences with the correct forms of the verbs in parentheses.
37462,"Look at the video still. Imagine what Mari Carmen will say about soccer in Spain, and write a two- or three-sentence introduction to this episode."
37526,Choose the appropriate form of the verb <b>ir</b> to complete each sentence.
37540,Complete this conversation with the appropriate form of the verbs in parentheses.
37541,Choose the answer that best completes each sentence.
37615,
37699,Listen to each conversation and indicate whether what you hear is <b>lógico</b> or <b>ilógico</b>.
37700,Margarita is having an all-day party to celebrate her twentieth birthday. Listen to the conversations and indicate whether each guest is arriving (<b>llega</b>) or leaving (<b>sale</b>).
37708,Indicate if each statement is <b>cierto</b> or <b>falso</b>.
37709,Indicate whether these statements are <b>cierto</b> or <b>falso</b>.
37714,Identify the person or people who make(s) each of these statements.
37716,Provide the opposite gender form for each word.
37720,"If the word is singular, make it plural. If it is plural, make it singular."
37721,Complete the paragraph with the appropriate articles.
37727,"Following the pattern, provide the missing numbers in Spanish."
37729,Choose the item that does not belong.
37736,Complete the conversation with the appropriate form of <b>ser</b>.
37738,Match each time with the correct statement.
37740,Choose the answer that best completes each sentence.
37768,Complete this conversation by selecting one word for each blank.
37771,Click on the icons to hear vocabulary words from this lesson. 
37777,Choose the word or phrase that does not belong in each group.
37786,Complete these sentences with the correct form of <b>ser</b>.
37793,Write questions for these answers.
37795,Use complete sentences to tell the time. Type out the numbers. Make sure to follow the model.
37840,Choose the category that best describes each activity.
37881,Complete this conversation with the appropriate form of the verbs in parentheses.
37886,Choose the answer that best completes each sentence.
37899,"<span lang=""en-US"">Complete the paragraph with the present tense of the verbs in parentheses.</span>"
37976,Listen to each question and choose the most logical response.
37993,Look over these useful words before you watch the video.
38007,
38055,Completa las oraciones con el superlativo de las palabras de la lista.
38325,"Imagine that you have just met the man or woman of your dreams, who speaks only Spanish! Don’t be shy! In the space provided, write down what the two of you would say in your first conversation to get to know each other."
38402,"Most Argentinians use the pronoun <b>vos</b> instead of <b>tú</b> when talking to friends. In some cases, the verb in the <b>vos</b> form is different from the <b>tú</b> form; in others, it is the same. Look at the questions with <b>vos</b>. Can you guess what the <b>tú</b> equivalent is?"
38403,Click on the icons to hear vocabulary words from this lesson. 
38405,Indicate to which category each word belongs.
38407,Indicate to whom each statement refers.
38411,Complete each sentence with the correct words based on the video.
38415,Complete the paragraph with the correct words from the word bank.
38416,Search the Internet to learn about UNAM extension schools.
38423,Complete each sentence with the correct form of the verb in parentheses.
38425,Irene and Manolo are chatting in the library. Complete their conversation with the appropriate questions.
38428,"<span lang=""en-US"">Choose the option that best answers each question.</span>"
38431,Change these sentences into questions by inverting the word order. 
38432,Fill in the blanks with the interrogative word indicated in parentheses.
38438,Provide these basketball scores in Spanish.
38450,Solve the math problems. Provide the Spanish words for the numbers. Follow the model.
38452,Use <b>ser + de</b> (or <b>del</b>) to indicate that the object belongs to the person or people listed.
38596,"<span lang=""en-US"">Read each group of items. Then select the word that describes a category for the group.</span>"
38600,"<span lang=""en-US"">Complete these sentences using words from the word bank. Words may only be used once.</span>"
38601,"<span lang=""en-US"">Write the missing forms of each verb in the present tense. </span>"
38625,"<span lang=""en-US"">Make questions out of these statements by inverting the word order.</span>"
38626,"<span lang=""en-US"">Choose an interrogative word from the list to write a question that corresponds with each response.</span>"
38629,"<span lang=""en-US"">Write the interrogative word or phrase that makes sense in each question.</span>"
38630,"<span lang=""en-US"">Complete these sentences with the correct present-tense form of the verb </span> <b>ser</b> <span lang=""en-US"">or </span> <b>estar</b>."
38631,"<span lang=""en-US"">Complete this cell phone conversation with the correct forms of</span> <b>estar</b>."
38632,"<span lang=""en-US"">Complete this conversation with the correct forms of</span> <b>ser</b> <span lang=""en-US"">and</span> <b>estar</b>."
38633,"<span lang=""en-US"">Provide the words for these telephone numbers.</span>"
38637,"<span lang=""en-US"">Use the pie chart to complete these sentences. Write out the Spanish numbers in words.</span>"
38651,"Imagine that a parent calls a college student during the second week of courses. Write questions that the parent might ask about the son or daughter’s schedule, courses, and campus life. Use the cues provided. Then write possible answers."
38680,Where do most Hispanics in the U.S. and Canada come from? Rank the regions and states from 1 (most) to 5 (least).
38681,Unscramble the words to complete the sentences.
38698,"<span lang=""en-US"">Based on the impressions you got of the four travelers in Lesson 1, write the names of the classes you think each person is taking or of the classes you think each person is most interested in. Be sure to write in Spanish.</span>"
38818,Complete each statement with the word that best matches each description.
38819,Indicate whether each statement is <b>cierto</b> or <b>falso</b>.
38821,Indicate whether these statements are <b>cierto</b> or <b>falso</b>.
38822,Choose the answer that best completes each sentence.
38825,
38827,Complete this paragraph with the correct options.
38834,Choose the item that does not fit in each group.
38842,Complete the paragraph with the appropriate possessive adjective.
38846,Choose the verb that best completes each sentence.
38848,"<span lang=""en-US"">Provide the appropriate forms of</span> <b>tener</b> <span lang=""en-US"">and</span> <b>venir</b>."
38851,Match each item with the corresponding phrase.
38852,Rewrite each sentence using the subject in parentheses and changing the verb form as needed. Follow the model.
38972,"<span lang=""en-US"">Use the adjective in parentheses that agrees with each subject to create descriptive sentences about them.</span>"
38975,"<span lang=""en-US"">Read the names and origins of the people in this tour group. Then create sentences saying what city they are from and what their nationalities are. Follow the model.</span>"
38977,"<span lang=""en-US"">Complete each sentence with the correct form of each adjective in parentheses.</span>"
38979,"<span lang=""en-US"">Answer these questions using possessive adjectives and the words in parentheses.</span>"
38986,"<span lang=""en-US"">Write complete sentences using the correct forms of the verbs in parentheses.</span>"
38993,"<span lang=""en-US"">Complete each sentence with the correct expression.  Make sure to conjugate the verb</span> <b>tener</b> <span lang=""en-US"">in the present tense according to the context of the sentence.</span>"
38994,"<span lang=""en-US"">Choose an interesting relative of yours and write a description of that person. Answer these questions in your description.</span>"
39001,Watch the <b>Resumen</b> segment of this video module and indicate whether each statement is <b>cierto</b> or <b>falso</b>.
39003,Select the word or words that best completes each sentence.
39233,Look at the illustration and fill in the blanks with the names of the numbered items.
39235,Indicate the item in each group that does not belong.
39237,Indicate whether each sentence is <b>cierto</b> or <b>falso</b>.
39239,Indicate whether these statements are <b>cierto</b> or <b>falso</b>.
39245,Search the Internet to learn more about indigenous textiles.
39250,Select the option that best summarizes this episode.
39275,Choose the appropriate demonstrative adjective or pronoun that best completes the sentence.
39312,
39316,Complete the sentences using the words from the list.
39318,
39319,
39332,Read this description of Marisol. Then imagine that you are Marisol and rewrite the paragraph using the <b>yo</b> forms of the verbs. The first sentence has been done for you.
39340,Complete the answers to the questions.
39344,Complete these sentences with the correct form of the adjective in parentheses.
39348,"Answer these questions negatively, using the cues in parentheses and the corresponding demonstrative adjectives."
39351,Look at the illustration and complete this conversation with the appropriate demonstrative adjectives and pronouns.
39353,Imagine that you went with your brother to an open-air market last weekend. This weekend you take a friend there.
39366,"Listen as each person talks about the clothing he or she needs to buy, then choose the activity for which the clothing would be appropriate."
39390,Check off all the cognates you hear during the video.
39391,Complete the sentences with words from the word bank.
39392,Indicate whether you see these activities while watching the video.
39393,Indicate whether each statement is <b>cierto</b> or <b>falso</b>.
39476,
39477,
39478,
39487,Put these events in the correct order.
39493,Complete each statement with the correct option.
39499,Indicate whether these statements are <b>cierto</b> or <b>falso</b>.
39530,Choose the answer that best completes each sentence.
39533,Search the Internet to learn about a popular Peruvian tourist destination.
39555,Complete these sentences.
39557,"<span lang=""en-US"">Provide the present tense forms of</span> <b>estar</b>."
39583,Complete the paragraph with the correct form of the words in parentheses.
39658,"Based on Laura’s <popup>Teléfonos importantes</popup> contact list, indicate whether these statements are <b>cierto</b> or <b>falso</b>."
39666,Pay attention to Silvina's actions and put them in the correct order.
39668,Indicate who would make each of these statements.
39670,Write a conversation you would have with a friend whom you have not seen in a long time. Include the expressions provided.
39672,"Describe two aspects of this episode that caught your attention: people, their physical proximity, activities they do, etc. Then, explain how those are similar or different in your own culture. You may use English."
39674,Complete each statement with the correct option.
39681,Indicate whether each statement is <b>cierto</b> (<i>true</i>) or <b>falso</b> (<i>false</i>) based on the <popup>reading</popup>.
39683,"Based on the information in the <popup>reading</popup>, answer these questions using complete sentences."
39685,Indicate whether each statement is <b>cierto</b> (<i>true</i>) or <b>falso</b> (<i>false</i>).
39687,Imagine that you are one of the Valdivieso children and that Mónica asks you about your likes and dislikes. Select one of the children and write a paragraph using the cues provided.
39689,Andy's parents just found out that he has a girlfriend. Imagine that you are being introduced to her for the first time. Write five questions they would ask her.
39695,Put Randy's actions in the correct order.
39697,"Imagine that Randy wants to buy an item of clothing that he really likes, but he doesn't have enough money to pay the full price. Write a conversation between Randy and a salesperson in which Randy negotiates the price. Be creative!"
39699,Answer these questions.
39704,"<span lang=""en-US"">Flip the cards to match the numerals with the appropriate words.</span>"
39706,"<span lang=""en-US"">Put the numbers in numerical order, from lowest to highest.</span>"
39714,"<span lang=""en-US"">Complete each sentence with the preterite form of a verb from the word bank.</span>"
39722,"<span lang=""en-US"">Choose the most appropriate indirect object pronoun for each sentence, according to the context.</span>"
39738,Rewrite these sentences in the preterite tense.
39760,"Your friend asks you whether you did these activities last week. Write each question, then answer it affirmatively or negatively."
39761,Complete these sentences with the correct indirect object pronouns.
39763,"Rewrite these sentences, replacing the indirect objects with indirect object pronouns."
39766,"Rewrite these sentences, using an alternate placement for the indirect object pronouns."
39847,Complete each sentence by choosing the best verb and writing its correct form.
39851,Alfredo’s Spanish class is preparing to travel to Puerto Rico. Use the present progressive of the verb in parentheses to complete Alfredo’s description of what everyone is doing.
39857,"<span lang=""en-US"">Form complete sentences by using the correct form of</span> <b>ser</b> <span lang=""en-US"">or</span> <b>estar</b>, <span lang=""en-US"">the correct form of each adjective, and any other necessary words.</span>"
39862,Choose the answer that best completes each sentence.
39866,Indicate whether each adjective takes <b>ser</b> or <b>estar</b>. <b>¡Ojo!</b> Three of them can take both verbs. 
39869,"<span lang=""en-US"">Complete each sentence with the correct form of</span> <b>ser</b> <span lang=""en-US"">or</span> <b>estar</b>."
39877,Choose the sentence in which the direct object is replaced by the correct direct object pronoun.
39899,Ordena la rutina de Fabio de manera lógica.
39913,Indica si las frases son <b>ciertas</b> o <b>falsas</b>.
39922,Indica si lo que dicen las oraciones es <b>cierto</b> o <b>falso</b>.
39929,Investiga en Internet para aprender más sobre las costumbres y la comida en España.
39964,Cambia las siguientes frases para que sean negativas.
39968,"Completa las oraciones de forma lógica usando <b>algún, nunca</b> o <b>nadie</b>."
39978,Completa las siguentes frases usando el pretérito de <b>ir</b> y <b>ser</b>.
39983,Escribe el presente del verbo reflexivo.
39990,Completa el párrafo con la forma apropiada de los verbos <b>ser</b> o <b>ir</b>.
40018,"<span lang=""en-US"">Provide the correct articles.</span>"
40023,"<span lang=""en-US"">Provide the correct subject pronoun and present tense form of <b>ser</b> for each subject.</span>"
40026,"<span lang=""en-US"">Complete these sentences.</span>"
40029,Provide the present tense forms of the verbs in parentheses.
40032,Make two questions from each statement. Use intonation for the first one and the tag <b>¿no?</b> for the second.
40041,"<span lang=""en-US"">Provide the correct forms of the adjectives.</span>"
40046,"<span lang=""en-US"">Provide the appropriate form of each possessive adjective.</span>"
40053,"<span lang=""en-US"">Give the preterite form of the verb indicated.</span>"
40055,"<span lang=""en-US"">Provide the correct indirect object pronoun for each sentence.</span>"
40058,"<span lang=""en-US"">Provide the correct form of the demonstrative adjective and demonstrative pronoun for these nouns.</span>"
40108,"Look at the <popup>paragraphs</popup> and guessing meaning from its context, find the translation of the words in the list. "
40112,Indicate whether each statement is <b>cierto</b> o <b>falso</b> based on the information in the <popup>advertisement</popup>. 
40113,Answer these questions in complete sentences based on the information in the <popup>advertisement</popup>.
40115,"Después de leer el <popup>texto</popup>, responde a estas preguntas con oraciones completas"
40236,"<span lang=""en-US"">Based on the information provided in the <popup>reading</popup>, answer these questions in Spanish. Use complete sentences.</span>"
40237,"<span lang=""en-US"">Based on <popup>the article</popup>, indicate whether these statements are</span> <b>cierto</b> <span lang=""en-US"">or</span> <b>falso</b>."
40258,Complete each sentence with the correct present tense forms of the verb in parentheses.
40262,Complete each sentence with the correct reflexive verbs. You may use some verbs more than once.
40265,Complete the paragraph with reflexive verbs from the word bank. Not all verbs will be used. Do not use any verb more than once.
40267,Complete the sentences with indefinite and negative words from the word bank.
40269,Complete the sentences with negative words.
40283,Complete the sentences with the preterite of <b>ser</b> or <b>ir</b>. Then write the infinitive form of the verb you used.
40285,Complete the paragraph with the preterite of <b>ser</b> or <b>ir</b>. Then write the infinitive form of the verb you used.
40289,"Rewrite each sentence, substituting the subject with the one in parentheses."
40295,Interview a friend or relative about an interesting vacation he or she took.
40309,Listen to this conversation between Felipe and Mercedes. Then decide whether the statements are <b>cierto</b> or <b>falso</b>.
40322,Look at the video still and describe in Spanish what you see. Your description should answer these questions: Where is Javier? Who is Javier talking to? What is the purpose of their conversation?
40324,Watch the <b>Resumen</b> segment of this video module and fill in the missing words in these sentences.
40338,Complete this paragraph about tapas.
40340,
40356,Indicate whether these statements are <b>cierto</b> or <b>falso</b>.
40534,Haz clic en los íconos para oír las palabras.
40538,Escucha la conversación y contesta las preguntas.
40541,Completa las oraciones.
40545,Contesta estas preguntas.
40547,Identifica quién puede decir estas oraciones.
40549,Completa estas oraciones con la mejor opción.
40555,Indica cuál de las dos opciones resume mejor este episodio.
40560,Completa estas frases con el pretérito de los verbos indicados.
40563,Completa cada oración con el pretérito del verbo apropriado de la lista. 
40570,Completa el diálogo con el pretérito de los verbos entre paréntesis.
40572,Cambia los verbos del presente al pretérito.
40579,Forma oraciones con estos elementos. Usa el pretérito y haz todos los cambios necesarios.
40581,Ordena las frases de la conversación entre Teresa y Celia.
40585,Completa las oraciones con las expresiones de la lista.
40589,Combina los elementos para formar oraciones lógicas.
40591,Completa las oraciones con los pronombres relativos correspondientes.
40593,Escoge el pronombre relativo que mejor completa cada oración.
40596,"Completa las preguntas con <b>¿qué?</b> o <b>¿cuál(es)?</b>, según el contexto."
40600,Completa los minidiálogos con las palabras interrogativas correctas.
40604,Tu clase de español va a crear un sitio web. Completa estas preguntas con alguna(s) palabra(s) interrogativa(s).
40607,Completa cada pregunta con una palabra interrogativa.
40650,Responde a estas preguntas con oraciones completas.
40726,"Label the following terms as <b>estado civil, fiesta,</b> or <b>etapa de la vida.</b>"
40728,Label the stage of life in which these events would normally occur.
40731,Complete these sentences with the preterite of the verb in parentheses.
40733,"Complete these sentences using the preterite of <b>decir, conducir, traducir,</b> and <b>traer</b>."
40735,Rewrite these sentences in the preterite tense.
40738,Create sentences using the elements provided. Use the preterite tense of the verbs.
40746,Complete these sentences with the preterite tense of the verbs in parentheses.
40757,"Complete the sentences with <b>que</b>, <b>quien</b>, <b>quienes</b>, or <b>lo que</b>."
40761,"Complete the paragraph with <b>que</b>, <b>quien</b>, <b>quienes</b>, or <b>lo que</b>."
40763,"Write a paragraph about a party. Be sure to use <b>que</b>, <b>lo que</b>, <b>quien</b>, and <b>quienes</b>."
40768,"Complete these sentences with <b>qué, cuál,</b> or <b>cuáles</b>."
40774,"Research the life of a famous person who has had a stormy personal life, such as Elizabeth Taylor or Henry VIII. Write a brief biography of the person.  "
40807,Listen to this radio commercial and choose the most logical response to each question.
40819,Look over these useful words before you watch the video
40822,Complete this paragraph about la Navidad en Puerto Rico.
40834,Imagine that you are an exchange student in Puerto Rico and that you are attending this celebration. You are dancing on the street when suddenly Diego spots you and decides to interview you. Tell him how you feel and what cultural aspects catch your attention.
40855,
40859,
40909,Escucha las preguntas y selecciona la respuesta más adecuada.
40917,Completa las oraciones con una palabra de la misma familia de la palabra subrayada. Usa la forma correcta de cada palabra.
40918,Mira <popup>el dibujo</popup> y contesta las preguntas.
40921,Decide si estas oraciones son <b>ciertas</b> o <b>falsas</b>.
40922,Pon estos eventos en el orden correcto.
40924,"Pon el video. Después, grábate a ti mismo/a (<span lang=""en-US""><i>record yourself</i></span>) repitiendo lo que (<span lang=""en-US""><i>what</i></span>) escuchaste. Luego, compara tu pronunciación con la de la doctora Márquez."
40925,Indica si lo que dicen las oraciones es <b>cierto</b> o <b>falso</b>.
40927,Completa las oraciones con la información correcta.
40928,Investiga en Internet para aprender más sobre los servicios médicos a domicilio.
40932,Indica si las oraciones son <b>ciertas</b> o <b>falsas</b>.
40938,Escribe la forma del imperfecto de cada verbo de acuerdo con el pronombre indicado.
40940,Forma oraciones con estos elementos. Usa el imperfecto.
40941,Completa cada oración con el imperfecto del verbo indicado.
40944,Choose the item that does not fit in each group.
40948,Completa las frases en la primera parte con <b>se</b> impersonal y los verbos en presente. Completa las frases de la segunda columna con <b>se</b> para sucesos imprevistos (<i>unplanned events</i>) y los verbos en pretérito.
40949,Indica si lo que dice cada oración sobre la vida en 1901 es <b>cierto</b> o <b>falso</b>.
40951,"Completa las oraciones utilizando construcciones con <b>se</b>. Usa los verbos <b>hacer, jugar, prohibir, servir,</b> o <b>vender.</b>"
40953,"Da la vuelta a (<span lang=""en-US""><i>flip</i></span>) las cartas para emparejar las oraciones con los dibujos correspondientes."
40958,Completa los minidiálogos usando las construcciones con <b>se</b> de las palabras entre paréntesis.
40962,Transforma los adjetivos en adverbios.
40963,Completa las oraciones con los adverbios adecuados.
40966,Completa las oraciones con los adverbios adecuados.
40968,Haz clic en el adverbio que completa la oración correctamente.
40969,Completa el párrafo con los adverbios de la lista de palabras. Puedes usar el mismo adverbio más de una vez.
41019,
41025,Completa cada oración con la opción correcta.
41031,
41033,
41036,
41041,Escoge la opción que mejor completa la oración. 
41048,
41050,Escoge la opción correcta para completar cada oración.
41065,
41070,
41089,Indicate where you would go in each of the following situations.
41090,"Select the appropriate category for each item.<br />NOTE: tratamiento = (<i>treatment</i>)"
41095,Complete the sentences with the correct words.
41099,Choose the logical sentences to complete the dialogue.
41102,Complete the sentences with the imperfect forms of the verbs in parentheses.
41109,Javier is thinking about his childhood&mdash;how things were then and how they are now. Write two sentences comparing what Javier used to do and what he does now.
41115,Complete the sentences with verbs from the word bank. Use impersonal constructions with <b>se</b>.
41121,Complete the sentences with the correct indirect object pronouns.
41127,Create sentences using the elements provided and impersonal constructions with <b>se</b>. Use the preterite tense of the verbs.
41131,Complete the sentences by changing the adjectives in the first sentences into adverbs in the second.
41134,Complete the sentences by changing the adjectives in the first sentences into adverbs in the second.
41140,Complete the sentences with adverbs and adverbial expressions from the word bank. No word or expression should be used more than once. 
41144,Complete the sentences with the adverbs or adverbial phrases that correspond to the words in parentheses.
41148,"Answer the questions using the adverbs and adverbial phrases that you learned in this lesson. Do not repeat the adverb or adverbial phrase of the question. Then, say how long ago you last did each activity."
41149,Think of a summer in which you did a lot of different things on vacation or at home. 
41156,Write a brief description of each of the words given.
41158,Read each statement and choose the logical response.
41170,Some or all of the type is missing on the signs below. Listen to the speaker and write the appropriate text below each sign. The text for each sign will be repeated.
41182,You will hear four brief conversations. Choose the phrase that best completes each sentence.
41183,Describe the video stills. Write at least three sentences in Spanish for each still.
41184,Complete the sentences with words from the word bank.
41186,Look over these useful words and expressions before you watch the video.
41189,"Based on the video stills, write what you think the video will be about."
41197,Answer the questions in Spanish.
41204,Look over these useful words and expressions before you watch the video.
41214,Describe the video stills. Write at least three sentences in Spanish for each one.
41220,Look over these useful words before you watch the video.
41245,
41246,
41250,
41355,Escucha las frases e indica si son <b>lógicas</b> o <b>ilógicas</b>.
41358,Indica la palabra que no está relacionada.
41361,
41362,Escoge la respuesta que completa cada oración.
41363,Contesta las preguntas.
41369,Escribe la forma del pretérito que corresponde al sujeto de cada verbo.
41371,Completa las frases.
41374,Escribe el pronombre que falta en cada frase.
41377,Escoge el pronombre de objeto directo o indirecto que mejor complete cada oración.
41380,Completa las frases con la forma apropiada de <b>saber</b> o <b>conocer</b>.
41392,Completa las oraciones para formar comparaciones de igualdad.
41399,Completa el diálogo con el superlativo o comparativo apropiado.
41426,"Después de leer <popup>el texto</popup>, completa cada oración con la opción correcta."
41429,Responde a estas preguntas con oraciones completas según la información del <popup>texto</popup>.
41466,
41470,
41485,Complete the paragraph by selecting the correct words.
41496,
41498,Listen to each situation and choose the appropriate <b>tener</b> expression. Each situation will be repeated.
41504,"Read the lists of meals, then categorize when the meals would be eaten."
41509,"Rewrite each sentence, conjugating the verbs into the preterite tense."
41512,"For each sentence, choose the correct verb from those in parentheses. Then complete the sentence by writing the preterite form of the verb."
41519,Answer these questions using complete sentences.
41520,Complete the letter with the preterite form of the verbs from the word bank. Use each verb only once.
41522,"Rewrite each sentence, replacing the direct objects with direct object pronouns."
41526,"Read the two dialogues. Then answer the questions, using double object pronouns."
41538,Complete the sentences with the Spanish of the comparison in parentheses.
41546,"Write sentences that compare the two items, using the adjectives in parentheses."
41547,Complete these sentences with the correct form of <b>estar</b> + condition or emotion.
41553,Complete the sentences with the correct comparisons.
41559,"In each of the following pairs, complete one sentence with the correct form of <b>ser</b> and the other with the correct form of <b>estar</b>."
41562,Write sentences using the cues and either <b>ser</b> or <b>estar</b> as appropriate.
41564,Complete this paragraph with the correct forms of <b>ser</b> and <b>estar</b>.
41570,"Rewrite each sentence, using absolute superlatives."
41576,Answer the questions affirmatively with the words in parentheses.
41579,Read the pairs of sentences. Then write a new sentence that compares them.
41589,"Imagine that you won a trip to South America. Choose one of the countries described: <b>Venezuela</b>, <b>Colombia</b>, <b>Ecuador</b>, or <b>Perú</b>. Write a paragraph explaining your reasons for choosing that country."
41592,"Conduct a survey of several people about a recent experience they had at a restaurant. Then, ask them to compare the service, the food, the prices, and the ambience of the restaurant to those of others."
41654,"In Spanish, list the three things you found most interesting in this video and explain your choices. Use complete sentences."
41657,Answer the question about these video stills. Use complete sentences.
41661,Answer these questions in Spanish. Use complete sentences.
41664,"<span lang=""en-US"">Choose</span> <b>sí</b> <span lang=""en-US"">or</span> <b>no</b> <span lang=""en-US"">to indicate whether you hear these verbs while watching the video.</span>"
41666,"<span lang=""en-US"">Answer the questions in Spanish. Use complete sentences.</span>"
41671,Complete the sentences with words from the word bank.
41679,Match these expressions to the appropriate situations.
41682,"Research one of these typical dishes or drinks from the Hispanic world. Find out about its ingredients, where it is typical, and any other information that you find interesting."
41735,
41736,
41737,
41738,
41744,Investiga en Internet para aprender más sobre las empanadas.
41746,Indica si las oraciones son <b>ciertas</b> o <b>falsas</b>.
41760,Complete these sentences.
41772,Esucha las preguntas e indica la respuesta correcta.
41773,Escucha la conversación y completa las frases.
41779,Escoge la respuesta correcta.
41780,Indica si lo que dicen estas oraciones es <b>cierto</b> o <b>falso</b>.
41782,Contesta las preguntas con oraciones completas.
41783,Indica si lo que dicen las oraciones es <b>cierto</b> o <b>falso</b>.
41784,Completa las oraciones con la información correcta.
41793,Indicia si lo que dicen estas oraciones es <b>cierto</b> o <b>falso</b>.
41798,Escoge la opción correcta para cada oración.
41804,Haz clic en el verbo que corresponde a cada pronombre.
41806,Completa las oraciones usando el subjuntivo del verbo entre paréntesis.
41809,Completa cada frase con la forma correcta del verbo indicado.
41812,Completa el diálogo con las palabras de la lista.
41814,Selecciona el verbo correcto para completar cada oración.
41816,Completa las oraciones usando el subjuntivo de los verbos de la lista.
41817,Reescribe cada oración con la forma apropiada de los verbos. Sigue el modelo.
41847,Completa cada oración con la opción correcta según la información <popup>del mapa</popup>.
41849,Responde a las preguntas sobre <popup>el texto</popup>. Usa oraciones completas.
41863,Escoge la opción que mejor completa la oración según la información <popup>del mapa</popup>.
41885,Escoge la opción correcta para completar cada oración.
41892,
41893,
41894,
41902,Escucha la conversación entre un joven y el empleado de una gasolinera. Después completa las oraciones.
41905,Completa la conversación con las palabras de la lista.
41916,Escribe oraciones usando estos elementos. Usa el pretérito y añade las palabras necesarias.
41917,Mira el dibujo y contesta las preguntas.
41930,
41934,
41938,
41943,"Label these items as belonging to <b>la cocina, la sala,</b> or <b>la alcoba</b>."
41945,Select the word that doesn’t belong in each group.
41946,Escribe las oraciones de nuevo (<i>again</i>) marcando los acentos en las palabras que los necesitan.
41949,Selecciona las respuestas que completan correctamente estas oraciones.
41957,Identifica a quién se refiere cada acción.
41970,Indica si las oraciones son <b>ciertas</b> o <b>falsas</b>.
41974,Completa estas oraciones con la opción adecuada.
41977,Investiga en Internet para aprender más sobre el ciberlenguaje.
41991,Contesta cada pregunta con la respuesta correcta según el episodio.
41994,Escriba la forma correcta de los verbos.
42001,Completa la historia usando el imperfecto o el pretérito según sea (<i>as is</i>) necesario.
42003,Forma oraciones completas. Usa el imperfecto o el pretérito según sea apropiado (<i>as is appropriate</i>). Haz todos los cambios necesarios.
42006,Completa las frases con <b>por</b> o <b>para</b>.
42008,Completa el párrafo con <b>por</b> o <b>para</b>.
42010,Completa estas oraciones usando <b>por</b> o <b>para</b>.
42017,"Escribe la forma tónica <span lang=""en-US""><i>(stressed)</i></span> del adjetivo posesivo y luego el pronombre posesivo correspondiente."
42032,Forma oraciones con estas palabras. Usa el presente y haz los cambios necesarios.
42035,Completa cada oración con el pronombre posesivo que corresponde al pronombre entre paréntesis.
42037,Completa el párrafo con los pronombres o adjetivos posesivos de la lista de palabras.
42066,Indica si las frases son <b>ciertas</b> o <b>falsas</b>.
42068,Responde a estas preguntas con oraciones completas. Usa el pretérito y el imperfecto.
42071,Label the drawing with the correct terms. Remember the definite articles.
42080,Complete each pair of sentences by using the imperfect and preterite forms of the verbs in parentheses.
42085,Give instructions to a person cleaning a house by changing the verb phrases into formal commands.
42090,"Rewrite the paragraph, replacing each <b>debe</b> + (<i>infinitive</i>) with formal commands."
42095,Change each command to say the opposite.
42098,Complete the sentences with the present subjunctive of the verb in parentheses.
42105,Complete the sentences with the present subjunctive of the verbs from the word bank.
42108,Rewrite these sentences using the present subjunctive of the verbs in parentheses.
42115,Decide whether the verbs in parentheses should be in the preterite or the imperfect. Then rewrite the sentences.
42117,Answer the questions using the words in parentheses and the present subjunctive.
42122,Complete the sentences with the present subjuntive of the verbs in parentheses.
42136,Write sentences using the elements provided and the present subjunctive. Replace the indirect objects with indirect object pronouns.
42141,Write sentences using the elements provided. Use the subjunctive of the verbs when required.
42150,Write questions and answers with the words provided. Ask where these people were when something happened.
42165,"Laura has just found a page from her old diary. Rewrite it in the past tense, using the preterite and imperfect forms of the verbs as appropriate."
42177,Decide whether the verbs in parentheses should be in the preterite or the imperfect. Then rewrite the sentences.
42181,Complete this paragraph with the preterite or the imperfect of the verbs in parentheses.
42182,"Laura is still reading her old diary. Rewrite it, using the preterite or imperfect forms of the verbs in parentheses as appropriate."
42184,Complete the sentences with <b>por</b> or <b>para</b> as appropriate.
42188,Complete the sentences with <b>por</b> or <b>para</b>.
42198,Complete the sentences with possessive adjectives.
42202,Answer the questions. Follow the model.
42211,"Replace the question with one using <b>de</b> to clarify the possession. Then answer the question affirmatively, using a possessive pronoun. Follow the model."
42469,Select the words that best complete each sentence.
42484,Look over these useful words and expressions before you watch the video.
42487,"Do you remember the video from <b>Lección 4</b>? It was about the pyramids of Teotihuacán. In this lesson you are going to hear about other pyramids, those in the city of Copán, Honduras. Write a paragraph about the things you think you will see in this video."
42491,Choose <b>sí</b> for the words you hear while watching the video.
42495,Choose the option that best completes each sentence.
42501,Look over these useful words before you watch the video.
42511,Complete the sentences with words from the word bank.
42515,Describe the video still. Write at least three sentences in Spanish.
42516,Look over these useful words before you watch the video.
42517,Write the appropriate word for each definition.
42519,Watch Maite’s flashback about getting around in Madrid and indicate with <b>sí</b> or <b>no</b> whether you see these things.
42521,Look over these useful words before you watch the video.
42534,Ordena lo que Carlos hizo cronológicamente.
42540,Choose an aspect of Frida's house and describe it. Is it similar or different to your own house? What do you find interesting about it?
42548,Indicate what each number on the map is referring to based its location and the clues provided.
42556,
42567,Indicate whether each statement is <b>cierto</b> o <b>falso</b>.
42723,"<span lang=""en-US"">Select the word that does not belong in each group.</span>"
42724,Selecciona la palabra que no está relacionada con cada grupo.
42727,Escribe otra vez esta información usando las abreviaturas adecuadas.
42728,En la cuadra hay partes de nueve abreviaturas. Combina las partes para hacer las abreviaturas y emparéjalas  con las descripciones correspondientes.
42731,Decide si estas oraciones son <b>ciertas</b> o <b>falsas</b>.
42734,Pon los eventos de la <b>Fotonovela</b> en el orden correcto.
42737,Indica si lo que dice cada oración es <b>cierto</b> o <b>falso</b>.
42739,Selecciona la respuesta correcta.
42747,Selecciona la palabra que no pertenece al grupo.
42750,Define o describe cada palabra. Sigue el modelo.
42756,Investiga en Internet para aprender más sobre las restricciones al conducir en algunas ciudades latinoamericanas.
42760,Selecciona la respuesta correcta.
42761,Contesta estas preguntas con oraciones completas.
42762,Escoge la opción que completa mejor cada oración.
42765,Selecciona la respuesta correcta.
42767,Completa cada oración con el subjuntivo o el indicativo.
42769,Investiga en Internet para aprender más sobre el ecoturismo en Latinoamérica.
42771,Completa los minidiálogos con la forma correcta de los verbos indicados.
42776,Indica si estas oraciones son <b>ciertas</b> o <b>falsas</b>.
42778,Completa el párrafo con las ocho palabras o expresiones correctas de la lista.
42783,"En la primera línea, escribe el mandato familiar afirmativo del verbo indicado y en la segunda el mandato familiar negativo. Sigue el modelo."
42785,Completa los pedidos. Usa las formas correctas de los mandatos informales.
42786,Completa las oraciones con el subjuntivo o el infinitivo.
42796,Completa estas frases con la forma correcta del verbo.
42801,Tu mejor amigo no entiende nada de tecnología y te pide ayuda. Completa los comentarios de tu amigo con el mandato de cada verbo.
42809,Escoge la opción que mejor completa cada oración.
42810,Completa las oraciones con los mandatos <i>(commands)</i> familiares de los verbos indicados.
42828,
42849,Indica los mandatos afirmativos y negativos de la primera persona del plural (<b>nosotros/as</b>) de estos verbos.
42868,Escoge la mejor opción para completar cada oración según <popup>la lectura</popup>.
42869,"Después de leer <popup>la lectura</popup>, responde a las preguntas."
42891,Completa las oraciones con las palabras más adecuadas de la lista.
42893,Completa esta conversación con los mandatos de <b>nosotros/as</b>.
42897,Escoge la forma correcta de los mandatos de <b>nosotros/as</b> de los verbos entre paréntesis.
42941,"Match each problem with its solution. Then follow the model to write a sentence with each pair, providing a solution to the problem."
42943,Responde a estas preguntas con oraciones completas.
42944,Write down the correct verbs from the word bank.
42947,Complete this letter to the editor with items from the word bank.
42948,Complete the sentences with the subjunctive of the verbs in parentheses.
42950,"Combine each pair of sentences, using the subjunctive"
42951,"Form sentences, using the elements provided. Start the sentences with <b>Ojalá que</b>."
42955,Complete the sentences with the subjunctive of the verbs in parentheses.
42956,"Rewrite the sentences, using the words in parentheses."
42957,Complete the sentences with the indicative or subjunctive form of the verbs in parentheses.
42959,"Rewrite the sentences, using the words in parentheses. Use the indicative or subjunctive as appropriate."
42962,"Complete this conversation, using the subjunctive and the indicative as appropriate."
42965,"Write an opinion article about oil spills (<b>los derrames de petróleo</b>) and their impact on the environment. Use verbs and expressions of emotion, doubt, disbelief, denial, and certainty that you learned in this lesson to describe your own and other people’s opinions about the effects of oil spills on the environment."
42969,Elige las palabras de la lista para completar el párrafo.
42970,Escoge la opción correcta para completar cada oración.
42994,Search the Internet to find out about famous people of Hispanic origin in North America.
42995,Search the Internet to find out about the meaning and origin of places in the United States with Spanish names.
43006,Search the Internet to find out more about famous Puerto Ricans you may already know and others.
43010,"Search the Internet to learn more about some of Cuba's outstanding writers, artists, politicians, and scientists."
43014,Search the Internet to learn more about the philosophy behind ecotourism and the best Puerto Rico has to offer ecotravelers.
43018,Search the Internet to learn more about Cuba&#8217;s main cities.
43030,"Investiga en Internet para aprender más sobre ""El Libertador""."
43034,Investiga en Internet para aprender más sobre el río Orinoco.
43038,Investiga en Internet para aprender más sobre las ciudades más grandes de Colombia.
43042,Investiga en Internet para aprender más sobre artistas colombianos.
43058,Investiga en Internet para aprender más sobre la civilización inca.
43062,Investiga en Internet para aprender más sobre artistas peruanos destacados.
43066,Investiga en Internet para aprender más sobre este famoso baile argentino.
43070,Investiga en Internet sobre esta histórica pareja argentina.
43081,Investiga en Internet para conocer más lugares donde se practican deportes de invierno en Chile.
43085,"Investiga en Internet para aprender más sobre Alfredo Stroessner, ex dictador de Paraguay."
43089,Investiga en Internet sobre la historia de Paraguay.
43093,Investiga en Internet para aprender más sobre algunos de los dotados escritores uruguayos.
43097,Investiga en Internet para aprender más sobre las comidas y bebidas favoritas de los uruguayos.
43101,Investiga en Internet para aprender más sobre estos destacados bolivianos.
43105,Investiga en Internet para aprender más sobre este sitio arqueológico al lado del lago Titicaca.
43106,"In this video episode, Martín takes the students out to see the area where they will go hiking. What do you think the students and Martín talk about when they get to the hiking area? Be sure to write in Spanish."
43107,Investiga en Internet para aprender más sobre Pablo Neruda e Isabel Allende.
43110,List a few things that people can do to protect your community's environment.
43112,Look over these useful words before you watch the video.
43120,Put Alberto's actions in the correct order.
43124,Alberto says that ecotourism represents the fastest growing subsector of the tourist industry. Identify the positive and negative aspects of ecotourism. You may use examples from the video.
43127,Answer the following questions about this video episode in Spanish.
43128,Complete this paragraph about volcanoes in Central America.
43174,Investiga en Internet para aprender más sobre Rigoberta Menchú.
43175,Identifica la palabra o expresión opuesta de la lista.
43179,Investiga en Internet para aprender más sobre los mayas y luego contesta las preguntas.
43183,Investiga en Internet para aprender más sobre la base económica de Honduras.
43187,Investiga en Internet para aprender más sobre esta impresionante atracción turística.
43191,Investiga en Internet para aprender más sobre los parques y las zonas naturales en El Salvador.
43195,Investiga en Internet para aprender más sobre El Salvador y sus museos.
43199,Investiga en Internet para aprender dónde se habla inglés en Nicaragua y por qué.
43203,Investiga en Internet para aprender más sobre la sociedad y economía de Nicaragua.
43207,Investiga en Internet para aprender más sobre este ex presidente de Costa Rica.
43211,Investiga en Internet para conocer algunos artistas costarricenses.
43219,Investiga en Internet para aprender más sobre esta tribu indígena.
43221,
43223,Complete the sentences with the correct banking-related words.
43227,"You are running errands, and you can&#8217;t find the things you need. Fill in the blanks with the names of the places that should carry these items."
43233,Indica si lo que dicen las oraciones es <b>cierto</b> o <b>falso</b>.
43234,Identify the final destination for each set of directions.
43235,Elige la opción correcta.
43239,Investiga en Internet para aprender más sobre los paradores de España.
43242,Indica si las oraciones son <b>ciertas</b> o <b>falsas</b>.
43246,Complete the sentences with the indicative or the subjunctive of the verbs in parentheses.
43252,"Answer these questions positively or negatively, as indicated. Use the subjunctive where appropriate."
43253,Complete the sentences with the most logical endings from the word bank. Use the indicative or subjunctive forms of the infinitive verbs as appropriate.
43255,Completa estas frases con la forma adecuada del participio pasado.
43260,Completa las oraciones con la forma adecuada del participio pasado del verbo que está entre paréntesis.
43263,Contesta estas preguntas con oraciones completas usando el participio pasado. Sigue el modelo.
43267,Escoge la forma correcta del participio pasado de los verbos entre paréntesis para completar las frases.
43270,Indica el pretérito perfecto de indicativo de los siguientes verbos.
43272,Rewrite this paragraph from a travel website. Substitute informal commands for the formal commands.
43274,Completa estas oraciones con el pretérito perfecto de indicativo de estos verbos.
43276,Imagine that you are a child asking one of your parents these questions. Write his or her positive or negative answers in the form of familiar commands.
43278,Ordena esta conversación.
43280,Completa la conversación con el pretérito perfecto de indicativo de los verbos en paréntesis.
43291,You and your roommate disagree about everything. Write affirmative and negative <b>nosotros/as</b> commands for these actions.
43293,Completa cada oración con la palabra correcta.
43295,Completa las oraciones con la forma correcta del pretérito pluscuamperfecto de indicativo del verbo entre paréntesis.
43298,Escoge la forma correcta del pretérito pluscuamperfecto de indicativo para completar las oraciones.
43299,"Everyone likes Lina and they want to be like her. Using <b>nosotros/as</b> commands, write sentences telling your friends what you all should do to follow her lead."
43305,"Claudia is thinking of everything that she and her fiancé, Ramón, should do to buy an apartment. Write what she will tell Ramón, using <b>nosotros/as</b> commands for verbs in the infinitive."
43361,
43366,
43368,
43374,
43392,"Watch the <b>Estamos perdidos</b> segment of this lesson’s video module and number the following events from one to five, according to the order in which they occurred in the video."
43394,Watch the <b>Resumen</b> segment of this video module. Then choose <b>sí</b> for the events that you saw in the <b>Resumen</b>.
43396,Choose the option that best completes each sentence.
43398,Look over these useful words and expressions before you watch the video.
43403,Look over these useful words and expressions before you watch the video.
43406,"While watching the video, indicate with <b>cierto</b> or <b>falso</b> which rules have been put in place to protect nature."
43409,Write down the terms that mean the opposite of the descriptions.
43410,"This video talks about the best places to dive and surf in Panama. In preparation for watching this video, answer these questions about surfing."
43413,Select the corresponding phrase to complete each sentence.
43421,Complete the sentences with the correct past participle forms of these verbs
43423,Complete the sentences with <b>estar</b> and the correct past participle.
43431,Complete this paragraph with the correct past participle forms of the verbs in the word bank. Use each verb only once.
43432,Complete this activity according to your personal preferences.
43443,Complete each sentence with the present perfect of the verb in parentheses.
43444,Look over these useful words before you watch the video.
43452,Complete these sentences using words from the list. Make all necessary changes.
43458,Rewrite the sentences to say that these things have not yet been done. Use the present perfect.
43462,Rewrite the sentences to say that these people had never done these things before.
43465,"Combine the sentences, using the preterite and the past perfect tenses."
43468,Write a paragraph about the things that Tiger Woods had achieved by age 21. Use the phrases from the word bank with the past perfect. Start each sentence with <b>Ya<b/>. The first one has been done for you.
43528,
43531,Usa las pistas para completar el crucigrama con el pretérito imperfecto de subjuntivo del verbo correspondiente al sujeto indicado.
43532,Escucha las frases e indica si cada frase es <b>lógica</b> o <b>ilógica</b>.
43534,Escucha la descripción que hace Alejandro Dávila de su profesión y luego completa las oraciones con las palabras adecuadas.
43536,Indicate whether each sentence about this video episode is <b>cierto</b> or <b>falso</b>.
43538,Complete this paragraph about <b>baños árabes</b>.
43551,Escoge la respuesta que completa cada oración.
43553,Indica las profesiones que asocias con estas palabras.
43558,Completa las oraciones con la palabra correcta.
43567,Aquí tienes una adivinanza (<i>riddle</i>). Intenta descubrir de qué se trata.
43575,Responde a estas preguntas con oraciones completas.
43580,Remember the American who cut the line for the show? The couple behind him did not succeed in making him go at the end. What would you say to him? Write a conversation in which you tell him to go to the back of the line!
43582,Escoge el personaje que dijo la frase.
43587,Indica si lo que dicen estas oraciones es <b>cierto</b> o <b>falso</b>.
43589,Completa las oraciones con la información correcta.
43593,Investiga en Internet para aprender más sobre el trabajo voluntario en Latinoamérica.
43595,Escoge la opción correcta de cada par de afirmaciones.
43600,Indica si cada oración es <b>cierta</b> o <b>falsa</b>.
43601,Conjuga los verbos indicados en futuro.
43615,Lee las predicciones (<i>predictions</i>) del horóscopo (<i>horoscope</i>) y conjuga los verbos en paréntesis usando el futuro.
43620,Escribe la forma apropiada del condicional de los verbos.
43624,Completa las oraciones con la forma correcta del condicional del verbo indicado.
43626,Escribe oraciones completas usando el condicional. Cambia lo que sea necesario.
43627,Completa el párrafo con el condicional de los verbos entre paréntesis.
43628,Completa estas oraciones con el pretérito imperfecto de subjuntivo.
43635,Escoge la forma correcta del verbo para completar cada frase.
43681,"Después de leer <popup>el texto</popup>, responde a estas preguntas. Usa oraciones completas."
43683,Responde a las preguntas. Usa oraciones completas.
43684,
43685,
43686,
43687,
43695,"Answer the questions about this help-wanted ad, using complete sentences."
43704,Rewrite each sentence to express probability. Each sentence should start with a verb in the future tense.
43714,Rosa is not happy with her current job. What would happen if she looked for a new job? Complete the sentences with the conditional forms of the verbs in parentheses.
43715,Change the sentences into questions that ask what might have happened. Use the conditional tense.
43718,Complete the sentences with the past subjunctive forms of the verbs in parentheses.
43719,Álex is talking to himself about the things that would make him happier. Complete his statements with the past subjunctive form of the verbs in parentheses. Then write five sentences describing things that would make you happier. Try to use as many singular and plural forms as you can.
43720,Complete the second sentences to say the opposite of the first ones.
43721,"Complete the paragraph with the past subjunctive, the preterite, or the imperfect of the verbs in parentheses as appropriate."
43727,"<span lang=""en-US"">Select the name of the city or geographical feature for each numbered item on the map.</span>"
43789,
43791,
43826,
43828,
43831,
43839,
44186,Answer each question you hear using the cues below. Repeat the correct response after the speaker.
44188,Answer each question you hear using the cues below and the present progressive. Repeat the correct response after the speaker.
44191,You will hear the subject of a sentence. Complete the sentence using a form of <b>ser</b> or <b>estar</b> and the cues below. Repeat the correct response after the speaker.
44231,Use the cues to tell how many there are of each item. Repeat the correct response after the speaker.
44234,Answer each question you hear using the cues. Repeat the correct response after the speaker.
44236,"<span lang=""en_US"">Listen to this conversation and write the answers to the questions in the spaces provided.</span>"
44237,Some people want to know what time it is. Answer their questions. Repeat the correct response after the speaker.
44238,You are trying to plan your class schedule. Ask your counselor what time these classes meet and write the answer. Follow the model.
44246,"<span lang=""en-US"">Change each sentence into a question using the cue. Repeat the correct response after the speaker.</span>"
44250,You and your co-worker are taking inventory at the university bookstore. Answer your co-worker's questions using the cues. Repeat the correct response after the speaker.
44260,"Describe your classmates, using the cues. Repeat the correct response after the speaker."
44266,Answer each question using the cue provided below. Repeat the correct answer after the speaker.
44275,Answer each question you hear using the cue. Repeat the correct response after the speaker.
44276,Change each sentence from the present to the preterite. Repeat the correct answer after the speaker.
44277,Answer each question you hear using the cues. Repeat the correct response after the speaker.
44281,Clara is going to baby-sit your nephew. Answer her questions about your nephew’s daily routine using the cues below. Repeat the correct response after the speaker.
44289,Answer each question you hear using the cues below. Repeat the correct response after the speaker.
44291,Answer each question you hear using the cues below. Repeat the correct response after the speaker.
44297,"Repeat each saying after the speaker to practice pronouncing <b>ll</b>, <b>ñ</b>, <b>c</b>, and <b>z</b>."
44298,"Repeat each word after the speaker to practice pronouncing <b>ll</b>, <b>ñ</b>, <b>c</b>, and <b>z</b>."
44299,"When the speaker pauses, repeat the corresponding sentence or phrase, focusing on <b>ll</b>, <b>ñ</b>, <b>c</b>, and <b>z</b>."
44303,Answer each question you hear using the cues below. Repeat the correct response after the speaker.
44308,Look at each drawing and answer the question you hear with a comparative statement. Repeat the correct response after the speaker.
44332,
44382,Click on the labeled locations to view additional information.
44497,Answer each question you hear using the cue below. Substitute object pronouns for the direct object when possible. Repeat the correct answer after the speaker.
44499,Answer each question you hear using the cue below. Substitute object pronouns for the direct object when possible. Repeat the correct response after the speaker.
44504,"A reporter is writing an article about funny things people used to do when they were children. Answer her questions, using the cues below. Then repeat the correct response after the speaker."
44506,Answer each question you hear using the cue below and the impersonal <b>se</b>. Repeat the correct response after the speaker.
44507,Form a new sentence by changing the adjective below to an adverb. Repeat the correct answer after the speaker.
44508,"Answer each question you hear in the negative, using the cue below. Repeat the correct response after the speaker."
44509,Answer the questions using the cues. Substitute direct object pronouns for the direct object nouns when appropriate. Repeat the correct response after the speaker.
44510,Complete each phrase about Jaime with <b>por</b> or <b>para</b> and the cue below. Repeat each correct response after the speaker.
44511,"Restate each sentence you hear, using the cues below. Repeat the correct answer after the speaker."
44524,Repeat these words after the speaker to practice the <b>b</b> and the <b>v</b>.
44530,Repeat each saying after the speaker to practice the <b>b</b> and the <b>v</b>.
44533,Your children are complaining about the state of things in your house. Respond to their complaints by telling them what household chores they should do to correct the situation. Repeat the correct response after the speaker. 
44536,A physician is giving a patient advice. Change each sentence you hear from an indirect command to a formal command. Repeat the correct answer after the speaker. 
44537,Answer each question you hear in the affirmative using a formal command and a direct object pronoun. Repeat the correct response after the speaker.
44538,Answer each question you hear using a formal command and the cue below. Repeat the correct response after the speaker.
44539,"You are a Spanish instructor, and it’s the first day of class. Tell your students what it is important for them to do using the cues you hear."
44540,Change each sentence you hear to the subjunctive mood using the expression below. Repeat the correct answer after the speaker.
44541,Some people are discussing what they or their friends want to do. Say that you don’t want them to do those things. Repeat the correct response after the speaker.
44542,Listen to each situation and make a recommendation using the cues below. Repeat the correct response after the speaker.
44559,Change each sentence you hear to the subjunctive mood using the expression below. Repeat the correct answer after the speaker.
44560,Answer each question you hear using the cues below. Repeat the correct response after the speaker.
44562,Change each sentence you hear to the negative. Repeat the correct answer after the speaker.
44575,Change each sentence you hear into the negative. Repeat the correct answer after the speaker.
44576,Change each sentence you hear to a <b>nosotros/as</b> command. Repeat the correct answer after the speaker.
44577,Answer each question you hear negatively. Then make another suggestion using the cues and a <b>nosotros/as</b> command.
44592,"Pablo wants to go to the gym with his friend Manuel, but everything is going wrong. Answer each question using the cue provided."
44595,Change each sentence you hear from the present indicative to the present perfect indicative. Repeat the correct answer after the speaker.
44597,Answer each question you hear using the cues. Repeat the correct response after the speaker.
44599,"Using the cues, describe what you and your friends had already done before your parents arrived for a visit. Repeat the correct answer after the speaker."
44603,"Repeat each word after the speaker to practice pronouncing <b>h</b>,<b> j</b>, and <b>g</b>."
44611,"Repeat each saying after the speaker to practice pronouncing <b>h</b>, <b>j</b>, and <b>g</b>."
44612,"Repeat each word after the speaker, focusing on the <b>c</b> and <b>q</b> sounds."
44614,Repeat each saying after the speaker to practice the <b>c</b> and <b>q</b> sounds.
44648,"Repeat each word after the speaker to practice pronouncing <b>s</b>, <b>z</b>, and <b>c</b> before <b>i</b> and <b>e</b>."
44653,"Repeat each saying after the speaker to practice pronouncing <b>s</b>, <b>z</b>, and <b>c</b> before <b>i</b> and <b>e</b>."
44659,"Repeat each word after the speaker, focusing on the <b>x</b> sound."
44665,Repeat each saying after the speaker to practice the <b>x</b> sound.
44671,"Repeat each word after the speaker focusing on the <b>l</b>, <b>ll</b>, and <b>y</b> sounds."
44678,"Repeat each saying after the speaker to practice the <b>l</b>, <b>ll</b>, and <b>y</b> sounds."
44682,Repeat each word or phrase after the speaker to practice pronouncing <b>m</b> and <b>n</b>.
44688,Read each sentence aloud. Then listen to the speaker and repeat the sentence.
44689,Repeat each saying after the speaker to practice pronouncing <b>m</b> and <b>n</b>.
44692,"Repeat each word after the speaker, focusing on the <b>ch</b> and <b>p</b> sounds."
44695,Read each sentence aloud. Then listen to the speaker and repeat the sentence.
44696,Repeat each saying after the speaker to practice the <b>ch</b> and <b>p</b> sounds.
44699,"Repeat each sentence after the speaker, imitating the intonation."
44712,Answer each question you hear using the cues. Repeat the correct response after the speaker.
44715,You are a good cook and you are considering opening a Salvadorian restaurant. The investor wants to know what it will be like. Answer his questions using the cues provided. Then repeat the correct response after the speaker.
44718,Complete each phrase you hear using the cues below and the past subjunctive. Repeat the correct response after the speaker.
44891,Write what each object is and to whom it belongs. Use complete sentences. Follow the model.
44906,Look at the video still and answer these questions in Spanish. Carlos is in Mexico City; can you guess what place? Who is Carlos talking to? What do you think this person does?
44915,Select the correct description for each photo.
44920,"Look at the video still. Imagine what Mónica will say about families in Ecuador, and write a two- or three-sentence introduction to this episode."
45353,"<span lang=""en-US"">Click on the picture that goes with each sentence.</span>"
45535,Complete these conversations between Carlos López and two students.
45543,Match each definition to the appropriate word.
45553,Watch as Mrs. Valdivieso gives Mónica a tour of the house. Match the captions to the appropriate images.
45583,Put these events in the correct order.
45616,Identify where these items are located in Frida's museum.
45639,Indicate with <b>sí</b> or <b>no</b> whether Carlos mentions the following places in the video.
45650,Identify what you see while watching the video.
45926,"Imagine that you are a travel agent and that the French globetrotting family you saw in the video is planning their next destination. Write a conversation between you and the mother. Suggest an exciting destination, describe the activities the family can do together, and then work out how to get there, where to stay, and for how long."
45928,Indicate whether each statement is <b>cierto</b> or <b>falso</b>.
46250,"<span lang=""en-US"">Click on the answer that best completes the statement.</span>"
46351,Complete the description of what everyone is doing right now.
46364,"Look at the video still. Imagine what Omar will say about Machu Picchu, and write a two- or three-sentence introduction to this episode."
46455,Look at the drawing and indicate whether each statement you hear is <b>cierto</b> or <b>falso</b>.
46484,Write complete sentences describing the activities or places in the photos.
46486,"Look at the video still. Imagine what Randy will say about markets in Costa Rica, and write a two- or three-sentence introduction to this episode."
46499,
46502,
46538,Choose <b>sí</b> or <b>no</b> to indicate which activities and places you see in the video.
46540,Choose which country each word relates to.
46541,"<span lang=""en-US"">Watch the <b>Resumen</b> segment of this video module and complete the following sentences.</span>"
46542,Select the character associated with each word or phrase.
46649,
46652,"Look at the drawings, then complete the sentences, using the preterite or imperfect."
46740,Write sentences that describe what the people in the drawings were doing yesterday at three o'clock in the afternoon. Use the subjects provided and the imperfect tense.
46742,"Select one of these people and imagine a typical workday. Consider his or her daily routines as well as the time he or she gets up, goes to work, spends time with friends, goes back home and goes to sleep. Use the words provided."
46747,Escucha las descripciones e indica el número de la descripción que corresponda a cada foto.
46759,
46760,Escucha las frases y selecciona el objeto que necesitas para cada actividad.
46772,Fill in the blanks with the population and the name of the capital of each country.
46774,"Look at the video still. Imagine what Leticia will say about la comida latina in Los Angeles, and write a two- or three-sentence introduction to this episode."
46779,"Look at the video still. Imagine what Mari Carmen will say about tapas in Barcelona, and write a two- or three-sentence introduction to this episode."
46811,"Based on their use in the <popup>reading</popup>, match the phrases to their definitions."
46815,Look at the video still. Imagine what Silvina will say about hospitals in Argentina and write a two- or three-sentence introduction to this episode.
46819,Look at the video still. Imagine what Omar will say about technology in Peru and write a two- or three-sentence introduction to this episode.
46821,Identify why these people use cell phones and Internet.
46841,Label the photos. Specify the location.
46842,Look at the video still. Imagine what Carlos will say about <b>La Casa de Frida</b> and write a two- or three- sentence introduction to this episode.
46843,"Listen to what these people say, and select the correct caption for each person."
46846,Look at the video still. Imagine what Alberto will say about volcanoes and hot springs in Costa Rica and write a two- or three-sentence introduction to this episode.
46847,Imagine that you are a forest ranger at the volcán Arenal park and you just learned that a highly-polluting company plans to move its plant near the park. Write a conversation between you and your colleagues at work in which you try to convince them to take action to prevent it.
46861,Look at the video still. Imagine what Carlos will say about el Metro in Mexico City and write a two- or three-sentence introduction&#8212;in Spanish&#8212;to this episode.
46870,Look at the video still. Imagine what Miguel Ángel will say about el estrés in Madrid and write a two- or three-sentence introduction to this episode.
46873,Look at the video still. Imagine what Mónica will say about jobs in Ecuador and write a two- or three-sentence introduction to this episode.
46874,"Listen to what these people say, and match the captions to the appropriate person."
46937,Selecciona la respuesta correcta según <popup>la lectura</popup>.
47077,"Based on the <popup>reading</popup>, indicate whether the following statements are <b>cierto</b> or <b>falso</b>."
47080,"Based on the <popup>reading</popup>, indicate whether each statement is <b>cierto</b> or <b>falso</b>."
47093,Selecciona la respuesta correcta según el <popup>texto</popup>.
47108,Indica si lo que se dice en cada oración es <b>cierto</b> o <b>falso</b> según el <popup>texto</popup>.
47112,Identifica el nombre de la(s) persona(s) descrita(s) (<i>described</i>) en el <popup>artículo</popup>.
47166,Selecciona la respuesta correcta según (<i>according to</i>) la <popup>entrevista</popup>.
47187,Pon estos eventos en el orden cronológico según <popup>la lectura</popup>.
47203,"Después de leer <popup>el texto</popup>, responde a las preguntas. Usa oraciones completas."
47418,Complete these conversations.
47420,Choose the option that best completes each statement.
47422,Search the Internet to find out more about the <b>paseo</b>.
47427,
47475,"Type your own contact list with six important phone numbers, like the one shown in the <popup>reading</popup>. Include emergency phone numbers as well as frequently called numbers. Use cognates."
47559,"<span lang=""en_US"">You will hear six short exchanges. For each one, decide whether it is a greeting, an introduction, or a leave-taking.</span>"
47563,"<span lang=""en_US"">You will hear six people introduce themselves. Listen carefully and write the people’s names as they spell them.</span>"
47578,"For each question or expression, write the appropriate answer from the box in each blank."
47588,Write the name of the Spanish-speaking country that is highlighted in each map.
47598,"For each person, provide the subject pronoun that you would use when addressing the person and the pronoun you would use when talking about the person."
47609,Use the schedule to answer the questions in complete sentences. Type out the numbers and follow the model.
47631,
47634,Look at the video still. Imagine a conversation between these two people.
47646,"<span lang=""en-US"">Look at each drawing and listen to the statement. Indicate whether the statement is</span> <b>cierto</b> <span lang=""en-US"">or</span> <b>falso</b>."
47648,Listen to each sentence and select the subject of the verb.
47653,"<span lang=""en-US"">You will hear some questions. Look at the family tree and choose the correct answer to each question.</span>"
47659,Listen to each question and choose the most logical response.
47661,Listen to each statement and indicate if it is <b>lógico</b> or <b>ilógico.</b>
47674,Indicate whether these statements are <b>cierto</b> or <b>falso</b>.
47676,
47684,Chose the correct phrase to complete each sentence.
47686,Complete the conversation with the appropriate forms of the verbs.
47688,Provide the present-tense forms of <b>estar</b>.
47694,Complete the conversation between Daniela and her mother with the correct forms of <b>ser</b> or <b>estar</b>.
47696,Complete this email from Marta to her friend Margarita using the correct words from the word list. Each word is used only once.
47698,Provide the words for these numbers.
47724,"<span lang=""en-US"">Choose the option that best completes the sentence.</span>"
47726,"Find school-related words in the grid, looking horizontally and vertically. Match these words to their English translation."
47727,"<span lang=""en-US"">Complete these sentences with the correct verb form so that the sentence makes sense.</span>"
47729,"<span lang=""en-US"">Form sentences using the words provided. Use the correct present tense or infinitive form of each verb.</span>"
47780,Form complete sentences using one word from each column.
47783,"<span lang=""en-US"">Use complete sentences to answer these yes or no questions.</span>"
47785,"<span lang=""en-US"">Form four different questions that would prompt each of these answers.</span>"
47787,"<span lang=""en-US"">Use the inventory list to answer these questions about the amount of items in stock at the school bookstore. Use complete sentences and write out the Spanish words for numbers.</span>"
47867,"Después de leer <popup>el texto</popup>, indica si lo que dice cada oración es <b>cierto</b> o <b>falso</b>."
47909,"<span lang=""en-US"">The underlined elements in the following statements are incorrect. Supply the correct words in the blanks provided. </span>"
47913,
47916,Indicate which area of study each of these students and alumni is likely to study or have studied.
47918,"Imagine that Carlos López visits your school and wants to find out about the institution, campus or facilities, classes, and students. Write a brief paragraph about what you would say."
47928,Read these sentences and guess which character is being described.
47932,Search the Internet to learn more about a famous Hispanic-American family.
48007,Complete Marta's description of a photo of her family.
48009,"<span lang=""en-US"">Provide the correct present tense forms of the verb indicated.</span>"
48011,Susana is describing her family. Complete each sentence with the correct verb form.
48013,Complete each sentence with the appropriate form of <b>tener</b> or <b>venir</b>.
48020,"Based on the information provided in the <popup>reading</popup>, answer these questions in Spanish. Use complete sentences."
48028,"<span lang=""en-US"">Look at the family tree and describe the relationships between these people.</span>"
48035,"<span lang=""en-US"">Fill in the blank with the word for the person, place, or thing described.  Follow the model.</span>"
48037,"<span lang=""en-US"">Answer these questions using the adjective with the opposite meaning.</span>"
48039,"<span lang=""en-US"">Complete these conversations with the correct forms of the verbs in parentheses.</span>"
48042,"<span lang=""en-US"">Rewrite each sentence using the subject in parentheses. Change the verb form and possessive adjectives as needed.</span>"
48050,"<span lang=""en-US"">Look at the drawings and complete the sentences using these verbs.</span>"
48052,"<span lang=""en-US"">In each sentence, select the the logical expression with</span> <b>tener</b>."
48067,"<span lang=""en-US"">Listen to each statement and choose the number of the statement below the drawing it describes.</span>"
48141,Indicate whether each person or thing was shown in Inés’ flashback about her family.
48143,Answer these questions about the video episode in complete sentences.
48145,
48147,"Identify which family these people belong to : <b>los Valdivieso, los Bolaños</b>, or both."
48173,
48192,Listen to this radio broadcast and fill in the missing words.
48226,"Listen to each question or statement, then choose the correct response."
48238,"<span lang=""en-US"">Listen to each statement and select the subject that corresponds to the verb you hear.</span>"
48242,"Find Luisa Moya Sánchez on the family tree. Then listen to her statements and indicate whether they are <b>cierto</b> (<i>true</i>) or <b>falso</b> (<i>false</i>), based on her family tree."
48245,You will hear some definitions of vocabulary words. Select the phrase that matches each definition.
48247,"<span lang=""en-US"">You will hear some sentences with a beep in place of the verb. Decide which form of </span> <b>ser</b> <span lang=""en-US"">or</span> <b>estar</b> <span lang=""en-US"">should complete each sentence. </span>"
48249,"¡Bingo! <span lang=""en_US"">You are going to play two games</span> (<b>juegos</b>) <span lang=""en_US"">of bingo. As you hear each number, choose it from the list. When you've filled in a row or column on your card, you will hear ""¡Bingo!"". </span>"
48325,"<span lang=""en_US"">You will hear a series of words. Decide whether the word is masculine or feminine.</span>"
48354,You will hear some sentences with a beep in place of a preposition. Decide if <b>por</b> or <b>para</b> should complete each sentence.
48358,Listen to each statement and select the possessive pronoun you hear.
48379,"<span lang=""en-US"">You will hear a conversation. Listen carefully and, during the pauses, write what you hear . The entire conversation will then be repeated so you can check your work.</span>"
48381,You will hear six people describe what they are doing. Choose the place that corresponds to the activity.
48385,"For each drawing, you will hear two statements. Choose the one that corresponds to the drawing."
48387,You will hear four brief conversations. Choose the statement that expresses how the people feel in each situation.
48389,Listen to what these people are doing. Then read the statements below and choose the appropriate description.
48391,You will hear a series of words. Write the word that does not belong in each series.
48393,"For each drawing, you will hear two statements. Choose the one that corresponds to the drawing."
48395,Listen to this conversation between Mr. Vega and a travel agent. Then read the statements and decide whether they are <b>cierto</b> or <b>falso</b>.
48397,Listen to each sentence and decide whether the verb is in the present or the preterite tense.
48399,Listen to each question and choose the most logical response.
48405,Listen to each question and select the appropriate category.
48407,You will hear some sentences with a beep in place of the verb. Decide which form of <b>saber</b> or <b>conocer</b> should complete each sentence.
48409,Listen to each question and choose the most logical response.
48411,"You will hear some sentences with a beep in place of the relative pronoun. Decide whether <b>que, quien,</b> or <b>lo que</b>  should complete each sentence and select it."
48415,Listen to the recording. You will hear some questions and the responses. Decide if they are <b>lógico</b> or <b>ilógico</b>.
48421,Listen to each statement and select the word or phrase that best completes it.
48432,Listen as Mercedes tells a friend about her day. Then read the statements and decide whether they are <b>cierto</b> or <b>falso</b>.
48433,You will hear two brief conversations. Listen carefully and then indicate whether the statements are <b>cierto</b> or <b>falso</b>.
48435,"For each drawing below, you will hear two statements. Choose the statement that best corresponds to the drawing."
48438,You will hear a friend describing Azucena's weekend experiences. Listen carefully and write what you hear during the pauses. The entire passage will be repeated so that you can check your work.
48451,Answer these questions.
48457,"You will hear some sentences. If the verb is a formal command, choose <b>Sí</b>. If the verb is not a command, choose <b>No</b>."
48459,"Julia is going to explain how to get to her home. Listen to her instructions, then number the instructions in the correct order. Two items will not be used."
48470,You will hear some sentences with a beep in place of a verb. Select which verb should complete each sentence.
48471,Listen to this conversation. Then choose the phrase that best completes each sentence below.
48472,"Listen to each sentence. If you hear a verb in the subjunctive, select <b>Sí</b>. If you don&#8217;t hear the subjunctive, select <b>No</b>."
48473,Listen to this conversation and answer the questions below.
48474,Listen to each sentence and choose the letter of the household item mentioned.
48476,Listen to this conversation between Mr. Fuentes and a real estate agent. Then read the statements and decide whether they are <b>cierto</b> or <b>falso</b>.
48490,Listen to each statement and choose the most logical response.
48495,Listen to the recording. You will hear some slogans created by environmentalists. Choose the number of the slogan that corresponds to the ecological problem it addresses.
48497,Listen to this radio advertisement and write the missing words.
48511,"Listen to each statement or question. If it refers to a person, place, or thing that clearly exists or is known, choose <b>sí</b>. If it refers to a person, place, or thing that either does not exist or whose existence is uncertain, choose <b>no</b>."
48512,Listen to each statement. Choose <b>sí</b> if it is a <b>tú</b> command. Choose <b>no</b> if it is not.
48513,"Eduardo’s wife has asked him to do some errands for her. Using the map and her directions, write down the places she mentions."
48514,"You will hear a conversation between a man who is visiting Panamá and his travel agent. Using <b>tú</b> commands and the ideas presented, write six pieces of advice that someone can follow when visiting Panamá."
48515,Listen to each statement. Choose <b>sí</b> if it is a command. Choose <b>no</b> if it is not.
48516,Listen to Manuel and Elisa’s conversation. Then read the statements and decide whether they are <b>cierto</b> or <b>falso</b>.
48517,You will hear some questions and the responses. Decide if they are <b>lógico</b> or <b>ilógico</b>.
48524,Escucha las frases e indica si cada frase es <b>lógica</b> o <b>ilógica</b>.
48525,Escucha el anuncio del gimnasio Sucre. Indica los servicios que se ofrecen con <b>sí</b>.
48534,Listen as Marisela describes her new fitness program. Then indicate the day on which she plans to do each activity.
48535,Listen to each statement and select the subject of the verb.
48536,You will hear some brief conversations. Indicate if they are <b>lógico</b> or <b>ilógico</b>.
48537,Listen to each sentence and write the past participle that is being used as an adjective.
48538,Look at the drawing and listen to each statement. Indicate whether each statement is <b>cierto</b> or <b>falso</b>.
48539,Listen to this conversation and write the missing words. Then answer the questions.
48540,Listen to this conversation between Eva and Manuel. Then choose the correct ending for each statement.
48541,You will hear a series of words or phrases. Write the word or phrase that does not belong in each group.
48547,Listen to each sentence and select the subject of the verb.
48548,"Listen to each sentence and indicate whether you hear a verb in the future, the conditional, or the imperfect tense."
48549,Cristina is planning a business conference. Listen to her ideas and then indicate whether the statements are <b>cierto</b> or <b>falso</b>.
48550,Listen to each description and then complete the sentence by identifying the person’s occupation.
48551,Listen to this radio advertisement and answer the questions.
48553,Listen to each sentence and decide whether the verb is in the present or the preterite tense.
48555,"For each drawing, you will hear two statements. Choose the one that corresponds to the drawing."
48557,"For each drawing, you will hear two statements. Choose the one that corresponds to the drawing."
48562,Esucha las oraciones e indica si son <b>lógicas</b> o <b>ilógicas</b>.
48579,Listen to this conversation between Jorge and Rosalía. Then choose the correct answers to the questions.
48587,Listen to this radio advertisement and write the prices for each item listed. Then figure out what the total cost of the trip would be.
48590,Listen to each sentence and select the correct subject of each verb.
48591,Listen to this conversation and answer the questions.
48595,Listen to each sentence and indicate whether it is <b>cierto</b> or <b>falso</b>.
48599,Óscar está hablándote de las diligencias que hizo ayer. Indica adónde fue con <b>sí</b>.
48675,"Based on the information provided in the <popup>reading</popup>, indicate whether each statement is <b>cierto</b> or <b>falso</b>."
48721,Escoge la respuesta correcta a estas preguntas sobre la crítica culinaria de <popup>La feria del maíz</popup>.
48868,Click on the answer that best completes the statement.
48879,Click on the answer that best completes the statement.
49131,
49165,
49418,What does Silvina say when she meets her friends? Complete these conversations.
49421,Listen to each question or statement and respond with an answer from the list. Repeat the correct response after the speaker.
49425,Your friend Ana won the lottery and with that money she is buying presents for her friends and family. Look at the figures in the chart and listen to each statement. Then indicate whether each statement is <b>cierto</b> or <b>falso</b>.
49761,Give the plural form of each singular article and noun and the singular form of each plural article and noun.
49764,Use <b>ser + de</b> to indicate where the people are from.
49935,"<span lang=""en_US"">You will hear three conversations. Look at the drawing and select the letter that corresponds to each conversation. </span>"
49961,Listen and then complete the sentences.
49970,Choose the correct word from the bank for each clue.
50052,"<span lang=""en-US"">A friend wants to invite some classmates to a party but she doesn't have their telephone numbers. Using the numbers in parentheses, answer her questions.</span>"
50136,
50138,
50142,
50323,"<span lang=""en_US"">Change each word from the masculine to the feminine. Repeat the correct answer after the speaker.</span>"
50324,"Listen to the speaker say each word and spell it out, then record yourself saying and spelling each word."
50326,"<span lang=""en_US"">Change each word from the singular to the plural. Repeat the correct answer after the speaker.</span>"
50328,"Look at the <a href=""/popup.php?pageAction=display_media&medid=2200"" target=""_blank"" onclick=""mediaView=window.open('/popup.php?pageAction=display_media&medid=2200', '_blank', 'scrollbars=yes,menubar=no,height=351,width=586,resizable=yes,toolbar=no,location=no,status=no'); mediaView.focus(); return false;"">drawing</a> and answer each question you hear. Repeat the correct response after the speaker."
50333,Form a new sentence using the cue you hear as the subject. Repeat the correct answer after the speaker.
50334,"<span lang=""en-US"">Your friend Diego is never sure what day of the week it is. Respond to his questions saying that it is the day before the one he mentions. Then repeat the correct answer after the speaker.</span>"
50335,"<span lang=""en-US"">You will hear a series of questions. Look at Susana’s schedule for today and answer each question. Then repeat the correct response after the speaker.</span>"
50336,"<span lang=""en-US"">Form a new sentence using the cue you hear as the subject. Repeat the correct answer after the speaker.</span>"
50337,"<span lang=""en-US"">Answer each question you hear in the negative. Repeat the correct response after the speaker.</span>"
50338,Form a new sentence using the cue you hear. Repeat the correct answer after the speaker.
50340,Héctor wants to verify the relationship between various members of the González family. Look at the drawing and answer his questions with the correct information. Repeat the correct response after the speaker. 
50342,"Repeat each word after the speaker, focusing on the diphthongs."
50347,"Listen to the speaker say each letter, then record yourself saying it."
50349,"Listen to the speaker say each name, then record yourself saying it."
50351,"Repeat each sentence after the speaker, focusing on the vowels."
50358,Repeat each saying after the speaker to practice vowels.
50359,Listen to the speaker and repeat the sentence.
50360,Repeat each saying after the speaker to practice diphthongs and linking sounds.
50361,Change each sentence from the masculine to the feminine. Repeat the correct answer after the speaker. 
50362,Change each sentence from the singular to the plural. Repeat the correct answer after the speaker. 
50363,"<span lang=""en-US"">Answer each question you hear in the affirmative using the appropriate possessive adjective. Repeat the correct response after the speaker. "
50364,"<span lang=""en-US"">Listen to the following statements. Using the cues you hear, say that these people do the same activities. Repeat the correct answer after the speaker. "
50365,"<span lang=""en-US"">Answer each question you hear in the negative. Repeat the correct response after the speaker. "
50366,"<span lang=""en-US"">Starting with the model sentence each time (Alicia viene a las seis.), form a new sentence using the cue you hear as the subject. Repeat the correct answer after the speaker. "
50367,"<span lang=""en-US"">Some people are not doing what they should. Say what they have to do. Repeat the correct response after the speaker. "
50370,Form a new sentence using the cue you hear as the subject. Repeat the correct answer after the speaker.
50372,"Listen to the speaker and repeat the sentence, focusing on the <b>b</b> and <b>v</b> sounds."
50373,You will hear some questions. Look at the drawing and respond to each question. Repeat the correct answer after the speaker.
50374,You just met Rosa Beltrán at a party. Describe her to a friend by using <b>ser</b> or <b>estar</b> with the cues you hear. Repeat the correct response after the speaker.
50375,Restate each sentence you hear using a direct object pronoun. Repeat the correct answer after the speaker.
50376,You just broke your glasses and now you can’t see anything. Respond to each statement using a direct object pronoun. Repeat the correct answer after the speaker.
50378,Answer each question you hear in the negative. Repeat the correct response after the speaker.
50379,Respond to each question saying that the opposite is true. Repeat the correct answer after the speaker.
50380,Repeat each phrase after the speaker to practice the <b>d</b> and the <b>t</b>.
50381,"Listen to the speaker and repeat the sentence, focusing on the <b>d</b> and <b>t</b> sounds."
50382,Repeat each saying after the speaker to practice the <b>d</b> and <b>t</b> sounds.
50383,Form a new sentence using the cue you hear. Repeat the correct answer after the speaker.
50384,Form a new sentence using the cue you hear. Repeat the correct answer after the speaker.
50385,Answer each question you hear in the negative using a form of the demonstrative pronoun <b>ése</b>. Repeat the correct response after the speaker.
50386,Repeat each word after the speaker to practice the <b>r</b> and the <b>rr</b>.
50387,"Listen to the speaker and repeat the sentence, focusing on the <b>r</b> and the <b>rr</b> sounds."
50389,Repeat each saying after the speaker to practice the <b>r</b> and the <b>rr</b>.
50390,Answer each question you hear in the affirmative. Repeat the correct response after the speaker.
50391,Change each sentence you hear to say the opposite is true. Repeat the correct answer after the speaker.
50392,Answer each question you hear in the negative. Repeat the correct response after the speaker.
50393,Change each sentence from the present to the preterite. Repeat the correct answer after the speaker.
50394,Form a new sentence using the cue you hear. Repeat the correct answer after the speaker.
50396,Change each sentence you hear substituting the new subject given. Repeat the correct response after the speaker.
50397,"Repeat each statement, replacing the direct object noun with a pronoun."
50398,Answer each question using the cue you hear and object pronouns. Repeat the correct response after the speaker.
50400,Listen to the following statements and say that you do the same activities. Repeat the correct answer after the speaker.
50401,Answer each question using the cue you hear. Repeat the correct response after the speaker.
50402,"You are babysitting Anita, a small child, who starts boasting about herself and her family. Respond to each statement using a comparative of equality. Then repeat the correct answer after the speaker."
50403,Answer each question you hear using the absolute superlative. Repeat the correct response after the speaker.
50404,"Listen to the speaker and repeat the sentence, focusing on the <b>h</b>, <b>j</b>, and <b>g</b>."
50405,Change each sentence from the present to the preterite. Repeat the correct answer after the speaker.
50406,"You will hear a series of responses to questions. Using <b>¿qué?</b> or <b>¿cuál?</b>, form the question that prompted each response. Repeat the correct answer after the speaker."
50407,Form a new sentence using the cue you hear. Repeat the correct answer after the speaker.
50408,Listen to the speaker and repeat the sentences.
50409,Change each sentence you hear to the future tense. Repeat the correct answer after the speaker.
50410,Form a new sentence replacing <b>iba a</b> + [<i>infinitive</i>] construction with the corresponding verb in the conditional. Repeat the correct answer after the speaker.
50411,Form a new sentence using the cue you hear. Repeat the correct answer after the speaker.
50572,Indica si estas afirmaciones sobre <popup>la lectura</popup> son <b>ciertas</b> o <b>falsas</b>.
50597,Indicate who would probably make each statement you hear.
50599,Complete the analogies using the words from the list
50601,
50622,Use the correct form of <b>estar</b> in the first blank and the correct adjective from the list in the second blank.
50629,Complete Martín’s statements about how he and other people are feeling. Use the appropiate form of the verb <b>estar</b> and the adjective that best fits the context.
50636,"<span lang=""en-US"">Write complete sentences using verbs in the present progressive. Include subject nouns and pronouns.</span>"
50642,Complete this conversation with the correct forms of <b>ser</b> and <b>estar</b>.
50650,Choose the correct response.
50661,"<span lang=""en-US""> Complete each sentence with the appropriate adjective from the word bank.</span>"
50664,Professor Vega's class is planning a trip to Costa Rica. Describe their preparations by changing the direct object nouns to direct object pronouns.
50672,
50755,Complete these sentences with the logical words.
50756,Complete this conversation with the logical words from the lesson.
50759,Answer these questions with complete sentences based on the weather map.
50796,Complete this e-mail using <b>estar</b> + the correct forms of the emotions and conditions. Do not use any term more than once.
50798,"Read each sentence, then write a new one for each, using <b>estar</b> + an emotion or condition to tell how these people are doing or feeling."
50800,Look at the illustration and label what each person is doing. Use the present progressive.
50804,Complete these sentences with the correct direct object pronouns.
50807,"Rewrite each of these sentences in two different ways, using direct object pronouns."
50810,Change each sentence from the present tense to the present progressive. Repeat the correct answer after the speaker. 
50815,Listen to Carolina’s description of her vacation and answer the questions.
50818,Look over these useful words before you watch the video.
50859,Answer these questions about this episode with complete sentences.
50863,Choose the correct answer for each question.
50867,"<span lang=""en-US"">Give the Spanish equivalent of each number.</span>"
50872,"For each sentence, choose the correct Spanish word for the number in parentheses."
50878,Complete what Isabel says about her weekend with the appropriate verb forms.
50882,"<span lang=""en-US"">Write sentences using the elements provided. Use the preterite.</span>"
50884,Fill in the correct indirect object pronouns.
50886,"<span lang=""en-US"">Complete each sentence with the indirect object pronoun indicated and the appropriate form of</span> <b>dar</b> <span lang=""en-US"">or</span> <b>decir</b>. <span lang=""en-US"">Follow the model.</span>"
50888,Choose the correct indirect object pronoun to complete the sentence.
50890,Complete the conversation with the appropriate demonstrative adjectives and pronouns.
50903,Click on the map pins to see additional information.
50907,Click on the map pins to view additional information.
50914,Elige la opción que mejor completa cada oración. Consulta <popup>el mapa</popup> y la información geográfica de <b>Aventuras en los países hispanos</b>.
50921,Search the Internet to learn more about the island once called La Española.
50926,"Search the Internet to learn more about Santo Domingo's colonial district, a UNESCO World Heritage site."
50941,Complete these sentences with the correct terms.
50943,"Read the following lottery winnings list. Then answer the questions, writing the Spanish words for numbers."
50946,Use <b>Hay + </b> the cues to write complete sentences.
50948,Two friends are shopping a very expensive store. Finish the questions adding the name of each item and then complete each answer writing out the corresponding amount.
50950,Complete these sentences with the preterite tense of the indicated verb.
50953,"Answer the questions negatively, indicating that what is asked has already happened. Follow the model."
50956,Complete the paragraph with the correct indirect object pronouns.
50960,Choose the correct country for each term that is given.
50962,Select the option that best completes each sentence.
50966,Select the word that best completes each sentence.
50969,Listen carefully and write each number as numerals rather than words.
50972,Listen to this conversation between Matilde and Hernán. Make a list of the tasks Hernán has already done in preparation for his trip and a list of the tasks he still needs to do. Use complete sentences.
50973,
50975,"Watch the <b>Resumen</b> segment of this video module and indicate whether Inés, Javier, or the Vendedor said each sentence."
50978,Complete the following sentences with the correct words from the list.
50979,
50998,Ordena los planes de Álex. Indica con una <b>X</b> lo que no corresponde.
51001,Completa estas oraciones con la palabra adecuada de la lista.
51002,Escoge la respuesta que mejor completa cada oración.
51010,Ordena estos eventos de manera lógica.
51013,Completa las conversaciones.
51015,"La familia de Blanca sigue la misma rutina todos los días. Según Blanca, ¿qué hacen ellos? Escribe oraciones completas. Sigue el modelo."
51019,Completa el diálogo con la forma apropiada de los verbos entre paréntesis.
51020,Completa esta conversación con la forma correcta del pretérito de <b>ser</b> o <b>ir</b>.
51022,Forma frases. Usa las formas del pretérito de <b>ser</b> y de <b>ir</b>. Haz otros cambios si son necesarios.
51025,Escribe el pronombre de objeto indirecto y la forma del tiempo presente adecuados en cada frase.
51028,Completa estas oraciones con los elementos necesarios.
51041,Selecciona la respuesta correcta según el <popup>texto</popup>.
51044,
51047,Complete each sentence with a word from <b>Preparación</b>.
51049,Answer the questions positively using the correct tense.
51052,"Choose the correct verb from the parentheses, then fill in the blank with its correct form."
51055,Make each sentence negative.
51058,Answer the questions negatively.
51061,"Rewrite each sentence, changing the positive words to negative ones."
51063,Complete each sentence by choosing the correct form of the verb from the menu.
51066,Complete the sentences with the correct pronouns and forms of the verbs in parentheses.
51071,Listen to this conversation. Then decide what Eduardo’s preferences are and answer the question.
51072,
51073,
51089,Indica las comidas y bebidas que Nora pide.
51090,Indica si lo que dicen las oraciones es <b>cierto</b> o <b>falso</b>.
51091,Selecciona la opción que mejor completa cada oración.
51093,Escribe la palabra que mejor completa cada oración.
51095,
51097,Completa el párrafo con la forma correcta de los verbos entre paréntesis.
51102,"Cambia las siguientes frases sustituyendo <span lang=""en-US""><i>(by replacing)</i></span> los sustantivos de objeto por los pronombres correspondientes. Haz cualquier <span lang=""en-US""><i>(any)</i></span> cambio necesario."
51105,Imagínate que trabajas de camarero/a en un restaurante. Responde a las órdenes de estos clientes usando pronombres. Sigue el modelo.
51107,Escribe las formas apropiadas de <b>saber</b> y <b>conocer</b>.
51110,Completa el diálogo con la forma apropiada de <b>saber</b> o <b>conocer</b>.
51115,Escoge el par de verbos que correctamente completa cada oración.
51121,Completa cada oración con <b>saber</b> o <b>conocer</b>.
51122,Escoge la palabra correcta para comparar a dos hermanas.
51124,Responde a las preguntas afirmativamente. Usa las palabras en paréntesis.
51143,
51151,Click on the map pins to view additional information.
51154,Elige la palabra que mejor completa cada oración. Consulta <popup>el mapa</popup> y la información geográfica de <b>Aventuras en los países hispanos</b>.
51155,Elige la palabra que mejor completa cada oración. Consulta <popup>el mapa</popup> y la información geográfica de <b>Aventuras en los países hispanos</b>.
51158,Elige la palabra que mejor completa cada oración. Consulta <popup>el mapa</popup> y la información geográfica de <b>Aventuras en los países hispanos</b>.
51160,Click on the map pins to view additional information.
51161,Elige la palabra que mejor completa cada oración. Consulta <popup>el mapa</popup> y la información geográfica de <b>Aventuras en los países hispanos</b>.
51162,Elige la palabra que mejor completa cada oración. Consulta <popup>el mapa</popup> y la información geográfica de <b>Aventuras en los países hispanos</b>.
51164,"<span lang=""en-US"">Complete the sentences using the word bank. Consult <popup>the map</popup> and the geographic information in the <b>Aventuras en los países hispanos</b> section of your textbook.</span>"
51166,Completa las oraciones con palabras de la lista.
51167,Click on the map pins to view additional information.
51169,Completa los párrafos con las palabras de la lista.
51170,Click on the map pins to view additional information.
51174,Completa cada oración con la opción correcta.
51176,Elige la palabra que mejor completa cada oración. Consulta <popup>el mapa</popup> y la información geográfica de <b>Aventuras en los países hispanos</b>.
51184,Escoge la opción que mejor completa cada oración.
51186,Elige la palabra que mejor completa cada oración. Consulta <popup>el mapa</popup> y la información geográfica de <b>Aventuras en los países hispanos</b>.
51188,Elige palabras de la lista para completar los párrafos.
51191,Read the descriptions and write the names of the food in the blanks. Be sure to include the articles.
51223,Categorize the foods listed below.
51229,"Rewrite each sentence, using the subject in parentheses. "
51238,"Rewrite each sentence, using double object pronouns."
51245,"Answer the questions, using double object pronouns."
51248,"Complete the sentences, using <b>saber</b> and <b>conocer</b>."
51250,"Complete the sentences, using the verbs from the word bank. Use each verb only once."
51255,"Create sentences, using the elements and <b>saber</b> and <b>conocer</b>."
51265,Completa las oraciones usando la forma correcta del verbo en paréntesis. Sigue el modelo.
51267,Select the country that each word is referring to.
51271,Provide the correct answer for each of the clues given.
51287,Correct these false statements about the <b>¿Qué tal la comida?</b> video episode.
51288,Choose <b>sí</b> or <b>no</b> to indicate whether you hear each cognate while watching the video.
51289,Complete the sentences with words from the word bank. Some words will not be used.
51295,Look over these useful words before you watch the video.
51335,You will hear some questions with a beep in place of the verb. Decide which form of <b>ser</b> or <b>estar</b> should complete each question and select it.
51338,You will hear some statements. Decide if they are <b>lógico</b> or <b>ilógico</b>.
51340,Listen to Juanita and Vicente talk about what they’re packing for their vacations. Select who is packing each item.
51346,Listen to each sentence and select the number of the sentence below the drawing of the food or drink mentioned.
51348,You will hear five sentences. Each will be said twice. Listen carefully and write what you hear.
51350,The manager of <b>El Gran Pavo</b> restaurant wants to know what items the chef is going to serve to the customers today. Listen to each question and choose the correct response.
51352,Listen as Jennifer describes her roommate. Then read the statements below and decide whether they are <b>cierto</b> or <b>falso.</b>
51354,You will hear a series of descriptions. Choose the statement that expresses the correct comparison.
51357,You will hear seven sentences. Each will be said twice. Listen carefully and write what you hear.
51359,Listen to this telephone conversation and answer the questions.
51368,Escucha las frases e indica si cada frase es <b>lógica</b> or <b>ilógica</b>.
51370,"Escucha las frases, mira las fotos e indica si cada frase es <b>cierta</b> o <b>falsa</b>."
51372,Investiga en Internet para aprender más sobre las ciudades principales de Ecuador. 
51374,Investiga en Internet para aprender más sobre las islas Galápagos. 
51635,
51717,
51784,
51797,
52201,Choose the option that best completes each sentence based on <popup>the reading</popup>.
52249,
52276,Completa las oraciones según <popup>la lectura</popup>.
52285,Describe the video stills. Write at least three sentences in Spanish for each still.
52365,
52379,
52382,
52397,
52399,
52402,
52413,
52423,
52635,Empareja las preguntas con las respuestas correspondientes.
52636,Ordena lo que Diego hizo (<i>did</i>) cronológicamente.
52637,Select the appropriate caption for each image.
52641,Choose <b>sí</b> or <b>no</b> to indicate whether you hear each cognate while watching the video.
52642,The underlined elements in these statements are incorrect. Write the correct word on the space provided.
52683,
52733,Write three features of each country in the blanks provided.
52734,"Unscramble the words about places in Nicaragua, Costa Rica, or Panamá, using the clues."
52735,Write a complete sentence about each photo. Identify each person and their country of origin.
52737,Complete the sentences with the correct words.
52738,Write why you think the <i>Canal de Panamá</i> is important.
52858,
52860,
52861,
52862,
52865,
52868,
52869,
52872,
52875,
52876,
52880,
52887,
52889,
52899,
52901,
52906,
53065,
53130,
53195,
53209,"Sandra's birthday is coming soon. Someone wants to throw her a party. It is supposed to be a surprise, but Sandra discovered a few things. Listen to her conclusions. Then complete the list of clues and answer the question."
53855,What does Noemi say about the lost city of Machu Picchu? Complete the quote below.
53857,Watch the tourists describe their impressions of Machu Picchu. Match the captions to the appropriate people.
53859,Identify which item(s) these people buy at the market.
53861,"Watch Randy bargain, and complete this conversation."
53864,Indicate whether these statements about montaditos are <b>cierto</b> or <b>falso</b>.
53865,Watch these people talk about tapas and complete this conversation.
53869,Select the statement that corresponds to each video still.
53872,Watch Leticia ask for recommendations from some clients in the restaurant and complete this conversation.
53876,Identify what each of these passengers like about el Metro.
53878,Complete this conversation between Alberto and the guide.
53883,"Write down the word for the person, place, thing, or action described."
53887,"Watch Silvina interview a patient, and complete this conversation."
53890,"Listen to a man talking about his dog, and complete the conversation."
54095,
54098,
54101,
54104,
54118,
54246,
54250,
54274,
54297,You will hear some statements. Decide if they are <b>lógico</b> or <b>ilógico</b>.
54361,
54371,
54382,
54391,
54404,
54410,
54427,
54430,
54442,
54444,
54456,Arrastra cada frase al sitio correspondiente del dibujo.
54462,
54465,
54474,
54480,
54785,"Complete these sentences using demonstrative pronouns. Choose a pronoun for each sentence, paying attention to agreement."
54939,Answer these questions negatively. Use indirect object pronouns in the answer.
55092,"Empareja cada definición con la palabra adecuada. Luego, completa las oraciones con la forma correcta de las palabras de la lista."
55097,
55103,Indica si lo que dicen las oraciones es <b>cierto</b> o <b>falso</b>.
55105,Completa las oraciones con la palabra correcta.
55109,Investiga en Internet para aprender más sobre la influencia española en los festivales indígenas.
55111,
55196,Escribe la forma correcta del pretérito del verbo que está entre paréntesis.
55200,Forma oraciones con estos elementos. Usa el pretérito.
55202,Completa el párrafo con el pretérito de los verbos de la lista de palabras.
55205,Completa las siguientes oraciones con pronombres relativos.
55208,Escoge la opción que mejor completa el párrafo.
55216,Click on the dialogues to hear them.
55219,Drag each sentence to the appropriate dialogue.
55222,Click on the words to hear them.
55226,Drag each word to the appropriate spot in the illustration.
55237,Identify the members of José's family by dragging each word to the appropriate picture.
55241,Click on the portraits to hear the person's relationship to José.
55246,Click on the words to hear them.
55252,"<span lang=""en-US"">Click on the words to hear them.</span>"
55255,"<span lang=""en-US"">Drag each term to the appropriate spot in the illustration.</span>"
55258,"<span lang=""en-US"">Click on the words to hear them.</span>"
55261,"<span lang=""en-US"">Drag each word from the word bank to the appropriate illustration.</span>"
55264,"<span lang=""en-US"">Haz clic en las palabras para oírlas.</span>"
55271,"Arrastra <span lang=""en-US""><i>(drag)</i></span> las frases a las ilustraciones correspondientes."
55276,Haz clic en las palabras para oírlas.
55279,"Arrastra <span lang=""en-US""><i>(drag)</i></span> cada palabra, colocándola <span lang=""en-US""><i>(placing it)</i></span> en el dibujo correspondiente."
55287,"Arrastra <span lang=""en-US""><i>(drag)</i></span> cada palabra al dibujo correspondiente."
55290,Haz clic en las palabras para oírlas.
55298,"Arrastra <span lang=""en-US""><i>(drag)</i></span> las frases a las ilustraciones correspondientes."
55301,"Arrastra <span lang=""en-US""><i>(drag)</i></span> cada frase al lugar correspondiente de la ilustración."
55304,Haz clic en las palabras para oírlas.
55308,Arrastra cada frase al dibujo correspondiente.
55311,Arrastra cada palabra al lugar correspondiente del dibujo.
55317,Haz clic en las palabras para oírlas.
55322,Arrastra cada frase al lugar correspondiente del dibujo.
55324,
55332,Arrastra cada frase hacia la ilustración adecuada.
55342,Haz clic en las palabras para oírlas.
55353,Arrastra cada palabra al sitio correspondiente del dibujo.
55358,Haz clic en las palabras para oírlas.
55361,Arrastra cada palabra al lugar correspondiente del dibujo.
55365,Haz clic en las palabras para oírlas.
55368,Arrastra cada frase al sitio correspondiente del dibujo.
55371,Arrastra cada frase al sitio correspondiente del dibujo.
55374,Haz clic en las palabras para oírlas.
55378,Arrastra cada frase hacia la ilustración adecuada.
55382,Haz clic en las palabras para oírlas.
55385,Arrastra cada término al dibujo correspondiente.
55391,Read the descriptions and answer the questions with complete sentences.
55401,
55402,"Answer the questions negatively, indicating that the action has already occurred. Use the verbs in parentheses."
55407,Use the verbs to write sentences in Spanish.
55409,"Complete the sentences with <b>que</b>, <b>quien</b>, or <b>quienes</b>."
55412,Answer the questions using the words in parentheses.
55415,Complete the sentences with <b>que</b> or <b>lo que</b>.
55417,Complete the sentences with interrogative words or phrases.
55422,Write questions that correspond to these responses. Use each word or phrase from the word bank only once.
55444,Listen to the recordings. Answer each question you hear using a relative pronoun and the cues provided below. Repeat the correct response after the speaker.
55457,Look at the video still. What do you think this episode will be about? Imagine what Diego will say and write a two- or three-sentence introduction to this episode.
55460,Indicate whether each statement is <b>cierto</b> or <b>falso</b>.
55509,Escucha la conversación entre Virginia Cubillos y el doctor Dávila. Luego indica las frases que resumen (<i>sum up</i>) la conversación.
55511,
55512,Indica si las oraciones son <b>ciertas</b> o <b>falsas</b>.
55513,
55516,Completa las frases con el imperfecto.
55533,Responde a las preguntas según la información de la <popup>lectura</popup>. Usa oraciones completas.
55537,Elige la palabra que mejor completa cada oración. Consulta <popup>el mapa</popup>.
55542,Elige la palabra que mejor completa cada oración. Consulta <popup>el mapa</popup>.
55548,Completa las oraciones con palabras de la lista.
55551,Elige la palabra que mejor completa cada oración. Consulta <popup>el mapa</popup>. 
55553,Escoge la opción correcta para completar cada oración.
55563,Label the parts of the body. Remember the definite articles.
55565,Create sentences with the elements provided and the imperfect tense.
55568,"Answer the questions negatively, using the imperfect tense. Make sure to include the direct object pronoun when needed. Follow the model."
55571,Write advertisements or signs for the situations described. Use impersonal constructions with <b>se</b>.
55576,Choose the correct form of the verb in parentheses and write it to complete the sentence.
55580,"Answer the questions, using the phrases in parentheses."
55585,"Unscramble the words about Argentina, Chile, Uruguay, Paraguay, and Bolivia, using the clues."
55591,"You will hear a series of words. In order, write each one in the appropriate category. "
55594,Listen to each sentence and select the verb tense you hear.
55599,Listen to each question and choose the most logical response.
55603,Choose the item that best fits the description.
55606,Number the sentences in the order in which they appear in the video.
55607,Put Silvina's actions in the correct order.
55608,Identify the main characteristics of the health system in Argentina. Use these guiding questions.
55609,You were exploring the city of Buenos Aires when an aggressive pedestrian knocked you to the ground. You arrived in great pain at the guardia only to find the wait very long. Write your conversation with a nurse in which you explain your symptoms to convince him/her that this is <b>not</b> a minor accident and you should receive immediate care.
55612,Click on the map pins to view additional information.
55615,Click on the map pins to view additional information.
55618,Click on the map pins to view additional information.
55621,Click on the map pins to view additional information.
55663,¿Recuerdas al chico en la plaza que le escribía un correo electrónico a su novio? Imagina que tú eres él y escríbele el correo a su novia contándole sobre la tecnología y la vida en la ciudad de Cuzco. Usa el pretérito para narrar en el pasado.
55687,Elige la palabra que mejor completa cada oración. Haz los cambios necesarios.
55690,Indicia cuál de las dos opciones resume mejor el episodio.
55696,Completa este párrafo con las formas correctas del pretérito o del imperfecto.
55698,Completa el diálogo con la forma correcta del pretérito o imperfecto de los verbos entre paréntesis.
55702,Completa este párrafo con las preposiciones <b>por</b> o <b>para</b>.
55705,Forma oraciones con estos elementos. Usa el presente y haz todos los cambios necesarios.
55711,Answer the questions with complete sentences.
55712,Complete the paragraph with words from the list. Conjugate verbs as appropriate.
55714,Complete the sentences correctly with imperfect or preterite forms of the verbs in parentheses.
55717,Complete the sentences with the expressions in the word bank. Note that you will use two of them twice.
55720,Complete the paragraph with <b>por</b> and <b>para</b>.
55723,Write the possessive adjectives in the blanks as indicated.
55726,Select the word that is not logically associated with each word you hear.
55729,You will hear some statements. Decide if they are <b>lógico</b> or <b>ilógico</b>.
55734,Listen to each statement and identify the verbs in the preterite and imperfect. Write them in the appropriate column.
55737,All of these statements about the video episode are false. Rewrite them so that they will be true.
55740,Complete this paragraph about technology in Peru.
55743,Watch Omar interview a young man and complete their conversation.
55792,Empareja cada palabra con su descripción.
55795,Busca información en Internet sobre las casas de Antoni Gaudí.
55796,
55799,Escoge la respuesta correcta según el episodio.
55822,Escribe los mandatos afirmativos y negativos en oraciones completas. Sigue el modelo.
55827,Indica el mandato (<i>command</i>) formal de cada verbo.
55829,Completa las oraciones con el subjuntivo de los verbos.
55832,Completa el párrafo con el presente del subjuntivo de los verbos entre paréntesis.
55854,Completa las frases con las palabras adecuadas según <popup>la lectura</popup>.
55871,Click on the map pins to view additional information.
55873,Escoge la opción que mejor completa cada oración. Consulta <popup>el mapa</popup> y la información geográfica de <b>Aventuras en los países hispanos</b>.
55874,Click on the map pins to view additional information.
55879,Elige la palabra que mejor completa cada oración. Consulta <popup>el mapa</popup>.
55886,Completa el párrafo con las palabras de la lista.
55887,Click on the map pins to view additional information.
55889,Completa cada oración con la opción correcta según la información <popup>del mapa</popup>.
55894,Elige la palabra que mejor completa cada oración. Consulta <popup>el mapa</popup>.
55899,Answer the questions with complete sentences.
55901,"Complete the sentences, describing the domestic activity in each drawing. Use the imperfect tense."
55906,"Complete the commands, using the verbs in parentheses."
55908,Write sentences using the elements provided and the present subjunctive of the verbs.
55911,"Read the following suggestions for buying a house. Then write a note to a friend, repeating the advice and using the present subjunctive of the verbs."
55912,"Imagine that you are going away for the weekend and you are letting some of your friends stay in your house. Write instructions for your houseguests asking them to take care of the house. Use formal commands, the phrases <b>Es bueno, Es mejor, Es importante, Es necesario,</b>  and <b>Es malo</b>, and the verbs <b>aconsejar, pedir, necesitar, prohibir, recomendar, rogar,</b>  and <b>sugerir</b> to describe how to make sure that your house is in perfect shape when you get home."
55915,Write the correct word for each clue given.
55919,Write a brief description for each of the words given.
55927,You will hear a series of words. Write the word that does not belong in each series.
55930,Listen to the recording. You will hear five sentences. Each will be said twice. Listen carefully and write what you hear.
55933,Answer the following questions about this video episode in Spanish.
55935,Select <b>sí</b> for the verbs you hear while watching the video.
55943,Click on the map pins to view additional information.
55947,Indica el presente del subjuntivo de estos verbos.
55952,"For each drawing, you will hear three statements. Choose the one that corresponds to the drawing."
55960,Listen as señora Jiménez talks about a party she has planned. Then answer the questions below.
55961,Elige la opción que mejor completa la oración. Consulta <popup>el mapa</popup>.
55963,Elige la palabra que mejor completa cada oración. Consulta <popup>el mapa</popup>.
55966,Listen as Susana describes what happened between her and Pedro. Then answer the questions.
55968,Listen to this description and fill in the missing words.
55971,"For each drawing, you will hear two statements. Choose the one that corresponds to the drawing."
55986,Listen to this description of Ángela's medical problem and write the missing words.
56005,Answer the questions with complete sentences.
56014,
60000,
60001,
60002,
60003,
