source_file_path,start_unit,end_unit,component_name,subcomponent_name,clean_title,is_student_resource,is_protected,description
Activity_Pack/pan4e_activity_pack_board_and_instructions.pdf,0,14,Activity Pack,Board Game,Activity Pack: Board and Instructions,0,0,sample description
Activity_Pack/pan4e_activity_pack_lessons_1-15.pdf,0,14,Activity Pack,Board Game,Activity Pack: Lessons 1-15 - Cards,0,0,sample description
Activity_Pack/pan4e_l01_communication_activities.pdf,0,,Activity Pack,Communication Activities,Activity Pack: Lesson 1 - Communication Activities,0,0,sample description
Activity_Pack/pan4e_l02_communication_activities.pdf,1,,Activity Pack,Communication Activities,Activity Pack: Lesson 2 - Communication Activities,0,0,sample description
Activity_Pack/pan4e_l03_communication_activities.pdf,2,,Activity Pack,Communication Activities,Activity Pack: Lesson 3 - Communication Activities,0,0,sample description
Activity_Pack/pan4e_l04_communication_activities.pdf,3,,Activity Pack,Communication Activities,Activity Pack: Lesson 4 - Communication Activities,0,0,sample description
Activity_Pack/pan4e_l05_communication_activities.pdf,4,,Activity Pack,Communication Activities,Activity Pack: Lesson 5 - Communication Activities,0,0,sample description
Activity_Pack/pan4e_l06_communication_activities.pdf,5,,Activity Pack,Communication Activities,Activity Pack: Lesson 6 - Communication Activities,0,0,sample description
Activity_Pack/pan4e_l07_communication_activities.pdf,6,,Activity Pack,Communication Activities,Activity Pack: Lesson 7 - Communication Activities,0,0,sample description
Activity_Pack/pan4e_l08_communication_activities.pdf,7,,Activity Pack,Communication Activities,Activity Pack: Lesson 8 - Communication Activities,0,0,sample description
Activity_Pack/pan4e_l09_communication_activities.pdf,8,,Activity Pack,Communication Activities,Activity Pack: Lesson 9 - Communication Activities,0,0,sample description
Activity_Pack/pan4e_l10_communication_activities.pdf,9,,Activity Pack,Communication Activities,Activity Pack: Lesson 10 - Communication Activities,0,0,sample description
Activity_Pack/pan4e_l11_communication_activities.pdf,10,,Activity Pack,Communication Activities,Activity Pack: Lesson 11 - Communication Activities,0,0,sample description
Activity_Pack/pan4e_l12_communication_activities.pdf,11,,Activity Pack,Communication Activities,Activity Pack: Lesson 12 - Communication Activities,0,0,sample description
Activity_Pack/pan4e_l13_communication_activities.pdf,12,,Activity Pack,Communication Activities,Activity Pack: Lesson 13 - Communication Activities,0,0,sample description
Activity_Pack/pan4e_l14_communication_activities.pdf,13,,Activity Pack,Communication Activities,Activity Pack: Lesson 14 - Communication Activities,0,0,sample description
Activity_Pack/pan4e_l15_communication_activities.pdf,14,,Activity Pack,Communication Activities,Activity Pack: Lesson 15 - Communication Activities,0,0,sample description
Activity_Pack/pan4e_l01_grammar_activities.pdf,0,,Activity Pack,Grammar Activities,Activity Pack: Lesson 1 - Grammar Activities,0,0,sample description
Activity_Pack/pan4e_l02_grammar_activities.pdf,1,,Activity Pack,Grammar Activities,Activity Pack: Lesson 2 - Grammar Activities,0,0,sample description
Activity_Pack/pan4e_l03_grammar_activities.pdf,2,,Activity Pack,Grammar Activities,Activity Pack: Lesson 3 - Grammar Activities,0,0,sample description
Activity_Pack/pan4e_l04_grammar_activities.pdf,3,,Activity Pack,Grammar Activities,Activity Pack: Lesson 4 - Grammar Activities,0,0,sample description
Activity_Pack/pan4e_l05_grammar_activities.pdf,4,,Activity Pack,Grammar Activities,Activity Pack: Lesson 5 - Grammar Activities,0,0,sample description
Activity_Pack/pan4e_l06_grammar_activities.pdf,5,,Activity Pack,Grammar Activities,Activity Pack: Lesson 6 - Grammar Activities,0,0,sample description
Activity_Pack/pan4e_l07_grammar_activities.pdf,6,,Activity Pack,Grammar Activities,Activity Pack: Lesson 7 - Grammar Activities,0,0,sample description
Activity_Pack/pan4e_l08_grammar_activities.pdf,7,,Activity Pack,Grammar Activities,Activity Pack: Lesson 8 - Grammar Activities,0,0,sample description
Activity_Pack/pan4e_l09_grammar_activities.pdf,8,,Activity Pack,Grammar Activities,Activity Pack: Lesson 9 - Grammar Activities,0,0,sample description
Activity_Pack/pan4e_l10_grammar_activities.pdf,9,,Activity Pack,Grammar Activities,Activity Pack: Lesson 10 - Grammar Activities,0,0,sample description
Activity_Pack/pan4e_l11_grammar_activities.pdf,10,,Activity Pack,Grammar Activities,Activity Pack: Lesson 11 - Grammar Activities,0,0,sample description
Activity_Pack/pan4e_l12_grammar_activities.pdf,11,,Activity Pack,Grammar Activities,Activity Pack: Lesson 12 - Grammar Activities,0,0,sample description
Activity_Pack/pan4e_l13_grammar_activities.pdf,12,,Activity Pack,Grammar Activities,Activity Pack: Lesson 13 - Grammar Activities,0,0,sample description
Activity_Pack/pan4e_l14_grammar_activities.pdf,13,,Activity Pack,Grammar Activities,Activity Pack: Lesson 14 - Grammar Activities,0,0,sample description
Activity_Pack/pan4e_l15_grammar_activities.pdf,14,,Activity Pack,Grammar Activities,Activity Pack: Lesson 15 - Grammar Activities,0,0,sample description
Activity_Pack/pan4e_l01_review_activities.pdf,0,,Activity Pack,Review Activities,Activity Pack: Lesson 1 - Review Activities,0,0,sample description
Activity_Pack/pan4e_l02_review_activities.pdf,1,,Activity Pack,Review Activities,Activity Pack: Lesson 2 - Review Activities,0,0,sample description
Activity_Pack/pan4e_l03_review_activities.pdf,2,,Activity Pack,Review Activities,Activity Pack: Lesson 3 - Review Activities,0,0,sample description
Activity_Pack/pan4e_l04_review_activities.pdf,3,,Activity Pack,Review Activities,Activity Pack: Lesson 4 - Review Activities,0,0,sample description
Activity_Pack/pan4e_l05_review_activities.pdf,4,,Activity Pack,Review Activities,Activity Pack: Lesson 5 - Review Activities,0,0,sample description
Activity_Pack/pan4e_l06_review_activities.pdf,5,,Activity Pack,Review Activities,Activity Pack: Lesson 6 - Review Activities,0,0,sample description
Activity_Pack/pan4e_l07_review_activities.pdf,6,,Activity Pack,Review Activities,Activity Pack: Lesson 7 - Review Activities,0,0,sample description
Activity_Pack/pan4e_l08_review_activities.pdf,7,,Activity Pack,Review Activities,Activity Pack: Lesson 8 - Review Activities,0,0,sample description
Activity_Pack/pan4e_l09_review_activities.pdf,8,,Activity Pack,Review Activities,Activity Pack: Lesson 9 - Review Activities,0,0,sample description
Activity_Pack/pan4e_l10_review_activities.pdf,9,,Activity Pack,Review Activities,Activity Pack: Lesson 10 - Review Activities,0,0,sample description
Activity_Pack/pan4e_l11_review_activities.pdf,10,,Activity Pack,Review Activities,Activity Pack: Lesson 11 - Review Activities,0,0,sample description
Activity_Pack/pan4e_l12_review_activities.pdf,11,,Activity Pack,Review Activities,Activity Pack: Lesson 12 - Review Activities,0,0,sample description
Activity_Pack/pan4e_l13_review_activities.pdf,12,,Activity Pack,Review Activities,Activity Pack: Lesson 13 - Review Activities,0,0,sample description
Activity_Pack/pan4e_l14_review_activities.pdf,13,,Activity Pack,Review Activities,Activity Pack: Lesson 14 - Review Activities,0,0,sample description
Activity_Pack/pan4e_l15_review_activities.pdf,14,,Activity Pack,Review Activities,Activity Pack: Lesson 15 - Review Activities,0,0,sample description
Activity_Pack/pan4e_l01_vocabulary_activities.pdf,0,,Activity Pack,Vocabulary Activities,Activity Pack: Lesson 1 - Vocabulary Activities,0,0,sample description
Activity_Pack/pan4e_l02_vocabulary_activities.pdf,1,,Activity Pack,Vocabulary Activities,Activity Pack: Lesson 2 - Vocabulary Activities,0,0,sample description
Activity_Pack/pan4e_l03_vocabulary_activities.pdf,2,,Activity Pack,Vocabulary Activities,Activity Pack: Lesson 3 - Vocabulary Activities,0,0,sample description
Activity_Pack/pan4e_l04_vocabulary_activities.pdf,3,,Activity Pack,Vocabulary Activities,Activity Pack: Lesson 4 - Vocabulary Activities,0,0,sample description
Activity_Pack/pan4e_l05_vocabulary_activities.pdf,4,,Activity Pack,Vocabulary Activities,Activity Pack: Lesson 5 - Vocabulary Activities,0,0,sample description
Activity_Pack/pan4e_l06_vocabulary_activities.pdf,5,,Activity Pack,Vocabulary Activities,Activity Pack: Lesson 6 - Vocabulary Activities,0,0,sample description
Activity_Pack/pan4e_l07_vocabulary_activities.pdf,6,,Activity Pack,Vocabulary Activities,Activity Pack: Lesson 7 - Vocabulary Activities,0,0,sample description
Activity_Pack/pan4e_l08_vocabulary_activities.pdf,7,,Activity Pack,Vocabulary Activities,Activity Pack: Lesson 8 - Vocabulary Activities,0,0,sample description
Activity_Pack/pan4e_l09_vocabulary_activities.pdf,8,,Activity Pack,Vocabulary Activities,Activity Pack: Lesson 9 - Vocabulary Activities,0,0,sample description
Activity_Pack/pan4e_l10_vocabulary_activities.pdf,9,,Activity Pack,Vocabulary Activities,Activity Pack: Lesson 10 - Vocabulary Activities,0,0,sample description
Activity_Pack/pan4e_l11_vocabulary_activities.pdf,10,,Activity Pack,Vocabulary Activities,Activity Pack: Lesson 11 - Vocabulary Activities,0,0,sample description
Activity_Pack/pan4e_l12_vocabulary_activities.pdf,11,,Activity Pack,Vocabulary Activities,Activity Pack: Lesson 12 - Vocabulary Activities,0,0,sample description
Activity_Pack/pan4e_l13_vocabulary_activities.pdf,12,,Activity Pack,Vocabulary Activities,Activity Pack: Lesson 13 - Vocabulary Activities,0,0,sample description
Activity_Pack/pan4e_l14_vocabulary_activities.pdf,13,,Activity Pack,Vocabulary Activities,Activity Pack: Lesson 14 - Vocabulary Activities,0,0,sample description
Activity_Pack/pan4e_l15_vocabulary_activities.pdf,14,,Activity Pack,Vocabulary Activities,Activity Pack: Lesson 15 - Vocabulary Activities,0,0,sample description
Activity_Pack/pan4e_additional_vocabulary.pdf,0,14,Additional Vocabulary,,Additional Vocabulary: Printable lists - Lessons 1-15,0,0,sample description
Activity_Pack/pan4e_additional_vocabulary.rtf,0,14,Additional Vocabulary,,Additional Vocabulary: Editable lists - Lessons 1-15,0,0,sample description
Activity_Pack/pan4e_activity_pack_answer_key.pdf,0,14,Answer Keys,,Activity Pack: Lessons 1-15 - Printable Answer Key,0,1,sample description
Activity_Pack/pan4e_activity_pack_answer_key.rtf,0,14,Answer Keys,,Activity Pack: Lessons 1-15 - Editable Answer Key,0,1,sample description
Activity_Pack/pan4e_lab_manual_answer_key.pdf,0,14,Answer Keys,,Lab Manual: Lessons 1-15 - Printable Answer Key,0,1,sample description
Activity_Pack/pan4e_lab_manual_answer_key.rtf,0,14,Answer Keys,,Lab Manual: Lessons 1-15 - Editable Answer Key,0,1,sample description
Activity_Pack/pan4e_textbook_answer_key.pdf,0,14,Answer Keys,,Textbook: Lessons 1-15 - Printable Answer Key,0,1,sample description
Activity_Pack/pan4e_textbook_answer_key.rtf,0,14,Answer Keys,,Textbook: Lessons 1-15 - Editable Answer Key,0,1,sample description
Activity_Pack/pan4e_video_manual_answer_key.pdf,0,14,Answer Keys,,Video Manual: Lessons 1-15 - Printable Answer Key,0,1,sample description
Activity_Pack/pan4e_video_manual_answer_key.rtf,0,14,Answer Keys,,Video Manual: Lessons 1-15 - Editable Answer Key,0,1,sample description
Activity_Pack/pan4e_workbook_answer_key.pdf,0,14,Answer Keys,,Workbook: Lessons 1-15 - Printable Answer Key,0,1,sample description
Activity_Pack/pan4e_workbook_answer_key.rtf,0,14,Answer Keys,,Workbook: Lessons 1-15 - Editable Answer Key,0,1,sample description
Activity_Pack/pan4e_estructura_l01_01.ppt,0,,Grammar Slides,,Grammar Slides:  Lesson 1 - <i>Estructura</i> 1.1,0,0,sample description
Activity_Pack/pan4e_estructura_l01_02.ppt,0,,Grammar Slides,,Grammar Slides:  Lesson 1 - <i>Estructura</i> 1.2,0,0,sample description
Activity_Pack/pan4e_estructura_l01_03.ppt,0,,Grammar Slides,,Grammar Slides:  Lesson 1 - <i>Estructura</i> 1.3,0,0,sample description
Activity_Pack/pan4e_estructura_l01_04.ppt,0,,Grammar Slides,,Grammar Slides:  Lesson 1 - <i>Estructura</i> 1.4,0,0,sample description
Activity_Pack/pan4e_estructura_l02_01.ppt,1,,Grammar Slides,,Grammar Slides:  Lesson 2 - <i>Estructura</i> 2.1,0,0,sample description
Activity_Pack/pan4e_estructura_l02_02.ppt,1,,Grammar Slides,,Grammar Slides:  Lesson 2 - <i>Estructura</i> 2.2,0,0,sample description
Activity_Pack/pan4e_estructura_l02_03.ppt,1,,Grammar Slides,,Grammar Slides:  Lesson 2 - <i>Estructura</i> 2.3,0,0,sample description
Activity_Pack/pan4e_estructura_l02_04.ppt,1,,Grammar Slides,,Grammar Slides:  Lesson 2 - <i>Estructura</i> 2.4,0,0,sample description
Activity_Pack/pan4e_estructura_l03_01.ppt,2,,Grammar Slides,,Grammar Slides:  Lesson 3 - <i>Estructura</i> 3.1,0,0,sample description
Activity_Pack/pan4e_estructura_l03_02.ppt,2,,Grammar Slides,,Grammar Slides:  Lesson 3 - <i>Estructura</i> 3.2,0,0,sample description
Activity_Pack/pan4e_estructura_l03_03.ppt,2,,Grammar Slides,,Grammar Slides:  Lesson 3 - <i>Estructura</i> 3.3,0,0,sample description
Activity_Pack/pan4e_estructura_l03_04.ppt,2,,Grammar Slides,,Grammar Slides:  Lesson 3 - <i>Estructura</i> 3.4,0,0,sample description
Activity_Pack/pan4e_estructura_l04_01.ppt,3,,Grammar Slides,,Grammar Slides:  Lesson 4 - <i>Estructura</i> 4.1,0,0,sample description
Activity_Pack/pan4e_estructura_l04_02.ppt,3,,Grammar Slides,,Grammar Slides:  Lesson 4 - <i>Estructura</i> 4.2,0,0,sample description
Activity_Pack/pan4e_estructura_l04_03.ppt,3,,Grammar Slides,,Grammar Slides:  Lesson 4 - <i>Estructura</i> 4.3,0,0,sample description
Activity_Pack/pan4e_estructura_l04_04.ppt,3,,Grammar Slides,,Grammar Slides:  Lesson 4 - <i>Estructura</i> 4.4,0,0,sample description
Activity_Pack/pan4e_estructura_l05_01.ppt,4,,Grammar Slides,,Grammar Slides:  Lesson 5 - <i>Estructura</i> 5.1,0,0,sample description
Activity_Pack/pan4e_estructura_l05_02.ppt,4,,Grammar Slides,,Grammar Slides:  Lesson 5 - <i>Estructura</i> 5.2,0,0,sample description
Activity_Pack/pan4e_estructura_l05_03.ppt,4,,Grammar Slides,,Grammar Slides:  Lesson 5 - <i>Estructura</i> 5.3,0,0,sample description
Activity_Pack/pan4e_estructura_l05_04.ppt,4,,Grammar Slides,,Grammar Slides:  Lesson 5 - <i>Estructura</i> 5.4,0,0,sample description
Activity_Pack/pan4e_estructura_l06_01.ppt,5,,Grammar Slides,,Grammar Slides:  Lesson 6 - <i>Estructura</i> 6.1,0,0,sample description
Activity_Pack/pan4e_estructura_l06_02.ppt,5,,Grammar Slides,,Grammar Slides:  Lesson 6 - <i>Estructura</i> 6.2,0,0,sample description
Activity_Pack/pan4e_estructura_l06_03.ppt,5,,Grammar Slides,,Grammar Slides:  Lesson 6 - <i>Estructura</i> 6.3,0,0,sample description
Activity_Pack/pan4e_estructura_l06_04.ppt,5,,Grammar Slides,,Grammar Slides:  Lesson 6 - <i>Estructura</i> 6.4,0,0,sample description
Activity_Pack/pan4e_estructura_l07_01.ppt,6,,Grammar Slides,,Grammar Slides:  Lesson 7 - <i>Estructura</i> 7.1,0,0,sample description
Activity_Pack/pan4e_estructura_l07_02.ppt,6,,Grammar Slides,,Grammar Slides:  Lesson 7 - <i>Estructura</i> 7.2,0,0,sample description
Activity_Pack/pan4e_estructura_l07_03.ppt,6,,Grammar Slides,,Grammar Slides:  Lesson 7 - <i>Estructura</i> 7.3,0,0,sample description
Activity_Pack/pan4e_estructura_l07_04.ppt,6,,Grammar Slides,,Grammar Slides:  Lesson 7 - <i>Estructura</i> 7.4,0,0,sample description
Activity_Pack/pan4e_estructura_l08_01.ppt,7,,Grammar Slides,,Grammar Slides:  Lesson 8 - <i>Estructura</i> 8.1,0,0,sample description
Activity_Pack/pan4e_estructura_l08_02.ppt,7,,Grammar Slides,,Grammar Slides:  Lesson 8 - <i>Estructura</i> 8.2,0,0,sample description
Activity_Pack/pan4e_estructura_l08_03.ppt,7,,Grammar Slides,,Grammar Slides:  Lesson 8 - <i>Estructura</i> 8.3,0,0,sample description
Activity_Pack/pan4e_estructura_l08_04.ppt,7,,Grammar Slides,,Grammar Slides:  Lesson 8 - <i>Estructura</i> 8.4,0,0,sample description
Activity_Pack/pan4e_estructura_l09_01.ppt,8,,Grammar Slides,,Grammar Slides:  Lesson 9 - <i>Estructura</i> 9.1,0,0,sample description
Activity_Pack/pan4e_estructura_l09_02.ppt,8,,Grammar Slides,,Grammar Slides:  Lesson 9 - <i>Estructura</i> 9.2,0,0,sample description
Activity_Pack/pan4e_estructura_l09_03.ppt,8,,Grammar Slides,,Grammar Slides:  Lesson 9 - <i>Estructura</i> 9.3,0,0,sample description
Activity_Pack/pan4e_estructura_l09_04.ppt,8,,Grammar Slides,,Grammar Slides:  Lesson 9 - <i>Estructura</i> 9.4,0,0,sample description
Activity_Pack/pan4e_estructura_l10_01.ppt,9,,Grammar Slides,,Grammar Slides:  Lesson 10 - <i>Estructura</i> 10.1,0,0,sample description
Activity_Pack/pan4e_estructura_l10_02.ppt,9,,Grammar Slides,,Grammar Slides:  Lesson 10 - <i>Estructura</i> 10.2,0,0,sample description
Activity_Pack/pan4e_estructura_l10_03.ppt,9,,Grammar Slides,,Grammar Slides:  Lesson 10 - <i>Estructura</i> 10.3,0,0,sample description
Activity_Pack/pan4e_estructura_l10_04.ppt,9,,Grammar Slides,,Grammar Slides:  Lesson 10 - <i>Estructura</i> 10.4,0,0,sample description
Activity_Pack/pan4e_estructura_l11_01.ppt,10,,Grammar Slides,,Grammar Slides:  Lesson 11 - <i>Estructura</i> 11.1,0,0,sample description
Activity_Pack/pan4e_estructura_l11_02.ppt,10,,Grammar Slides,,Grammar Slides:  Lesson 11 - <i>Estructura</i> 11.2,0,0,sample description
Activity_Pack/pan4e_estructura_l11_03.ppt,10,,Grammar Slides,,Grammar Slides:  Lesson 11 - <i>Estructura</i> 11.3,0,0,sample description
Activity_Pack/pan4e_estructura_l11_04.ppt,10,,Grammar Slides,,Grammar Slides:  Lesson 11 - <i>Estructura</i> 11.4,0,0,sample description
Activity_Pack/pan4e_estructura_l12_01.ppt,11,,Grammar Slides,,Grammar Slides:  Lesson 12 - <i>Estructura</i> 12.1,0,0,sample description
Activity_Pack/pan4e_estructura_l12_02.ppt,11,,Grammar Slides,,Grammar Slides:  Lesson 12 - <i>Estructura</i> 12.2,0,0,sample description
Activity_Pack/pan4e_estructura_l12_03.ppt,11,,Grammar Slides,,Grammar Slides:  Lesson 12 - <i>Estructura</i> 12.3,0,0,sample description
Activity_Pack/pan4e_estructura_l12_04.ppt,11,,Grammar Slides,,Grammar Slides:  Lesson 12 - <i>Estructura</i> 12.4,0,0,sample description
Activity_Pack/pan4e_estructura_l13_01.ppt,12,,Grammar Slides,,Grammar Slides:  Lesson 13 - <i>Estructura</i> 13.1,0,0,sample description
Activity_Pack/pan4e_estructura_l13_02.ppt,12,,Grammar Slides,,Grammar Slides:  Lesson 13 - <i>Estructura</i> 13.2,0,0,sample description
Activity_Pack/pan4e_estructura_l13_03.ppt,12,,Grammar Slides,,Grammar Slides:  Lesson 13 - <i>Estructura</i> 13.3,0,0,sample description
Activity_Pack/pan4e_estructura_l13_04.ppt,12,,Grammar Slides,,Grammar Slides:  Lesson 13 - <i>Estructura</i> 13.4,0,0,sample description
Activity_Pack/pan4e_estructura_l14_01.ppt,13,,Grammar Slides,,Grammar Slides:  Lesson 14 - <i>Estructura</i> 14.1,0,0,sample description
Activity_Pack/pan4e_estructura_l14_02.ppt,13,,Grammar Slides,,Grammar Slides:  Lesson 14 - <i>Estructura</i> 14.2,0,0,sample description
Activity_Pack/pan4e_estructura_l14_03.ppt,13,,Grammar Slides,,Grammar Slides:  Lesson 14 - <i>Estructura</i> 14.3,0,0,sample description
Activity_Pack/pan4e_estructura_l15_01.ppt,14,,Grammar Slides,,Grammar Slides:  Lesson 15 - <i>Estructura</i> 15.1,0,0,sample description
Activity_Pack/pan4e_estructura_l15_02.ppt,14,,Grammar Slides,,Grammar Slides:  Lesson 15 - <i>Estructura</i> 15.2,0,0,sample description
Activity_Pack/pan4e_estructura_l15_03.ppt,14,,Grammar Slides,,Grammar Slides:  Lesson 15 - <i>Estructura</i> 15.3,0,0,sample description
Activity_Pack/pan4e_lm_l01_01_contextos_act1.mp3,0,,Lab Audio Program,,Lab Audio Program MP3: Lesson 1 - <i>Contextos</i> - Activity 1,1,0,sample description
Activity_Pack/pan4e_lm_l01_02_contextos_act2.mp3,0,,Lab Audio Program,,Lab Audio Program MP3: Lesson 1 - <i>Contextos</i> - Activity 2,1,0,sample description
Activity_Pack/pan4e_lm_l01_03_contextos_act3.mp3,0,,Lab Audio Program,,Lab Audio Program MP3: Lesson 1 - <i>Contextos</i> - Activity 3,1,0,sample description
Activity_Pack/pan4e_lm_l01_04_pronunciacion_expl.mp3,0,,Lab Audio Program,,Lab Audio Program MP3: Lesson 1 - <i>Pronunciaciói> - Explanation,1,0,sample description
Activity_Pack/pan4e_lm_l01_05_pronunciacion_act1.mp3,0,,Lab Audio Program,,Lab Audio Program MP3: Lesson 1 - <i>Pronunciaciói> - Activity 1,1,0,sample description
Activity_Pack/pan4e_lm_l01_06_pronunciacion_act2.mp3,0,,Lab Audio Program,,Lab Audio Program MP3: Lesson 1 - <i>Pronunciaciói> - Activity 2,1,0,sample description
Activity_Pack/pan4e_lm_l01_07_pronunciacion_act3.mp3,0,,Lab Audio Program,,Lab Audio Program MP3: Lesson 1 - <i>Pronunciaciói> - Activity 3,1,0,sample description
Activity_Pack/pan4e_lm_l01_08_estructura_1-1_act1.mp3,0,,Lab Audio Program,,Lab Audio Program MP3: Lesson 1 - <i>Estructura</i> 1.1 - Activity 1,1,0,sample description
Activity_Pack/pan4e_lm_l01_09_estructura_1-1_act2.mp3,0,,Lab Audio Program,,Lab Audio Program MP3: Lesson 1 - <i>Estructura</i> 1.1 - Activity 2,1,0,sample description
Activity_Pack/pan4e_lm_l01_10_estructura_1-1_act3.mp3,0,,Lab Audio Program,,Lab Audio Program MP3: Lesson 1 - <i>Estructura</i> 1.1 - Activity 3,1,0,sample description
Activity_Pack/pan4e_lm_l01_11_estructura_1-1_act4.mp3,0,,Lab Audio Program,,Lab Audio Program MP3: Lesson 1 - <i>Estructura</i> 1.1 - Activity 4,1,0,sample description
Activity_Pack/pan4e_lm_l01_12_estructura_1-2_act1.mp3,0,,Lab Audio Program,,Lab Audio Program MP3: Lesson 1 - <i>Estructura</i> 1.2 - Activity 1,1,0,sample description
Activity_Pack/pan4e_lm_l01_13_estructura_1-2_act2.mp3,0,,Lab Audio Program,,Lab Audio Program MP3: Lesson 1 - <i>Estructura</i> 1.2 - Activity 2,1,0,sample description
Activity_Pack/pan4e_lm_l01_14_estructura_1-2_act3.mp3,0,,Lab Audio Program,,Lab Audio Program MP3: Lesson 1 - <i>Estructura</i> 1.2 - Activity 3,1,0,sample description
Activity_Pack/pan4e_lm_l01_15_estructura_1-2_act4.mp3,0,,Lab Audio Program,,Lab Audio Program MP3: Lesson 1 - <i>Estructura</i> 1.2 - Activity 4,1,0,sample description
Activity_Pack/pan4e_lm_l01_16_estructura_1-3_act1.mp3,0,,Lab Audio Program,,Lab Audio Program MP3: Lesson 1 - <i>Estructura</i> 1.3 - Activity 1,1,0,sample description
Activity_Pack/pan4e_lm_l01_17_estructura_1-3_act2.mp3,0,,Lab Audio Program,,Lab Audio Program MP3: Lesson 1 - <i>Estructura</i> 1.3 - Activity 2,1,0,sample description
Activity_Pack/pan4e_lm_l01_18_estructura_1-3_act3.mp3,0,,Lab Audio Program,,Lab Audio Program MP3: Lesson 1 - <i>Estructura</i> 1.3 - Activity 3,1,0,sample description
Activity_Pack/pan4e_lm_l01_19_estructura_1-3_act4.mp3,0,,Lab Audio Program,,Lab Audio Program MP3: Lesson 1 - <i>Estructura</i> 1.3 - Activity 4,1,0,sample description
Activity_Pack/pan4e_lm_l01_20_estructura_1-3_act5.mp3,0,,Lab Audio Program,,Lab Audio Program MP3: Lesson 1 - <i>Estructura</i> 1.3 - Activity 5,1,0,sample description
Activity_Pack/pan4e_lm_l01_21_estructura_1-4_act1.mp3,0,,Lab Audio Program,,Lab Audio Program MP3: Lesson 1 - <i>Estructura</i> 1.4 - Activity 1,1,0,sample description
Activity_Pack/pan4e_lm_l01_22_estructura_1-4_act2.mp3,0,,Lab Audio Program,,Lab Audio Program MP3: Lesson 1 - <i>Estructura</i> 1.4 - Activity 2,1,0,sample description
Activity_Pack/pan4e_lm_l01_23_estructura_1-4_act3.mp3,0,,Lab Audio Program,,Lab Audio Program MP3: Lesson 1 - <i>Estructura</i> 1.4 - Activity 3,1,0,sample description
Activity_Pack/pan4e_lm_l01_24_vocab_saludos.mp3,0,,Lab Audio Program,,Lab Audio Program MP3: Lesson 1 - <i>Vocabulario</i> - <i>Saludos</i>,1,0,sample description
Activity_Pack/pan4e_lm_l01_25_vocab_despedidas.mp3,0,,Lab Audio Program,,Lab Audio Program MP3: Lesson 1 - <i>Vocabulario</i> - <i>Despedidas</i>,1,0,sample description
Activity_Pack/pan4e_lm_l01_26_vocab_como-esta.mp3,0,,Lab Audio Program,,Lab Audio Program MP3: Lesson 1 - <i>Vocabulario</i> - <i>¿Cóestá/i>,1,0,sample description
Activity_Pack/pan4e_lm_l01_27_vocab_expresiones-cortesia.mp3,0,,Lab Audio Program,,Lab Audio Program MP3: Lesson 1 - <i>Vocabulario</i> - <i>Expresiones de cortesí/i>,1,0,sample description
Activity_Pack/pan4e_lm_l01_28_vocab_titulos.mp3,0,,Lab Audio Program,,Lab Audio Program MP3: Lesson 1 - <i>Vocabulario</i> - <i>Tílos</i>,1,0,sample description
Activity_Pack/pan4e_lm_l01_29_vocab_presentaciones.mp3,0,,Lab Audio Program,,Lab Audio Program MP3: Lesson 1 - <i>Vocabulario</i> - <i>Presentaciones</i>,1,0,sample description
Activity_Pack/pan4e_lm_l01_30_vocab_de-donde-es.mp3,0,,Lab Audio Program,,Lab Audio Program MP3: Lesson 1 - <i>Vocabulario</i> - <i>¿De dó es?</i>,1,0,sample description
Activity_Pack/pan4e_lm_l01_31_vocab_palabras-adicionales.mp3,0,,Lab Audio Program,,Lab Audio Program MP3: Lesson 1 - <i>Vocabulario</i> - <i>Palabras adicionales </i>,1,0,sample description
Activity_Pack/pan4e_lm_l01_32_vocab_paises.mp3,0,,Lab Audio Program,,Lab Audio Program MP3: Lesson 1 - <i>Vocabulario</i> - <i>País</i>,1,0,sample description
Activity_Pack/pan4e_lm_l01_33_vocab_verbo-sustantivos.mp3,0,,Lab Audio Program,,Lab Audio Program MP3: Lesson 1 - <i>Vocabulario</i> - <i>Verbo y Sustantivos </i>,1,0,sample description
Activity_Pack/pan4e_lm_l01_34_vocab_numeros-0-30.mp3,0,,Lab Audio Program,,Lab Audio Program MP3: Lesson 1 - <i>Vocabulario</i> - <i>Nús 0-30</i>,1,0,sample description
Activity_Pack/pan4e_lm_l01_35_vocab_a-que-hora.mp3,0,,Lab Audio Program,,Lab Audio Program MP3: Lesson 1 - <i>Vocabulario</i> - <i> ¿A quéora?,1,0,sample description
Activity_Pack/pan4e_lm_l02_01_contextos_act1.mp3,1,,Lab Audio Program,,Lab Audio Program MP3: Lesson 2 - <i>Contextos</i> - Activity 1,1,0,sample description
Activity_Pack/pan4e_lm_l02_02_contextos_act2.mp3,1,,Lab Audio Program,,Lab Audio Program MP3: Lesson 2 - <i>Contextos</i> - Activity 2,1,0,sample description
Activity_Pack/pan4e_lm_l02_03_contextos_act3.mp3,1,,Lab Audio Program,,Lab Audio Program MP3: Lesson 2 - <i>Contextos</i> - Activity 3,1,0,sample description
Activity_Pack/pan4e_lm_l02_04_pronunciacion_expl.mp3,1,,Lab Audio Program,,Lab Audio Program MP3: Lesson 2 - <i>Pronunciaciói> - Explanation,1,0,sample description
Activity_Pack/pan4e_lm_l02_05_pronunciacion_act1.mp3,1,,Lab Audio Program,,Lab Audio Program MP3: Lesson 2 - <i>Pronunciaciói> - Activity 1,1,0,sample description
Activity_Pack/pan4e_lm_l02_06_pronunciacion_act2.mp3,1,,Lab Audio Program,,Lab Audio Program MP3: Lesson 2 - <i>Pronunciaciói> - Activity 2,1,0,sample description
Activity_Pack/pan4e_lm_l02_07_pronunciacion_act3.mp3,1,,Lab Audio Program,,Lab Audio Program MP3: Lesson 2 - <i>Pronunciaciói> - Activity 3,1,0,sample description
Activity_Pack/pan4e_lm_l02_08_pronunciacion_act4.mp3,1,,Lab Audio Program,,Lab Audio Program MP3: Lesson 2 - <i>Pronunciaciói> - Activity 4,1,0,sample description
Activity_Pack/pan4e_lm_l02_09_estructura_2-1_act1.mp3,1,,Lab Audio Program,,Lab Audio Program MP3: Lesson 2 - <i>Estructura</i> 2.1 - Activity 1,1,0,sample description
Activity_Pack/pan4e_lm_l02_10_estructura_2-1_act2.mp3,1,,Lab Audio Program,,Lab Audio Program MP3: Lesson 2 - <i>Estructura</i> 2.1 - Activity 2,1,0,sample description
Activity_Pack/pan4e_lm_l02_11_estructura_2-1_act3.mp3,1,,Lab Audio Program,,Lab Audio Program MP3: Lesson 2 - <i>Estructura</i> 2.1 - Activity 3,1,0,sample description
Activity_Pack/pan4e_lm_l02_12_estructura_2-1_act4.mp3,1,,Lab Audio Program,,Lab Audio Program MP3: Lesson 2 - <i>Estructura</i> 2.1 - Activity 4,1,0,sample description
Activity_Pack/pan4e_lm_l02_13_estructura_2-2_act1.mp3,1,,Lab Audio Program,,Lab Audio Program MP3: Lesson 2 - <i>Estructura</i> 2.2 - Activity 1,1,0,sample description
Activity_Pack/pan4e_lm_l02_14_estructura_2-2_act2.mp3,1,,Lab Audio Program,,Lab Audio Program MP3: Lesson 2 - <i>Estructura</i> 2.2 - Activity 2,1,0,sample description
Activity_Pack/pan4e_lm_l02_15_estructura_2-2_act3.mp3,1,,Lab Audio Program,,Lab Audio Program MP3: Lesson 2 - <i>Estructura</i> 2.2 - Activity 3,1,0,sample description
Activity_Pack/pan4e_lm_l02_16_estructura_2-2_act4.mp3,1,,Lab Audio Program,,Lab Audio Program MP3: Lesson 2 - <i>Estructura</i> 2.2 - Activity 4,1,0,sample description
Activity_Pack/pan4e_lm_l02_17_estructura_2-3_act1.mp3,1,,Lab Audio Program,,Lab Audio Program MP3: Lesson 2 - <i>Estructura</i> 2.3 - Activity 1,1,0,sample description
Activity_Pack/pan4e_lm_l02_18_estructura_2-3_act2.mp3,1,,Lab Audio Program,,Lab Audio Program MP3: Lesson 2 - <i>Estructura</i> 2.3 - Activity 2,1,0,sample description
Activity_Pack/pan4e_lm_l02_19_estructura_2-3_act3.mp3,1,,Lab Audio Program,,Lab Audio Program MP3: Lesson 2 - <i>Estructura</i> 2.3 - Activity 3,1,0,sample description
Activity_Pack/pan4e_lm_l02_20_estructura_2-4_act1.mp3,1,,Lab Audio Program,,Lab Audio Program MP3: Lesson 2 - <i>Estructura</i> 2.4 - Activity 1,1,0,sample description
Activity_Pack/pan4e_lm_l02_21_estructura_2-4_act2.mp3,1,,Lab Audio Program,,Lab Audio Program MP3: Lesson 2 - <i>Estructura</i> 2.4 - Activity 2,1,0,sample description
Activity_Pack/pan4e_lm_l02_22_estructura_2-4_act3.mp3,1,,Lab Audio Program,,Lab Audio Program MP3: Lesson 2 - <i>Estructura</i> 2.4 - Activity 3,1,0,sample description
Activity_Pack/pan4e_lm_l02_23_vocab_clase-universidad.mp3,1,,Lab Audio Program,,Lab Audio Program MP3: Lesson 2 - <i>Vocabulario</i> - <i>La clase y la universidad</i>,1,0,sample description
Activity_Pack/pan4e_lm_l02_24_vocab_materias.mp3,1,,Lab Audio Program,,Lab Audio Program MP3: Lesson 2 - <i>Vocabulario</i> - <i>Las materias</i>,1,0,sample description
Activity_Pack/pan4e_lm_l02_25_vocab_preposiciones.mp3,1,,Lab Audio Program,,Lab Audio Program MP3: Lesson 2 - <i>Vocabulario</i> - <i>Preposiciones</i>,1,0,sample description
Activity_Pack/pan4e_lm_l02_26_vocab_palabras-adicionales.mp3,1,,Lab Audio Program,,Lab Audio Program MP3: Lesson 2 - <i>Vocabulario</i> - <i>Palabras adicionales</i>,1,0,sample description
Activity_Pack/pan4e_lm_l02_27_vocab_verbos.mp3,1,,Lab Audio Program,,Lab Audio Program MP3: Lesson 2 - <i>Vocabulario</i> - <i>Verbos</i>,1,0,sample description
Activity_Pack/pan4e_lm_l02_28_vocab_dias-semana.mp3,1,,Lab Audio Program,,Lab Audio Program MP3: Lesson 2 - <i>Vocabulario</i> - <i>Los dí de la semana</i>,1,0,sample description
Activity_Pack/pan4e_lm_l02_29_vocab_numbers-31-higher.mp3,1,,Lab Audio Program,,Lab Audio Program MP3: Lesson 2 - <i>Vocabulario</i> - Numbers 31 and higher,1,0,sample description
Activity_Pack/pan4e_lm_l03_01_contextos_act1.mp3,2,,Lab Audio Program,,Lab Audio Program MP3: Lesson 3 - <i>Contextos</i> - Activity 1,1,0,sample description
Activity_Pack/pan4e_lm_l03_02_contextos_act2.mp3,2,,Lab Audio Program,,Lab Audio Program MP3: Lesson 3 - <i>Contextos</i> - Activity 2,1,0,sample description
Activity_Pack/pan4e_lm_l03_03_contextos_act3.mp3,2,,Lab Audio Program,,Lab Audio Program MP3: Lesson 3 - <i>Contextos</i> - Activity 3,1,0,sample description
Activity_Pack/pan4e_lm_l03_04_pronunciacion_expl.mp3,2,,Lab Audio Program,,Lab Audio Program MP3: Lesson 3 - <i>Pronunciaciói> - Explanation,1,0,sample description
Activity_Pack/pan4e_lm_l03_05_pronunciacion_act1.mp3,2,,Lab Audio Program,,Lab Audio Program MP3: Lesson 3 - <i>Pronunciaciói> - Activity 1,1,0,sample description
Activity_Pack/pan4e_lm_l03_06_pronunciacion_act2.mp3,2,,Lab Audio Program,,Lab Audio Program MP3: Lesson 3 - <i>Pronunciaciói> - Activity 2,1,0,sample description
Activity_Pack/pan4e_lm_l03_07_pronunciacion_act3.mp3,2,,Lab Audio Program,,Lab Audio Program MP3: Lesson 3 - <i>Pronunciaciói> - Activity 3,1,0,sample description
Activity_Pack/pan4e_lm_l03_08_pronunciacion_act4.mp3,2,,Lab Audio Program,,Lab Audio Program MP3: Lesson 3 - <i>Pronunciaciói> - Activity 4,1,0,sample description
Activity_Pack/pan4e_lm_l03_09_estructura_3-1_act1.mp3,2,,Lab Audio Program,,Lab Audio Program MP3: Lesson 3 - <i>Estructura</i> 3.1 - Activity 1,1,0,sample description
Activity_Pack/pan4e_lm_l03_10_estructura_3-1_act2.mp3,2,,Lab Audio Program,,Lab Audio Program MP3: Lesson 3 - <i>Estructura</i> 3.1 - Activity 2,1,0,sample description
Activity_Pack/pan4e_lm_l03_11_estructura_3-1_act3.mp3,2,,Lab Audio Program,,Lab Audio Program MP3: Lesson 3 - <i>Estructura</i> 3.1 - Activity 3,1,0,sample description
Activity_Pack/pan4e_lm_l03_12_estructura_3-1_act4.mp3,2,,Lab Audio Program,,Lab Audio Program MP3: Lesson 3 - <i>Estructura</i> 3.1 - Activity 4,1,0,sample description
Activity_Pack/pan4e_lm_l03_13_estructura_3-1_act5.mp3,2,,Lab Audio Program,,Lab Audio Program MP3: Lesson 3 - <i>Estructura</i> 3.1 - Activity 5,1,0,sample description
Activity_Pack/pan4e_lm_l03_14_estructura_3-2_act1.mp3,2,,Lab Audio Program,,Lab Audio Program MP3: Lesson 3 - <i>Estructura</i> 3.2 - Activity 1,1,0,sample description
Activity_Pack/pan4e_lm_l03_15_estructura_3-2_act2.mp3,2,,Lab Audio Program,,Lab Audio Program MP3: Lesson 3 - <i>Estructura</i> 3.2 - Activity 2,1,0,sample description
Activity_Pack/pan4e_lm_l03_16_estructura_3-2_act3.mp3,2,,Lab Audio Program,,Lab Audio Program MP3: Lesson 3 - <i>Estructura</i> 3.2 - Activity 3,1,0,sample description
Activity_Pack/pan4e_lm_l03_17_estructura_3-3_act1.mp3,2,,Lab Audio Program,,Lab Audio Program MP3: Lesson 3 - <i>Estructura</i> 3.3 - Activity 1,1,0,sample description
Activity_Pack/pan4e_lm_l03_18_estructura_3-3_act2.mp3,2,,Lab Audio Program,,Lab Audio Program MP3: Lesson 3 - <i>Estructura</i> 3.3 - Activity 2,1,0,sample description
Activity_Pack/pan4e_lm_l03_19_estructura_3-3_act3.mp3,2,,Lab Audio Program,,Lab Audio Program MP3: Lesson 3 - <i>Estructura</i> 3.3 - Activity 3,1,0,sample description
Activity_Pack/pan4e_lm_l03_20_estructura_3-3_act4.mp3,2,,Lab Audio Program,,Lab Audio Program MP3: Lesson 3 - <i>Estructura</i> 3.3 - Activity 4,1,0,sample description
Activity_Pack/pan4e_lm_l03_21_estructura_3-4_act1.mp3,2,,Lab Audio Program,,Lab Audio Program MP3: Lesson 3 - <i>Estructura</i> 3.4 - Activity 1,1,0,sample description
Activity_Pack/pan4e_lm_l03_22_estructura_3-4_act2.mp3,2,,Lab Audio Program,,Lab Audio Program MP3: Lesson 3 - <i>Estructura</i> 3.4 - Activity 2,1,0,sample description
Activity_Pack/pan4e_lm_l03_23_estructura_3-4_act3.mp3,2,,Lab Audio Program,,Lab Audio Program MP3: Lesson 3 - <i>Estructura</i> 3.4 - Activity 3,1,0,sample description
Activity_Pack/pan4e_lm_l03_24_estructura_3-4_act4.mp3,2,,Lab Audio Program,,Lab Audio Program MP3: Lesson 3 - <i>Estructura</i> 3.4 - Activity 4,1,0,sample description
Activity_Pack/pan4e_lm_l03_25_estructura_3-4_act5.mp3,2,,Lab Audio Program,,Lab Audio Program MP3: Lesson 3 - <i>Estructura</i> 3.4 - Activity 5,1,0,sample description
Activity_Pack/pan4e_lm_l03_26_vocab_familia.mp3,2,,Lab Audio Program,,Lab Audio Program MP3: Lesson 3 - <i>Vocabulario</i> - <i>La familia</i>,1,0,sample description
Activity_Pack/pan4e_lm_l03_27_vocab_otras-personas.mp3,2,,Lab Audio Program,,Lab Audio Program MP3: Lesson 3 - <i>Vocabulario</i> - <i>Otras personas </i>,1,0,sample description
Activity_Pack/pan4e_lm_l03_28_vocab_profesiones.mp3,2,,Lab Audio Program,,Lab Audio Program MP3: Lesson 3 - <i>Vocabulario</i> - <i>Profesiones</i>,1,0,sample description
Activity_Pack/pan4e_lm_l03_29_vocab_adjetivos.mp3,2,,Lab Audio Program,,Lab Audio Program MP3: Lesson 3 - <i>Vocabulario</i> - <i>Adjetivos</i>,1,0,sample description
Activity_Pack/pan4e_lm_l03_30_vocab_nacionalidades.mp3,2,,Lab Audio Program,,Lab Audio Program MP3: Lesson 3 - <i>Vocabulario</i> - <i>Nacionalidades</i>,1,0,sample description
Activity_Pack/pan4e_lm_l03_31_vocab_verbos.mp3,2,,Lab Audio Program,,Lab Audio Program MP3: Lesson 3 - <i>Vocabulario</i> - <i>Verbos</i>,1,0,sample description
Activity_Pack/pan4e_lm_l03_32_vocab_expresiones-con-tener.mp3,2,,Lab Audio Program,,Lab Audio Program MP3: Lesson 3 - <i>Vocabulario</i> - <i>Expresiones con tener</i>,1,0,sample description
Activity_Pack/pan4e_lm_l04_01_contextos_act1.mp3,3,,Lab Audio Program,,Lab Audio Program MP3: Lesson 4 - <i>Contextos</i> - Activity 1,1,0,sample description
Activity_Pack/pan4e_lm_l04_02_contextos_act2.mp3,3,,Lab Audio Program,,Lab Audio Program MP3: Lesson 4 - <i>Contextos</i> - Activity 2,1,0,sample description
Activity_Pack/pan4e_lm_l04_03_contextos_act3.mp3,3,,Lab Audio Program,,Lab Audio Program MP3: Lesson 4 - <i>Contextos</i> - Activity 3,1,0,sample description
Activity_Pack/pan4e_lm_l04_04_pronunciacion_expl.mp3,3,,Lab Audio Program,,Lab Audio Program MP3: Lesson 4 - <i>Pronunciaciói> - Explanation,1,0,sample description
Activity_Pack/pan4e_lm_l04_05_pronunciacion_act1.mp3,3,,Lab Audio Program,,Lab Audio Program MP3: Lesson 4 - <i>Pronunciaciói> - Activity 1,1,0,sample description
Activity_Pack/pan4e_lm_l04_06_pronunciacion_act2.mp3,3,,Lab Audio Program,,Lab Audio Program MP3: Lesson 4 - <i>Pronunciaciói> - Activity 2,1,0,sample description
Activity_Pack/pan4e_lm_l04_07_pronunciacion_act3.mp3,3,,Lab Audio Program,,Lab Audio Program MP3: Lesson 4 - <i>Pronunciaciói> - Activity 3,1,0,sample description
Activity_Pack/pan4e_lm_l04_08_pronunciacion_act4.mp3,3,,Lab Audio Program,,Lab Audio Program MP3: Lesson 4 - <i>Pronunciaciói> - Activity 4,1,0,sample description
Activity_Pack/pan4e_lm_l04_09_estructura_4-1_act1.mp3,3,,Lab Audio Program,,Lab Audio Program MP3: Lesson 4 - <i>Estructura</i> 4.1 - Activity 1,1,0,sample description
Activity_Pack/pan4e_lm_l04_10_estructura_4-1_act2.mp3,3,,Lab Audio Program,,Lab Audio Program MP3: Lesson 4 - <i>Estructura</i> 4.1 - Activity 2,1,0,sample description
Activity_Pack/pan4e_lm_l04_11_estructura_4-1_act3.mp3,3,,Lab Audio Program,,Lab Audio Program MP3: Lesson 4 - <i>Estructura</i> 4.1 - Activity 3,1,0,sample description
Activity_Pack/pan4e_lm_l04_12_estructura_4-1_act4.mp3,3,,Lab Audio Program,,Lab Audio Program MP3: Lesson 4 - <i>Estructura</i> 4.1 - Activity 4,1,0,sample description
Activity_Pack/pan4e_lm_l04_13_estructura_4-2_act1.mp3,3,,Lab Audio Program,,Lab Audio Program MP3: Lesson 4 - <i>Estructura</i> 4.2 - Activity 1,1,0,sample description
Activity_Pack/pan4e_lm_l04_14_estructura_4-2_act2.mp3,3,,Lab Audio Program,,Lab Audio Program MP3: Lesson 4 - <i>Estructura</i> 4.2 - Activity 2,1,0,sample description
Activity_Pack/pan4e_lm_l04_15_estructura_4-2_act3.mp3,3,,Lab Audio Program,,Lab Audio Program MP3: Lesson 4 - <i>Estructura</i> 4.2 - Activity 3,1,0,sample description
Activity_Pack/pan4e_lm_l04_16_estructura_4-3_act1.mp3,3,,Lab Audio Program,,Lab Audio Program MP3: Lesson 4 - <i>Estructura</i> 4.3 - Activity 1,1,0,sample description
Activity_Pack/pan4e_lm_l04_17_estructura_4-3_act2.mp3,3,,Lab Audio Program,,Lab Audio Program MP3: Lesson 4 - <i>Estructura</i> 4.3 - Activity 2,1,0,sample description
Activity_Pack/pan4e_lm_l04_18_estructura_4-3_act3.mp3,3,,Lab Audio Program,,Lab Audio Program MP3: Lesson 4 - <i>Estructura</i> 4.3 - Activity 3,1,0,sample description
Activity_Pack/pan4e_lm_l04_19_estructura_4-4_act1.mp3,3,,Lab Audio Program,,Lab Audio Program MP3: Lesson 4 - <i>Estructura</i> 4.4 - Activity 1,1,0,sample description
Activity_Pack/pan4e_lm_l04_20_estructura_4-4_act2.mp3,3,,Lab Audio Program,,Lab Audio Program MP3: Lesson 4 - <i>Estructura</i> 4.4 - Activity 2,1,0,sample description
Activity_Pack/pan4e_lm_l04_21_estructura_4-4_act3.mp3,3,,Lab Audio Program,,Lab Audio Program MP3: Lesson 4 - <i>Estructura</i> 4.4 - Activity 3,1,0,sample description
Activity_Pack/pan4e_lm_l04_22_vocab_pasatiempos.mp3,3,,Lab Audio Program,,Lab Audio Program MP3: Lesson 4 - <i>Vocabulario</i> - <i>Pasatiempos</i>,1,0,sample description
Activity_Pack/pan4e_lm_l04_23_vocab_deportes.mp3,3,,Lab Audio Program,,Lab Audio Program MP3: Lesson 4 - <i>Vocabulario</i> - <i>Deportes</i>,1,0,sample description
Activity_Pack/pan4e_lm_l04_24_vocab_adjetivos.mp3,3,,Lab Audio Program,,Lab Audio Program MP3: Lesson 4 - <i>Vocabulario</i> - <i>Adjetivos</i>,1,0,sample description
Activity_Pack/pan4e_lm_l04_25_vocab_lugares.mp3,3,,Lab Audio Program,,Lab Audio Program MP3: Lesson 4 - <i>Vocabulario</i> - <i>Lugares</i>,1,0,sample description
Activity_Pack/pan4e_lm_l04_26_vocab_verbos.mp3,3,,Lab Audio Program,,Lab Audio Program MP3: Lesson 4 - <i>Vocabulario</i> - <i>Verbos</i>,1,0,sample description
Activity_Pack/pan4e_lm_l05_01_contextos_act1.mp3,4,,Lab Audio Program,,Lab Audio Program MP3: Lesson 5 - <i>Contextos</i> - Activity 1,1,0,sample description
Activity_Pack/pan4e_lm_l05_02_contextos_act2.mp3,4,,Lab Audio Program,,Lab Audio Program MP3: Lesson 5 - <i>Contextos</i> - Activity 2,1,0,sample description
Activity_Pack/pan4e_lm_l05_03_contextos_act3.mp3,4,,Lab Audio Program,,Lab Audio Program MP3: Lesson 5 - <i>Contextos</i> - Activity 3,1,0,sample description
Activity_Pack/pan4e_lm_l05_04_contextos_act4.mp3,4,,Lab Audio Program,,Lab Audio Program MP3: Lesson 5 - <i>Contextos</i> - Activity 4,1,0,sample description
Activity_Pack/pan4e_lm_l05_05_pronunciacion_expl.mp3,4,,Lab Audio Program,,Lab Audio Program MP3: Lesson 5 - <i>Pronunciaciói> - Explanation,1,0,sample description
Activity_Pack/pan4e_lm_l05_06_pronunciacion_act1.mp3,4,,Lab Audio Program,,Lab Audio Program MP3: Lesson 5 - <i>Pronunciaciói> - Activity 1,1,0,sample description
Activity_Pack/pan4e_lm_l05_07_pronunciacion_act2.mp3,4,,Lab Audio Program,,Lab Audio Program MP3: Lesson 5 - <i>Pronunciaciói> - Activity 2,1,0,sample description
Activity_Pack/pan4e_lm_l05_08_pronunciacion_act3.mp3,4,,Lab Audio Program,,Lab Audio Program MP3: Lesson 5 - <i>Pronunciaciói> - Activity 3,1,0,sample description
Activity_Pack/pan4e_lm_l05_09_pronunciacion_act4.mp3,4,,Lab Audio Program,,Lab Audio Program MP3: Lesson 5 - <i>Pronunciaciói> - Activity 4,1,0,sample description
Activity_Pack/pan4e_lm_l05_10_estructura_5-1_act1.mp3,4,,Lab Audio Program,,Lab Audio Program MP3: Lesson 5 - <i>Estructura</i> 5.1 - Activity 1,1,0,sample description
Activity_Pack/pan4e_lm_l05_11_estructura_5-1_act2.mp3,4,,Lab Audio Program,,Lab Audio Program MP3: Lesson 5 - <i>Estructura</i> 5.1 - Activity 2,1,0,sample description
Activity_Pack/pan4e_lm_l05_12_estructura_5-1_act3.mp3,4,,Lab Audio Program,,Lab Audio Program MP3: Lesson 5 - <i>Estructura</i> 5.1 - Activity 3,1,0,sample description
Activity_Pack/pan4e_lm_l05_13_estructura_5-1_act4.mp3,4,,Lab Audio Program,,Lab Audio Program MP3: Lesson 5 - <i>Estructura</i> 5.1 - Activity 4,1,0,sample description
Activity_Pack/pan4e_lm_l05_14_estructura_5-2_act1.mp3,4,,Lab Audio Program,,Lab Audio Program MP3: Lesson 5 - <i>Estructura</i> 5.2 - Activity 1,1,0,sample description
Activity_Pack/pan4e_lm_l05_15_estructura_5-2_act2.mp3,4,,Lab Audio Program,,Lab Audio Program MP3: Lesson 5 - <i>Estructura</i> 5.2 - Activity 2,1,0,sample description
Activity_Pack/pan4e_lm_l05_16_estructura_5-2_act3.mp3,4,,Lab Audio Program,,Lab Audio Program MP3: Lesson 5 - <i>Estructura</i> 5.2 - Activity 3,1,0,sample description
Activity_Pack/pan4e_lm_l05_17_estructura_5-2_act4.mp3,4,,Lab Audio Program,,Lab Audio Program MP3: Lesson 5 - <i>Estructura</i> 5.2 - Activity 4,1,0,sample description
Activity_Pack/pan4e_lm_l05_18_estructura_5-3_act1.mp3,4,,Lab Audio Program,,Lab Audio Program MP3: Lesson 5 - <i>Estructura</i> 5.3 - Activity 1,1,0,sample description
Activity_Pack/pan4e_lm_l05_19_estructura_5-3_act2.mp3,4,,Lab Audio Program,,Lab Audio Program MP3: Lesson 5 - <i>Estructura</i> 5.3 - Activity 2,1,0,sample description
Activity_Pack/pan4e_lm_l05_20_estructura_5-3_act3.mp3,4,,Lab Audio Program,,Lab Audio Program MP3: Lesson 5 - <i>Estructura</i> 5.3 - Activity 3,1,0,sample description
Activity_Pack/pan4e_lm_l05_21_estructura_5-3_act4.mp3,4,,Lab Audio Program,,Lab Audio Program MP3: Lesson 5 - <i>Estructura</i> 5.3 - Activity 4,1,0,sample description
Activity_Pack/pan4e_lm_l05_22_estructura_5-3_act5.mp3,4,,Lab Audio Program,,Lab Audio Program MP3: Lesson 5 - <i>Estructura</i> 5.3 - Activity 5,1,0,sample description
Activity_Pack/pan4e_lm_l05_23_estructura_5-4_act1.mp3,4,,Lab Audio Program,,Lab Audio Program MP3: Lesson 5 - <i>Estructura</i> 5.4 - Activity 1,1,0,sample description
Activity_Pack/pan4e_lm_l05_24_estructura_5-4_act2.mp3,4,,Lab Audio Program,,Lab Audio Program MP3: Lesson 5 - <i>Estructura</i> 5.4 - Activity 2,1,0,sample description
Activity_Pack/pan4e_lm_l05_25_estructura_5-4_act3.mp3,4,,Lab Audio Program,,Lab Audio Program MP3: Lesson 5 - <i>Estructura</i> 5.4 - Activity 3,1,0,sample description
Activity_Pack/pan4e_lm_l05_26_estructura_5-4_act4.mp3,4,,Lab Audio Program,,Lab Audio Program MP3: Lesson 5 - <i>Estructura</i> 5.4 - Activity 4,1,0,sample description
Activity_Pack/pan4e_lm_l05_27_vocab_viajes-vacaciones.mp3,4,,Lab Audio Program,,Lab Audio Program MP3: Lesson 5 - <i>Vocabulario</i> - <i>Los viajes y las vacaciones</i>,1,0,sample description
Activity_Pack/pan4e_lm_l05_28_vocab_hotel.mp3,4,,Lab Audio Program,,Lab Audio Program MP3: Lesson 5 - <i>Vocabulario</i> - <i>El hotel</i>,1,0,sample description
Activity_Pack/pan4e_lm_l05_29_vocab_adjetivos.mp3,4,,Lab Audio Program,,Lab Audio Program MP3: Lesson 5 - <i>Vocabulario</i> - <i>Adjetivos</i>,1,0,sample description
Activity_Pack/pan4e_lm_l05_30_vocab_numeros-ordinales.mp3,4,,Lab Audio Program,,Lab Audio Program MP3: Lesson 5 - <i>Vocabulario</i> - <i>Los nús ordinales</i>,1,0,sample description
Activity_Pack/pan4e_lm_l05_31_vocab_palabras-adicionales.mp3,4,,Lab Audio Program,,Lab Audio Program MP3: Lesson 5 - <i>Vocabulario</i> - <i>Palabras adicionales</i>,1,0,sample description
Activity_Pack/pan4e_lm_l05_32_vocab_estaciones-meses.mp3,4,,Lab Audio Program,,Lab Audio Program MP3: Lesson 5 - <i>Vocabulario</i> - <i> Estaciones y meses</i>,1,0,sample description
Activity_Pack/pan4e_lm_l05_33_vocab_que-tiempo-hace.mp3,4,,Lab Audio Program,,Lab Audio Program MP3: Lesson 5 - <i>Vocabulario</i> - <i>¿Quéiempo hace? </i>,1,0,sample description
Activity_Pack/pan4e_lm_l06_01_contextos_act1.mp3,5,,Lab Audio Program,,Lab Audio Program MP3: Lesson 6 - <i>Contextos</i> - Activity 1,1,0,sample description
Activity_Pack/pan4e_lm_l06_02_contextos_act2.mp3,5,,Lab Audio Program,,Lab Audio Program MP3: Lesson 6 - <i>Contextos</i> - Activity 2,1,0,sample description
Activity_Pack/pan4e_lm_l06_03_contextos_act3.mp3,5,,Lab Audio Program,,Lab Audio Program MP3: Lesson 6 - <i>Contextos</i> - Activity 3,1,0,sample description
Activity_Pack/pan4e_lm_l06_04_contextos_act4.mp3,5,,Lab Audio Program,,Lab Audio Program MP3: Lesson 6 - <i>Contextos</i> - Activity 4,1,0,sample description
Activity_Pack/pan4e_lm_l06_05_pronunciacion_expl.mp3,5,,Lab Audio Program,,Lab Audio Program MP3: Lesson 6 - <i>Pronunciaciói> - Explanation,1,0,sample description
Activity_Pack/pan4e_lm_l06_06_pronunciacion_act1.mp3,5,,Lab Audio Program,,Lab Audio Program MP3: Lesson 6 - <i>Pronunciaciói> - Activity 1,1,0,sample description
Activity_Pack/pan4e_lm_l06_07_pronunciacion_act2.mp3,5,,Lab Audio Program,,Lab Audio Program MP3: Lesson 6 - <i>Pronunciaciói> - Activity 2,1,0,sample description
Activity_Pack/pan4e_lm_l06_08_pronunciacion_act3.mp3,5,,Lab Audio Program,,Lab Audio Program MP3: Lesson 6 - <i>Pronunciaciói> - Activity 3,1,0,sample description
Activity_Pack/pan4e_lm_l06_09_pronunciacion_act4.mp3,5,,Lab Audio Program,,Lab Audio Program MP3: Lesson 6 - <i>Pronunciaciói> - Activity 4,1,0,sample description
Activity_Pack/pan4e_lm_l06_10_estructura_6-1_act1.mp3,5,,Lab Audio Program,,Lab Audio Program MP3: Lesson 6 - <i>Estructura</i> 6.1 - Activity 1,1,0,sample description
Activity_Pack/pan4e_lm_l06_11_estructura_6-1_act2.mp3,5,,Lab Audio Program,,Lab Audio Program MP3: Lesson 6 - <i>Estructura</i> 6.1 - Activity 2,1,0,sample description
Activity_Pack/pan4e_lm_l06_12_estructura_6-1_act3.mp3,5,,Lab Audio Program,,Lab Audio Program MP3: Lesson 6 - <i>Estructura</i> 6.1 - Activity 3,1,0,sample description
Activity_Pack/pan4e_lm_l06_13_estructura_6-1_act4.mp3,5,,Lab Audio Program,,Lab Audio Program MP3: Lesson 6 - <i>Estructura</i> 6.1 - Activity 4,1,0,sample description
Activity_Pack/pan4e_lm_l06_14_estructura_6-1_act5.mp3,5,,Lab Audio Program,,Lab Audio Program MP3: Lesson 6 - <i>Estructura</i> 6.1 - Activity 5,1,0,sample description
Activity_Pack/pan4e_lm_l06_15_estructura_6-2_act1.mp3,5,,Lab Audio Program,,Lab Audio Program MP3: Lesson 6 - <i>Estructura</i> 6.2 - Activity 1,1,0,sample description
Activity_Pack/pan4e_lm_l06_16_estructura_6-2_act2.mp3,5,,Lab Audio Program,,Lab Audio Program MP3: Lesson 6 - <i>Estructura</i> 6.2 - Activity 2,1,0,sample description
Activity_Pack/pan4e_lm_l06_17_estructura_6-2_act3.mp3,5,,Lab Audio Program,,Lab Audio Program MP3: Lesson 6 - <i>Estructura</i> 6.2 - Activity 3,1,0,sample description
Activity_Pack/pan4e_lm_l06_18_estructura_6-2_act4.mp3,5,,Lab Audio Program,,Lab Audio Program MP3: Lesson 6 - <i>Estructura</i> 6.2 - Activity 4,1,0,sample description
Activity_Pack/pan4e_lm_l06_19_estructura_6-3_act1.mp3,5,,Lab Audio Program,,Lab Audio Program MP3: Lesson 6 - <i>Estructura</i> 6.3 - Activity 1,1,0,sample description
Activity_Pack/pan4e_lm_l06_20_estructura_6-3_act2.mp3,5,,Lab Audio Program,,Lab Audio Program MP3: Lesson 6 - <i>Estructura</i> 6.3 - Activity 2,1,0,sample description
Activity_Pack/pan4e_lm_l06_21_estructura_6-3_act3.mp3,5,,Lab Audio Program,,Lab Audio Program MP3: Lesson 6 - <i>Estructura</i> 6.3 - Activity 3,1,0,sample description
Activity_Pack/pan4e_lm_l06_22_estructura_6-3_act4.mp3,5,,Lab Audio Program,,Lab Audio Program MP3: Lesson 6 - <i>Estructura</i> 6.3 - Activity 4,1,0,sample description
Activity_Pack/pan4e_lm_l06_23_estructura_6-4_act1.mp3,5,,Lab Audio Program,,Lab Audio Program MP3: Lesson 6 - <i>Estructura</i> 6.4 - Activity 1,1,0,sample description
Activity_Pack/pan4e_lm_l06_24_estructura_6-4_act2.mp3,5,,Lab Audio Program,,Lab Audio Program MP3: Lesson 6 - <i>Estructura</i> 6.4 - Activity 2,1,0,sample description
Activity_Pack/pan4e_lm_l06_25_estructura_6-4_act3.mp3,5,,Lab Audio Program,,Lab Audio Program MP3: Lesson 6 - <i>Estructura</i> 6.4 - Activity 3,1,0,sample description
Activity_Pack/pan4e_lm_l06_26_estructura_6-4_act4.mp3,5,,Lab Audio Program,,Lab Audio Program MP3: Lesson 6 - <i>Estructura</i> 6.4 - Activity 4,1,0,sample description
Activity_Pack/pan4e_lm_l06_27_estructura_6-4_act5.mp3,5,,Lab Audio Program,,Lab Audio Program MP3: Lesson 6 - <i>Estructura</i> 6.4 - Activity 5,1,0,sample description
Activity_Pack/pan4e_lm_l06_28_vocab_ropa.mp3,5,,Lab Audio Program,,Lab Audio Program MP3: Lesson 6 - <i>Vocabulario</i> - <i>La ropa</i>,1,0,sample description
Activity_Pack/pan4e_lm_l06_29_vocab_verbos.mp3,5,,Lab Audio Program,,Lab Audio Program MP3: Lesson 6 - <i>Vocabulario</i> - <i>Verbos</i>,1,0,sample description
Activity_Pack/pan4e_lm_l06_30_vocab_ir-de-compras.mp3,5,,Lab Audio Program,,Lab Audio Program MP3: Lesson 6 - <i>Vocabulario</i> - <i> Ir de compras</i>,1,0,sample description
Activity_Pack/pan4e_lm_l06_31_vocab_adjetivos.mp3,5,,Lab Audio Program,,Lab Audio Program MP3: Lesson 6 - <i>Vocabulario</i> - <i>Adjetivos</i>,1,0,sample description
Activity_Pack/pan4e_lm_l06_32_vocab_colores.mp3,5,,Lab Audio Program,,Lab Audio Program MP3: Lesson 6 - <i>Vocabulario</i> - <i>Los colores</i>,1,0,sample description
Activity_Pack/pan4e_lm_l06_33_vocab_palabras-adicionales.mp3,5,,Lab Audio Program,,Lab Audio Program MP3: Lesson 6 - <i>Vocabulario</i> - <i>Palabras adicionales</i>,1,0,sample description
Activity_Pack/pan4e_lm_l07_01_contextos_act1.mp3,6,,Lab Audio Program,,Lab Audio Program MP3: Lesson 7 - <i>Contextos</i> - Activity 1,1,0,sample description
Activity_Pack/pan4e_lm_l07_02_contextos_act2.mp3,6,,Lab Audio Program,,Lab Audio Program MP3: Lesson 7 - <i>Contextos</i> - Activity 2,1,0,sample description
Activity_Pack/pan4e_lm_l07_03_contextos_act3.mp3,6,,Lab Audio Program,,Lab Audio Program MP3: Lesson 7 - <i>Contextos</i> - Activity 3,1,0,sample description
Activity_Pack/pan4e_lm_l07_04_pronunciacion_expl.mp3,6,,Lab Audio Program,,Lab Audio Program MP3: Lesson 7 - <i>Pronunciaciói> - Explanation,1,0,sample description
Activity_Pack/pan4e_lm_l07_05_pronunciacion_act1.mp3,6,,Lab Audio Program,,Lab Audio Program MP3: Lesson 7 - <i>Pronunciaciói> - Activity 1,1,0,sample description
Activity_Pack/pan4e_lm_l07_06_pronunciacion_act2.mp3,6,,Lab Audio Program,,Lab Audio Program MP3: Lesson 7 - <i>Pronunciaciói> - Activity 2,1,0,sample description
Activity_Pack/pan4e_lm_l07_07_pronunciacion_act3.mp3,6,,Lab Audio Program,,Lab Audio Program MP3: Lesson 7 - <i>Pronunciaciói> - Activity 3,1,0,sample description
Activity_Pack/pan4e_lm_l07_08_pronunciacion_act4.mp3,6,,Lab Audio Program,,Lab Audio Program MP3: Lesson 7 - <i>Pronunciaciói> - Activity 4,1,0,sample description
Activity_Pack/pan4e_lm_l07_09_estructura_7-1_act1.mp3,6,,Lab Audio Program,,Lab Audio Program MP3: Lesson 7 - <i>Estructura</i> 7.1 - Activity 1,1,0,sample description
Activity_Pack/pan4e_lm_l07_10_estructura_7-1_act2.mp3,6,,Lab Audio Program,,Lab Audio Program MP3: Lesson 7 - <i>Estructura</i> 7.1 - Activity 2,1,0,sample description
Activity_Pack/pan4e_lm_l07_11_estructura_7-1_act3.mp3,6,,Lab Audio Program,,Lab Audio Program MP3: Lesson 7 - <i>Estructura</i> 7.1 - Activity 3,1,0,sample description
Activity_Pack/pan4e_lm_l07_12_estructura_7-2_act1.mp3,6,,Lab Audio Program,,Lab Audio Program MP3: Lesson 7 - <i>Estructura</i> 7.2 - Activity 1,1,0,sample description
Activity_Pack/pan4e_lm_l07_13_estructura_7-2_act2.mp3,6,,Lab Audio Program,,Lab Audio Program MP3: Lesson 7 - <i>Estructura</i> 7.2 - Activity 2,1,0,sample description
Activity_Pack/pan4e_lm_l07_14_estructura_7-2_act3.mp3,6,,Lab Audio Program,,Lab Audio Program MP3: Lesson 7 - <i>Estructura</i> 7.2 - Activity 3,1,0,sample description
Activity_Pack/pan4e_lm_l07_15_estructura_7-2_act4.mp3,6,,Lab Audio Program,,Lab Audio Program MP3: Lesson 7 - <i>Estructura</i> 7.2 - Activity 4,1,0,sample description
Activity_Pack/pan4e_lm_l07_16_estructura_7-2_act5.mp3,6,,Lab Audio Program,,Lab Audio Program MP3: Lesson 7 - <i>Estructura</i> 7.2 - Activity 4,1,0,sample description
Activity_Pack/pan4e_lm_l07_17_estructura_7-3_act1.mp3,6,,Lab Audio Program,,Lab Audio Program MP3: Lesson 7 - <i>Estructura</i> 7.3 - Activity 1,1,0,sample description
Activity_Pack/pan4e_lm_l07_18_estructura_7-3_act2.mp3,6,,Lab Audio Program,,Lab Audio Program MP3: Lesson 7 - <i>Estructura</i> 7.3 - Activity 2,1,0,sample description
Activity_Pack/pan4e_lm_l07_19_estructura_7-3_act3.mp3,6,,Lab Audio Program,,Lab Audio Program MP3: Lesson 7 - <i>Estructura</i> 7.3 - Activity 3,1,0,sample description
Activity_Pack/pan4e_lm_l07_20_estructura_7-3_act4.mp3,6,,Lab Audio Program,,Lab Audio Program MP3: Lesson 7 - <i>Estructura</i> 7.3 - Activity 4,1,0,sample description
Activity_Pack/pan4e_lm_l07_21_estructura_7-4_act1.mp3,6,,Lab Audio Program,,Lab Audio Program MP3: Lesson 7 - <i>Estructura</i> 7.4 - Activity 1,1,0,sample description
Activity_Pack/pan4e_lm_l07_22_estructura_7-4_act2.mp3,6,,Lab Audio Program,,Lab Audio Program MP3: Lesson 7 - <i>Estructura</i> 7.4 - Activity 2,1,0,sample description
Activity_Pack/pan4e_lm_l07_23_estructura_7-4_act3.mp3,6,,Lab Audio Program,,Lab Audio Program MP3: Lesson 7 - <i>Estructura</i> 7.4 - Activity 3,1,0,sample description
Activity_Pack/pan4e_lm_l07_24_estructura_7-4_act4.mp3,6,,Lab Audio Program,,Lab Audio Program MP3: Lesson 7 - <i>Estructura</i> 7.4 - Activity 4,1,0,sample description
Activity_Pack/pan4e_lm_l07_25_vocab_verbos-reflexivos.mp3,6,,Lab Audio Program,,Lab Audio Program MP3: Lesson 7 - <i>Vocabulario</i> - <i>Los verbos reflexivos</i>,1,0,sample description
Activity_Pack/pan4e_lm_l07_26_vocab_secuencia.mp3,6,,Lab Audio Program,,Lab Audio Program MP3: Lesson 7 - <i>Vocabulario</i> - <i>Palabras de secuencia</i>,1,0,sample description
Activity_Pack/pan4e_lm_l07_27_vocab_afirmativas-negativas.mp3,6,,Lab Audio Program,,Lab Audio Program MP3: Lesson 7 - <i>Vocabulario</i> - <i>Palabras afirmativas y negativas</i>,1,0,sample description
Activity_Pack/pan4e_lm_l07_28_vocab_bano.mp3,6,,Lab Audio Program,,Lab Audio Program MP3: Lesson 7 - <i>Vocabulario</i> - <i>En el bañi>,1,0,sample description
Activity_Pack/pan4e_lm_l07_29_vocab_verbos-gustar.mp3,6,,Lab Audio Program,,Lab Audio Program MP3: Lesson 7 - <i>Vocabulario</i> - <i>Verbos similares a gustar</i>,1,0,sample description
Activity_Pack/pan4e_lm_l07_30_vocab_palabras-adicionales.mp3,6,,Lab Audio Program,,Lab Audio Program MP3: Lesson 7 - <i>Vocabulario</i> - <i>Palabras adicionales</i>,1,0,sample description
Activity_Pack/pan4e_lm_l08_01_contextos_act1.mp3,7,,Lab Audio Program,,Lab Audio Program MP3: Lesson 8 - <i>Contextos</i> - Activity 1,1,0,sample description
Activity_Pack/pan4e_lm_l08_02_contextos_act2.mp3,7,,Lab Audio Program,,Lab Audio Program MP3: Lesson 8 - <i>Contextos</i> - Activity 2,1,0,sample description
Activity_Pack/pan4e_lm_l08_03_contextos_act3.mp3,7,,Lab Audio Program,,Lab Audio Program MP3: Lesson 8 - <i>Contextos</i> - Activity 3,1,0,sample description
Activity_Pack/pan4e_lm_l08_04_pronunciacion_expl.mp3,7,,Lab Audio Program,,Lab Audio Program MP3: Lesson 8 - <i>Pronunciaciói> - Explanation,1,0,sample description
Activity_Pack/pan4e_lm_l08_05_pronunciacion_act1.mp3,7,,Lab Audio Program,,Lab Audio Program MP3: Lesson 8 - <i>Pronunciaciói> - Activity 1,1,0,sample description
Activity_Pack/pan4e_lm_l08_06_pronunciacion_act2.mp3,7,,Lab Audio Program,,Lab Audio Program MP3: Lesson 8 - <i>Pronunciaciói> - Activity 2,1,0,sample description
Activity_Pack/pan4e_lm_l08_07_pronunciacion_act3.mp3,7,,Lab Audio Program,,Lab Audio Program MP3: Lesson 8 - <i>Pronunciaciói> - Activity 3,1,0,sample description
Activity_Pack/pan4e_lm_l08_08_pronunciacion_act4.mp3,7,,Lab Audio Program,,Lab Audio Program MP3: Lesson 8 - <i>Pronunciaciói> - Activity 4,1,0,sample description
Activity_Pack/pan4e_lm_l08_09_estructura_8-1_act1.mp3,7,,Lab Audio Program,,Lab Audio Program MP3: Lesson 8 - <i>Estructura</i> 8.1 - Activity 1,1,0,sample description
Activity_Pack/pan4e_lm_l08_10_estructura_8-1_act2.mp3,7,,Lab Audio Program,,Lab Audio Program MP3: Lesson 8 - <i>Estructura</i> 8.1 - Activity 2,1,0,sample description
Activity_Pack/pan4e_lm_l08_11_estructura_8-1_act3.mp3,7,,Lab Audio Program,,Lab Audio Program MP3: Lesson 8 - <i>Estructura</i> 8.1 - Activity 3,1,0,sample description
Activity_Pack/pan4e_lm_l08_12_estructura_8-1_act4.mp3,7,,Lab Audio Program,,Lab Audio Program MP3: Lesson 8 - <i>Estructura</i> 8.1 - Activity 4,1,0,sample description
Activity_Pack/pan4e_lm_l08_13_estructura_8-2_act1.mp3,7,,Lab Audio Program,,Lab Audio Program MP3: Lesson 8 - <i>Estructura</i> 8.2 - Activity 1,1,0,sample description
Activity_Pack/pan4e_lm_l08_14_estructura_8-2_act2.mp3,7,,Lab Audio Program,,Lab Audio Program MP3: Lesson 8 - <i>Estructura</i> 8.2 - Activity 2,1,0,sample description
Activity_Pack/pan4e_lm_l08_15_estructura_8-2_act3.mp3,7,,Lab Audio Program,,Lab Audio Program MP3: Lesson 8 - <i>Estructura</i> 8.2 - Activity 3,1,0,sample description
Activity_Pack/pan4e_lm_l08_16_estructura_8-2_act4.mp3,7,,Lab Audio Program,,Lab Audio Program MP3: Lesson 8 - <i>Estructura</i> 8.2 - Activity 4,1,0,sample description
Activity_Pack/pan4e_lm_l08_17_estructura_8-3_act1.mp3,7,,Lab Audio Program,,Lab Audio Program MP3: Lesson 8 - <i>Estructura</i> 8.3 - Activity 1,1,0,sample description
Activity_Pack/pan4e_lm_l08_18_estructura_8-3_act2.mp3,7,,Lab Audio Program,,Lab Audio Program MP3: Lesson 8 - <i>Estructura</i> 8.3 - Activity 2,1,0,sample description
Activity_Pack/pan4e_lm_l08_19_estructura_8-3_act3.mp3,7,,Lab Audio Program,,Lab Audio Program MP3: Lesson 8 - <i>Estructura</i> 8.3 - Activity 3,1,0,sample description
Activity_Pack/pan4e_lm_l08_20_estructura_8-4_act1.mp3,7,,Lab Audio Program,,Lab Audio Program MP3: Lesson 8 - <i>Estructura</i> 8.4 - Activity 1,1,0,sample description
Activity_Pack/pan4e_lm_l08_21_estructura_8-4_act2.mp3,7,,Lab Audio Program,,Lab Audio Program MP3: Lesson 8 - <i>Estructura</i> 8.4 - Activity 2,1,0,sample description
Activity_Pack/pan4e_lm_l08_22_estructura_8-4_act3.mp3,7,,Lab Audio Program,,Lab Audio Program MP3: Lesson 8 - <i>Estructura</i> 8.4 - Activity 3,1,0,sample description
Activity_Pack/pan4e_lm_l08_23_vocab_comidas.mp3,7,,Lab Audio Program,,Lab Audio Program MP3: Lesson 8 - <i>Vocabulario</i> - <i>Las comidas</i>,1,0,sample description
Activity_Pack/pan4e_lm_l08_24_vocab_frutas.mp3,7,,Lab Audio Program,,Lab Audio Program MP3: Lesson 8 - <i>Vocabulario</i> - <i>Las frutas</i>,1,0,sample description
Activity_Pack/pan4e_lm_l08_25_vocab_verduras.mp3,7,,Lab Audio Program,,Lab Audio Program MP3: Lesson 8 - <i>Vocabulario</i> - <i>Las verduras</i>,1,0,sample description
Activity_Pack/pan4e_lm_l08_26_vocab_carne-pescado.mp3,7,,Lab Audio Program,,Lab Audio Program MP3: Lesson 8 - <i>Vocabulario</i> - <i>La carne y el pescado</i>,1,0,sample description
Activity_Pack/pan4e_lm_l08_27_vocab_otras-comidas.mp3,7,,Lab Audio Program,,Lab Audio Program MP3: Lesson 8 - <i>Vocabulario</i> - <i>Otras comidas</i>,1,0,sample description
Activity_Pack/pan4e_lm_l08_28_vocab_bebidas.mp3,7,,Lab Audio Program,,Lab Audio Program MP3: Lesson 8 - <i>Vocabulario</i> - <i>Las bebidas</i>,1,0,sample description
Activity_Pack/pan4e_lm_l08_29_vocab_verbos.mp3,7,,Lab Audio Program,,Lab Audio Program MP3: Lesson 8 - <i>Vocabulario</i> - <i>Verbos</i>,1,0,sample description
Activity_Pack/pan4e_lm_l08_30_vocab_comparaciones.mp3,7,,Lab Audio Program,,Lab Audio Program MP3: Lesson 8 - <i>Vocabulario</i> - <i>Las comparaciones</i>,1,0,sample description
Activity_Pack/pan4e_lm_l09_01_contextos_act1.mp3,8,,Lab Audio Program,,Lab Audio Program MP3: Lesson 9 - <i>Contextos</i> - Activity 1,1,0,sample description
Activity_Pack/pan4e_lm_l09_02_contextos_act2.mp3,8,,Lab Audio Program,,Lab Audio Program MP3: Lesson 9 - <i>Contextos</i> - Activity 2,1,0,sample description
Activity_Pack/pan4e_lm_l09_03_contextos_act3.mp3,8,,Lab Audio Program,,Lab Audio Program MP3: Lesson 9 - <i>Contextos</i> - Activity 3,1,0,sample description
Activity_Pack/pan4e_lm_l09_04_pronunciacion_expl.mp3,8,,Lab Audio Program,,Lab Audio Program MP3: Lesson 9 - <i>Pronunciaciói> - Explanation,1,0,sample description
Activity_Pack/pan4e_lm_l09_05_pronunciacion_act1.mp3,8,,Lab Audio Program,,Lab Audio Program MP3: Lesson 9 - <i>Pronunciaciói> - Activity 1,1,0,sample description
Activity_Pack/pan4e_lm_l09_06_pronunciacion_act2.mp3,8,,Lab Audio Program,,Lab Audio Program MP3: Lesson 9 - <i>Pronunciaciói> - Activity 2,1,0,sample description
Activity_Pack/pan4e_lm_l09_07_pronunciacion_act3.mp3,8,,Lab Audio Program,,Lab Audio Program MP3: Lesson 9 - <i>Pronunciaciói> - Activity 3,1,0,sample description
Activity_Pack/pan4e_lm_l09_08_pronunciacion_act4.mp3,8,,Lab Audio Program,,Lab Audio Program MP3: Lesson 9 - <i>Pronunciaciói> - Activity 4,1,0,sample description
Activity_Pack/pan4e_lm_l09_09_estructura_9-1_act1.mp3,8,,Lab Audio Program,,Lab Audio Program MP3: Lesson 9 - <i>Estructura</i> 9.1 - Activity 1,1,0,sample description
Activity_Pack/pan4e_lm_l09_10_estructura_9-1_act2.mp3,8,,Lab Audio Program,,Lab Audio Program MP3: Lesson 9 - <i>Estructura</i> 9.1 - Activity 2,1,0,sample description
Activity_Pack/pan4e_lm_l09_11_estructura_9-1_act3.mp3,8,,Lab Audio Program,,Lab Audio Program MP3: Lesson 9 - <i>Estructura</i> 9.1 - Activity 3,1,0,sample description
Activity_Pack/pan4e_lm_l09_12_estructura_9-1_act4.mp3,8,,Lab Audio Program,,Lab Audio Program MP3: Lesson 9 - <i>Estructura</i> 9.1 - Activity 4,1,0,sample description
Activity_Pack/pan4e_lm_l09_13_estructura_9-2_act1.mp3,8,,Lab Audio Program,,Lab Audio Program MP3: Lesson 9 - <i>Estructura</i> 9.2 - Activity 1,1,0,sample description
Activity_Pack/pan4e_lm_l09_14_estructura_9-2_act2.mp3,8,,Lab Audio Program,,Lab Audio Program MP3: Lesson 9 - <i>Estructura</i> 9.2 - Activity 2,1,0,sample description
Activity_Pack/pan4e_lm_l09_15_estructura_9-2_act3.mp3,8,,Lab Audio Program,,Lab Audio Program MP3: Lesson 9 - <i>Estructura</i> 9.2 - Activity 3,1,0,sample description
Activity_Pack/pan4e_lm_l09_16_estructura_9-2_act4.mp3,8,,Lab Audio Program,,Lab Audio Program MP3: Lesson 9 - <i>Estructura</i> 9.2 - Activity 4,1,0,sample description
Activity_Pack/pan4e_lm_l09_17_estructura_9-3_act1.mp3,8,,Lab Audio Program,,Lab Audio Program MP3: Lesson 9 - <i>Estructura</i> 9.3 - Activity 1,1,0,sample description
Activity_Pack/pan4e_lm_l09_18_estructura_9-3_act2.mp3,8,,Lab Audio Program,,Lab Audio Program MP3: Lesson 9 - <i>Estructura</i> 9.3 - Activity 2,1,0,sample description
Activity_Pack/pan4e_lm_l09_19_estructura_9-3_act3.mp3,8,,Lab Audio Program,,Lab Audio Program MP3: Lesson 9 - <i>Estructura</i> 9.3 - Activity 3,1,0,sample description
Activity_Pack/pan4e_lm_l09_20_estructura_9-3_act4.mp3,8,,Lab Audio Program,,Lab Audio Program MP3: Lesson 9 - <i>Estructura</i> 9.3 - Activity 4,1,0,sample description
Activity_Pack/pan4e_lm_l09_21_estructura_9-4_act1.mp3,8,,Lab Audio Program,,Lab Audio Program MP3: Lesson 9 - <i>Estructura</i> 9.4 - Activity 1,1,0,sample description
Activity_Pack/pan4e_lm_l09_22_estructura_9-4_act2.mp3,8,,Lab Audio Program,,Lab Audio Program MP3: Lesson 9 - <i>Estructura</i> 9.4 - Activity 2,1,0,sample description
Activity_Pack/pan4e_lm_l09_23_estructura_9-4_act3.mp3,8,,Lab Audio Program,,Lab Audio Program MP3: Lesson 9 - <i>Estructura</i> 9.4 - Activity 3,1,0,sample description
Activity_Pack/pan4e_lm_l09_24_vocab_celebraciones.mp3,8,,Lab Audio Program,,Lab Audio Program MP3: Lesson 9 - <i>Vocabulario</i> - <i>Las celebraciones</i>,1,0,sample description
Activity_Pack/pan4e_lm_l09_25_vocab_postres.mp3,8,,Lab Audio Program,,Lab Audio Program MP3: Lesson 9 - <i>Vocabulario</i> - <i>Los postres y otras comidas</i>,1,0,sample description
Activity_Pack/pan4e_lm_l09_26_vocab_relaciones-personales.mp3,8,,Lab Audio Program,,Lab Audio Program MP3: Lesson 9 - <i>Vocabulario</i> - <i>Las relaciones personales</i>,1,0,sample description
Activity_Pack/pan4e_lm_l09_27_vocab_etapas-vida.mp3,8,,Lab Audio Program,,Lab Audio Program MP3: Lesson 9 - <i>Vocabulario</i> - <i>Las etapas de la vida</i>,1,0,sample description
Activity_Pack/pan4e_lm_l09_28_vocab_palabras-adicionales.mp3,8,,Lab Audio Program,,Lab Audio Program MP3: Lesson 9 - <i>Vocabulario</i> - <i>Palabras adicionales</i>,1,0,sample description
Activity_Pack/pan4e_lm_l10_01_contextos_act1.mp3,9,,Lab Audio Program,,Lab Audio Program MP3: Lesson 10 - <i>Contextos</i> - Activity 1,1,0,sample description
Activity_Pack/pan4e_lm_l10_02_contextos_act2.mp3,9,,Lab Audio Program,,Lab Audio Program MP3: Lesson 10 - <i>Contextos</i> - Activity 2,1,0,sample description
Activity_Pack/pan4e_lm_l10_03_pronunciacion_expl.mp3,9,,Lab Audio Program,,Lab Audio Program MP3: Lesson 10 - <i>Pronunciaciói> - Explanation,1,0,sample description
Activity_Pack/pan4e_lm_l10_04_pronunciacion_act1.mp3,9,,Lab Audio Program,,Lab Audio Program MP3: Lesson 10 - <i>Pronunciaciói> - Activity 1,1,0,sample description
Activity_Pack/pan4e_lm_l10_05_pronunciacion_act2.mp3,9,,Lab Audio Program,,Lab Audio Program MP3: Lesson 10 - <i>Pronunciaciói> - Activity 2,1,0,sample description
Activity_Pack/pan4e_lm_l10_06_pronunciacion_act3.mp3,9,,Lab Audio Program,,Lab Audio Program MP3: Lesson 10 - <i>Pronunciaciói> - Activity 3,1,0,sample description
Activity_Pack/pan4e_lm_l10_07_pronunciacion_act4.mp3,9,,Lab Audio Program,,Lab Audio Program MP3: Lesson 10 - <i>Pronunciaciói> - Activity 4,1,0,sample description
Activity_Pack/pan4e_lm_l10_08_estructura_10-1_act1.mp3,9,,Lab Audio Program,,Lab Audio Program MP3: Lesson 10 - <i>Estructura</i> 10.1 - Activity 1,1,0,sample description
Activity_Pack/pan4e_lm_l10_09_estructura_10-1_act2.mp3,9,,Lab Audio Program,,Lab Audio Program MP3: Lesson 10 - <i>Estructura</i> 10.1 - Activity 2,1,0,sample description
Activity_Pack/pan4e_lm_l10_10_estructura_10-1_act3.mp3,9,,Lab Audio Program,,Lab Audio Program MP3: Lesson 10 - <i>Estructura</i> 10.1 - Activity 3,1,0,sample description
Activity_Pack/pan4e_lm_l10_11_estructura_10-1_act4.mp3,9,,Lab Audio Program,,Lab Audio Program MP3: Lesson 10 - <i>Estructura</i> 10.1 - Activity 4,1,0,sample description
Activity_Pack/pan4e_lm_l10_12_estructura_10-2_act1.mp3,9,,Lab Audio Program,,Lab Audio Program MP3: Lesson 10 - <i>Estructura</i> 10.2 - Activity 1,1,0,sample description
Activity_Pack/pan4e_lm_l10_13_estructura_10-2_act2.mp3,9,,Lab Audio Program,,Lab Audio Program MP3: Lesson 10 - <i>Estructura</i> 10.2 - Activity 2,1,0,sample description
Activity_Pack/pan4e_lm_l10_14_estructura_10-2_act3.mp3,9,,Lab Audio Program,,Lab Audio Program MP3: Lesson 10 - <i>Estructura</i> 10.2 - Activity 3,1,0,sample description
Activity_Pack/pan4e_lm_l10_15_estructura_10-3_act1.mp3,9,,Lab Audio Program,,Lab Audio Program MP3: Lesson 10 - <i>Estructura</i> 10.3 - Activity 1,1,0,sample description
Activity_Pack/pan4e_lm_l10_16_estructura_10-3_act2.mp3,9,,Lab Audio Program,,Lab Audio Program MP3: Lesson 10 - <i>Estructura</i> 10.3 - Activity 2,1,0,sample description
Activity_Pack/pan4e_lm_l10_17_estructura_10-3_act3.mp3,9,,Lab Audio Program,,Lab Audio Program MP3: Lesson 10 - <i>Estructura</i> 10.3 - Activity 3,1,0,sample description
Activity_Pack/pan4e_lm_l10_18_estructura_10-4_act1.mp3,9,,Lab Audio Program,,Lab Audio Program MP3: Lesson 10 - <i>Estructura</i> 10.4 - Activity 1,1,0,sample description
Activity_Pack/pan4e_lm_l10_19_estructura_10-4_act2.mp3,9,,Lab Audio Program,,Lab Audio Program MP3: Lesson 10 - <i>Estructura</i> 10.4 - Activity 2,1,0,sample description
Activity_Pack/pan4e_lm_l10_20_estructura_10-4_act3.mp3,9,,Lab Audio Program,,Lab Audio Program MP3: Lesson 10 - <i>Estructura</i> 10.4 - Activity 3,1,0,sample description
Activity_Pack/pan4e_lm_l10_21_estructura_10-4_act4.mp3,9,,Lab Audio Program,,Lab Audio Program MP3: Lesson 10 - <i>Estructura</i> 10.4 - Activity 4,1,0,sample description
Activity_Pack/pan4e_lm_l10_22_vocab_cuerpo.mp3,9,,Lab Audio Program,,Lab Audio Program MP3: Lesson 10 - <i>Vocabulario</i> - <i>El cuerpo</i>,1,0,sample description
Activity_Pack/pan4e_lm_l10_23_vocab_salud.mp3,9,,Lab Audio Program,,Lab Audio Program MP3: Lesson 10 - <i>Vocabulario</i> - <i>La salud</i>,1,0,sample description
Activity_Pack/pan4e_lm_l10_24_vocab_verbos.mp3,9,,Lab Audio Program,,Lab Audio Program MP3: Lesson 10 - <i>Vocabulario</i> - <i>Verbos</i>,1,0,sample description
Activity_Pack/pan4e_lm_l10_25_vocab_adjetivos.mp3,9,,Lab Audio Program,,Lab Audio Program MP3: Lesson 10 - <i>Vocabulario</i> - <i>Adjetivos</i>,1,0,sample description
Activity_Pack/pan4e_lm_l10_26_vocab_adverbios.mp3,9,,Lab Audio Program,,Lab Audio Program MP3: Lesson 10 - <i>Vocabulario</i> - <i>Adverbios</i>,1,0,sample description
Activity_Pack/pan4e_lm_l11_01_contextos_act1.mp3,10,,Lab Audio Program,,Lab Audio Program MP3: Lesson 11 - <i>Contextos</i> - Activity 1,1,0,sample description
Activity_Pack/pan4e_lm_l11_02_contextos_act2.mp3,10,,Lab Audio Program,,Lab Audio Program MP3: Lesson 11 - <i>Contextos</i> - Activity 2,1,0,sample description
Activity_Pack/pan4e_lm_l11_03_contextos_act3.mp3,10,,Lab Audio Program,,Lab Audio Program MP3: Lesson 11 - <i>Contextos</i> - Activity 3,1,0,sample description
Activity_Pack/pan4e_lm_l11_04_pronunciacion_expl.mp3,10,,Lab Audio Program,,Lab Audio Program MP3: Lesson 11 - <i>Pronunciaciói> - Explanation,1,0,sample description
Activity_Pack/pan4e_lm_l11_05_pronunciacion_act1.mp3,10,,Lab Audio Program,,Lab Audio Program MP3: Lesson 11 - <i>Pronunciaciói> - Activity 1,1,0,sample description
Activity_Pack/pan4e_lm_l11_06_pronunciacion_act2.mp3,10,,Lab Audio Program,,Lab Audio Program MP3: Lesson 11 - <i>Pronunciaciói> - Activity 2,1,0,sample description
Activity_Pack/pan4e_lm_l11_07_pronunciacion_act3.mp3,10,,Lab Audio Program,,Lab Audio Program MP3: Lesson 11 - <i>Pronunciaciói> - Activity 3,1,0,sample description
Activity_Pack/pan4e_lm_l11_08_pronunciacion_act4.mp3,10,,Lab Audio Program,,Lab Audio Program MP3: Lesson 11 - <i>Pronunciaciói> - Activity 4,1,0,sample description
Activity_Pack/pan4e_lm_l11_09_estructura_11-1_act1.mp3,10,,Lab Audio Program,,Lab Audio Program MP3: Lesson 11 - <i>Estructura</i> 11.1 - Activity 1,1,0,sample description
Activity_Pack/pan4e_lm_l11_10_estructura_11-1_act2.mp3,10,,Lab Audio Program,,Lab Audio Program MP3: Lesson 11 - <i>Estructura</i> 11.1 - Activity 2,1,0,sample description
Activity_Pack/pan4e_lm_l11_11_estructura_11-1_act3.mp3,10,,Lab Audio Program,,Lab Audio Program MP3: Lesson 11 - <i>Estructura</i> 11.1 - Activity 3,1,0,sample description
Activity_Pack/pan4e_lm_l11_12_estructura_11-1_act4.mp3,10,,Lab Audio Program,,Lab Audio Program MP3: Lesson 11 - <i>Estructura</i> 11.1 - Activity 4,1,0,sample description
Activity_Pack/pan4e_lm_l11_13_estructura_11-2_act1.mp3,10,,Lab Audio Program,,Lab Audio Program MP3: Lesson 11 - <i>Estructura</i> 11.2 - Activity 1,1,0,sample description
Activity_Pack/pan4e_lm_l11_14_estructura_11-2_act2.mp3,10,,Lab Audio Program,,Lab Audio Program MP3: Lesson 11 - <i>Estructura</i> 11.2 - Activity 2,1,0,sample description
Activity_Pack/pan4e_lm_l11_15_estructura_11-2_act3.mp3,10,,Lab Audio Program,,Lab Audio Program MP3: Lesson 11 - <i>Estructura</i> 11.2 - Activity 3,1,0,sample description
Activity_Pack/pan4e_lm_l11_16_estructura_11-3_act1.mp3,10,,Lab Audio Program,,Lab Audio Program MP3: Lesson 11 - <i>Estructura</i> 11.3 - Activity 1,1,0,sample description
Activity_Pack/pan4e_lm_l11_17_estructura_11-3_act2.mp3,10,,Lab Audio Program,,Lab Audio Program MP3: Lesson 11 - <i>Estructura</i> 11.3 - Activity 2,1,0,sample description
Activity_Pack/pan4e_lm_l11_18_estructura_11-3_act3.mp3,10,,Lab Audio Program,,Lab Audio Program MP3: Lesson 11 - <i>Estructura</i> 11.3 - Activity 3,1,0,sample description
Activity_Pack/pan4e_lm_l11_19_estructura_11-4_act1.mp3,10,,Lab Audio Program,,Lab Audio Program MP3: Lesson 11 - <i>Estructura</i> 11.4 - Activity 1,1,0,sample description
Activity_Pack/pan4e_lm_l11_20_estructura_11-4_act2.mp3,10,,Lab Audio Program,,Lab Audio Program MP3: Lesson 11 - <i>Estructura</i> 11.4 - Activity 2,1,0,sample description
Activity_Pack/pan4e_lm_l11_21_estructura_11-4_act3.mp3,10,,Lab Audio Program,,Lab Audio Program MP3: Lesson 11 - <i>Estructura</i> 11.4 - Activity 3,1,0,sample description
Activity_Pack/pan4e_lm_l11_22_vocab_tecnologia.mp3,10,,Lab Audio Program,,Lab Audio Program MP3: Lesson 11 - <i>Vocabulario</i> - <i>La tecnologí/i>,1,0,sample description
Activity_Pack/pan4e_lm_l11_23_vocab_verbos.mp3,10,,Lab Audio Program,,Lab Audio Program MP3: Lesson 11 - <i>Vocabulario</i> - <i>Verbos</i>,1,0,sample description
Activity_Pack/pan4e_lm_l11_24_vocab_computadora.mp3,10,,Lab Audio Program,,Lab Audio Program MP3: Lesson 11 - <i>Vocabulario</i> - <i>La computadora</i>,1,0,sample description
Activity_Pack/pan4e_lm_l11_25_vocab_carro.mp3,10,,Lab Audio Program,,Lab Audio Program MP3: Lesson 11 - <i>Vocabulario</i> - <i>El carro</i>,1,0,sample description
Activity_Pack/pan4e_lm_l11_26_vocab_otras-palabras-expresiones.mp3,10,,Lab Audio Program,,Lab Audio Program MP3: Lesson 11 - <i>Vocabulario</i> - <i>Otras palabras y expresiones</i>,1,0,sample description
Activity_Pack/pan4e_lm_l12_01_contextos_act1.mp3,11,,Lab Audio Program,,Lab Audio Program MP3: Lesson 12 - <i>Contextos</i> - Activity 1,1,0,sample description
Activity_Pack/pan4e_lm_l12_02_contextos_act2.mp3,11,,Lab Audio Program,,Lab Audio Program MP3: Lesson 12 - <i>Contextos</i> - Activity 2,1,0,sample description
Activity_Pack/pan4e_lm_l12_03_contextos_act3.mp3,11,,Lab Audio Program,,Lab Audio Program MP3: Lesson 12 - <i>Contextos</i> - Activity 3,1,0,sample description
Activity_Pack/pan4e_lm_l12_04_contextos_act4.mp3,11,,Lab Audio Program,,Lab Audio Program MP3: Lesson 12 - <i>Contextos</i> - Activity 4,1,0,sample description
Activity_Pack/pan4e_lm_l12_05_pronunciacion_expl.mp3,11,,Lab Audio Program,,Lab Audio Program MP3: Lesson 12 - <i>Pronunciaciói> - Explanation,1,0,sample description
Activity_Pack/pan4e_lm_l12_06_pronunciacion_act1.mp3,11,,Lab Audio Program,,Lab Audio Program MP3: Lesson 12 - <i>Pronunciaciói> - Activity 1,1,0,sample description
Activity_Pack/pan4e_lm_l12_07_pronunciacion_act2.mp3,11,,Lab Audio Program,,Lab Audio Program MP3: Lesson 12 - <i>Pronunciaciói> - Activity 2,1,0,sample description
Activity_Pack/pan4e_lm_l12_08_pronunciacion_act3.mp3,11,,Lab Audio Program,,Lab Audio Program MP3: Lesson 12 - <i>Pronunciaciói> - Activity 3,1,0,sample description
Activity_Pack/pan4e_lm_l12_09_pronunciacion_act4.mp3,11,,Lab Audio Program,,Lab Audio Program MP3: Lesson 12 - <i>Pronunciaciói> - Activity 4,1,0,sample description
Activity_Pack/pan4e_lm_l12_10_estructura_12-1_act1.mp3,11,,Lab Audio Program,,Lab Audio Program MP3: Lesson 12 - <i>Estructura</i> 12.1 - Activity 1,1,0,sample description
Activity_Pack/pan4e_lm_l12_11_estructura_12-1_act2.mp3,11,,Lab Audio Program,,Lab Audio Program MP3: Lesson 12 - <i>Estructura</i> 12.1 - Activity 2,1,0,sample description
Activity_Pack/pan4e_lm_l12_12_estructura_12-1_act3.mp3,11,,Lab Audio Program,,Lab Audio Program MP3: Lesson 12 - <i>Estructura</i> 12.1 - Activity 3,1,0,sample description
Activity_Pack/pan4e_lm_l12_13_estructura_12-1_act4.mp3,11,,Lab Audio Program,,Lab Audio Program MP3: Lesson 12 - <i>Estructura</i> 12.1 - Activity 4,1,0,sample description
Activity_Pack/pan4e_lm_l12_14_estructura_12-2_act1.mp3,11,,Lab Audio Program,,Lab Audio Program MP3: Lesson 12 - <i>Estructura</i> 12.2 - Activity 1,1,0,sample description
Activity_Pack/pan4e_lm_l12_15_estructura_12-2_act2.mp3,11,,Lab Audio Program,,Lab Audio Program MP3: Lesson 12 - <i>Estructura</i> 12.2 - Activity 2,1,0,sample description
Activity_Pack/pan4e_lm_l12_16_estructura_12-2_act3.mp3,11,,Lab Audio Program,,Lab Audio Program MP3: Lesson 12 - <i>Estructura</i> 12.2 - Activity 3,1,0,sample description
Activity_Pack/pan4e_lm_l12_17_estructura_12-2_act4.mp3,11,,Lab Audio Program,,Lab Audio Program MP3: Lesson 12 - <i>Estructura</i> 12.2 - Activity 4,1,0,sample description
Activity_Pack/pan4e_lm_l12_18_estructura_12-2_act5.mp3,11,,Lab Audio Program,,Lab Audio Program MP3: Lesson 12 - <i>Estructura</i> 12.2 - Activity 5,1,0,sample description
Activity_Pack/pan4e_lm_l12_19_estructura_12-3_act1.mp3,11,,Lab Audio Program,,Lab Audio Program MP3: Lesson 12 - <i>Estructura</i> 12.3 - Activity 1,1,0,sample description
Activity_Pack/pan4e_lm_l12_20_estructura_12-3_act2.mp3,11,,Lab Audio Program,,Lab Audio Program MP3: Lesson 12 - <i>Estructura</i> 12.3 - Activity 2,1,0,sample description
Activity_Pack/pan4e_lm_l12_21_estructura_12-3_act3.mp3,11,,Lab Audio Program,,Lab Audio Program MP3: Lesson 12 - <i>Estructura</i> 12.3 - Activity 3,1,0,sample description
Activity_Pack/pan4e_lm_l12_22_estructura_12-3_act4.mp3,11,,Lab Audio Program,,Lab Audio Program MP3: Lesson 12 - <i>Estructura</i> 12.3 - Activity 4,1,0,sample description
Activity_Pack/pan4e_lm_l12_23_estructura_12-4_act1.mp3,11,,Lab Audio Program,,Lab Audio Program MP3: Lesson 12 - <i>Estructura</i> 12.4 - Activity 1,1,0,sample description
Activity_Pack/pan4e_lm_l12_24_estructura_12-4_act2.mp3,11,,Lab Audio Program,,Lab Audio Program MP3: Lesson 12 - <i>Estructura</i> 12.4 - Activity 2,1,0,sample description
Activity_Pack/pan4e_lm_l12_25_estructura_12-4_act3.mp3,11,,Lab Audio Program,,Lab Audio Program MP3: Lesson 12 - <i>Estructura</i> 12.4 - Activity 3,1,0,sample description
Activity_Pack/pan4e_lm_l12_26_estructura_12-4_act4.mp3,11,,Lab Audio Program,,Lab Audio Program MP3: Lesson 12 - <i>Estructura</i> 12.4 - Activity 4,1,0,sample description
Activity_Pack/pan4e_lm_l12_27_vocab_viviendas.mp3,11,,Lab Audio Program,,Lab Audio Program MP3: Lesson 12 - <i>Vocabulario</i> - <i>Las viviendas</i>,1,0,sample description
Activity_Pack/pan4e_lm_l12_28_vocab_cuartos.mp3,11,,Lab Audio Program,,Lab Audio Program MP3: Lesson 12 - <i>Vocabulario</i> - <i>Los cuartos y otros lugares</i>,1,0,sample description
Activity_Pack/pan4e_lm_l12_29_vocab_muebles.mp3,11,,Lab Audio Program,,Lab Audio Program MP3: Lesson 12 - <i>Vocabulario</i> - <i>Los muebles y otras cosas</i>,1,0,sample description
Activity_Pack/pan4e_lm_l12_30_vocab_electrodomesticos.mp3,11,,Lab Audio Program,,Lab Audio Program MP3: Lesson 12 - <i>Vocabulario</i> - <i>Los electrodoméicos</i>,1,0,sample description
Activity_Pack/pan4e_lm_l12_31_vocab_mesa.mp3,11,,Lab Audio Program,,Lab Audio Program MP3: Lesson 12 - <i>Vocabulario</i> - <i>La mesa</i>,1,0,sample description
Activity_Pack/pan4e_lm_l12_32_vocab_quehaceres-domesticos.mp3,11,,Lab Audio Program,,Lab Audio Program MP3: Lesson 12 - <i>Vocabulario</i> - <i>Los quehaceres doméicos</i>,1,0,sample description
Activity_Pack/pan4e_lm_l12_33_vocab_verbos-expresiones-verbales.mp3,11,,Lab Audio Program,,Lab Audio Program MP3: Lesson 12 - <i>Vocabulario</i> - <i>Verbos y expresiones verbales</i>,1,0,sample description
Activity_Pack/pan4e_lm_l13_01_contextos_act1.mp3,12,,Lab Audio Program,,Lab Audio Program MP3: Lesson 13 - <i>Contextos</i> - Activity 1,1,0,sample description
Activity_Pack/pan4e_lm_l13_02_contextos_act2.mp3,12,,Lab Audio Program,,Lab Audio Program MP3: Lesson 13 - <i>Contextos</i> - Activity 2,1,0,sample description
Activity_Pack/pan4e_lm_l13_03_contextos_act3.mp3,12,,Lab Audio Program,,Lab Audio Program MP3: Lesson 13 - <i>Contextos</i> - Activity 3,1,0,sample description
Activity_Pack/pan4e_lm_l13_04_contextos_act4.mp3,12,,Lab Audio Program,,Lab Audio Program MP3: Lesson 13 - <i>Contextos</i> - Activity 4,1,0,sample description
Activity_Pack/pan4e_lm_l13_05_pronunciacion_expl.mp3,12,,Lab Audio Program,,Lab Audio Program MP3: Lesson 13 - <i>Pronunciaciói> - Explanation,1,0,sample description
Activity_Pack/pan4e_lm_l13_06_pronunciacion_act1.mp3,12,,Lab Audio Program,,Lab Audio Program MP3: Lesson 13 - <i>Pronunciaciói> - Activity 1,1,0,sample description
Activity_Pack/pan4e_lm_l13_07_pronunciacion_act2.mp3,12,,Lab Audio Program,,Lab Audio Program MP3: Lesson 13 - <i>Pronunciaciói> - Activity 2,1,0,sample description
Activity_Pack/pan4e_lm_l13_08_pronunciacion_act3.mp3,12,,Lab Audio Program,,Lab Audio Program MP3: Lesson 13 - <i>Pronunciaciói> - Activity 3,1,0,sample description
Activity_Pack/pan4e_lm_l13_09_pronunciacion_act4.mp3,12,,Lab Audio Program,,Lab Audio Program MP3: Lesson 13 - <i>Pronunciaciói> - Activity 4,1,0,sample description
Activity_Pack/pan4e_lm_l13_10_estructura_13-1_act1.mp3,12,,Lab Audio Program,,Lab Audio Program MP3: Lesson 13 - <i>Estructura</i> 13.1 - Activity 1,1,0,sample description
Activity_Pack/pan4e_lm_l13_11_estructura_13-1_act2.mp3,12,,Lab Audio Program,,Lab Audio Program MP3: Lesson 13 - <i>Estructura</i> 13.1 - Activity 2,1,0,sample description
Activity_Pack/pan4e_lm_l13_12_estructura_13-1_act3.mp3,12,,Lab Audio Program,,Lab Audio Program MP3: Lesson 13 - <i>Estructura</i> 13.1 - Activity 3,1,0,sample description
Activity_Pack/pan4e_lm_l13_13_estructura_13-1_act4.mp3,12,,Lab Audio Program,,Lab Audio Program MP3: Lesson 13 - <i>Estructura</i> 13.1 - Activity 4,1,0,sample description
Activity_Pack/pan4e_lm_l13_14_estructura_13-2_act1.mp3,12,,Lab Audio Program,,Lab Audio Program MP3: Lesson 13 - <i>Estructura</i> 13.2 - Activity 1,1,0,sample description
Activity_Pack/pan4e_lm_l13_15_estructura_13-2_act2.mp3,12,,Lab Audio Program,,Lab Audio Program MP3: Lesson 13 - <i>Estructura</i> 13.2 - Activity 2,1,0,sample description
Activity_Pack/pan4e_lm_l13_16_estructura_13-2_act3.mp3,12,,Lab Audio Program,,Lab Audio Program MP3: Lesson 13 - <i>Estructura</i> 13.2 - Activity 3,1,0,sample description
Activity_Pack/pan4e_lm_l13_17_estructura_13-3_act1.mp3,12,,Lab Audio Program,,Lab Audio Program MP3: Lesson 13 - <i>Estructura</i> 13.3 - Activity 1,1,0,sample description
Activity_Pack/pan4e_lm_l13_18_estructura_13-3_act2.mp3,12,,Lab Audio Program,,Lab Audio Program MP3: Lesson 13 - <i>Estructura</i> 13.3 - Activity 2,1,0,sample description
Activity_Pack/pan4e_lm_l13_19_estructura_13-3_act3.mp3,12,,Lab Audio Program,,Lab Audio Program MP3: Lesson 13 - <i>Estructura</i> 13.3 - Activity 3,1,0,sample description
Activity_Pack/pan4e_lm_l13_20_estructura_13-4_act1.mp3,12,,Lab Audio Program,,Lab Audio Program MP3: Lesson 13 - <i>Estructura</i> 13.4 - Activity 1,1,0,sample description
Activity_Pack/pan4e_lm_l13_21_estructura_13-4_act2.mp3,12,,Lab Audio Program,,Lab Audio Program MP3: Lesson 13 - <i>Estructura</i> 13.4 - Activity 2,1,0,sample description
Activity_Pack/pan4e_lm_l13_22_estructura_13-4_act3.mp3,12,,Lab Audio Program,,Lab Audio Program MP3: Lesson 13 - <i>Estructura</i> 13.4 - Activity 3,1,0,sample description
Activity_Pack/pan4e_lm_l13_23_vocab_naturaleza.mp3,12,,Lab Audio Program,,Lab Audio Program MP3: Lesson 13 - <i>Vocabulario</i> - <i>La naturaleza</i>,1,0,sample description
Activity_Pack/pan4e_lm_l13_24_vocab_animales.mp3,12,,Lab Audio Program,,Lab Audio Program MP3: Lesson 13 - <i>Vocabulario</i> - <i>Los animales</i>,1,0,sample description
Activity_Pack/pan4e_lm_l13_25_vocab_medio-ambiente.mp3,12,,Lab Audio Program,,Lab Audio Program MP3: Lesson 13 - <i>Vocabulario</i> - <i>El medio ambiente</i>,1,0,sample description
Activity_Pack/pan4e_lm_l13_26_vocab_emociones.mp3,12,,Lab Audio Program,,Lab Audio Program MP3: Lesson 13 - <i>Vocabulario</i> - <i>Las emociones</i>,1,0,sample description
Activity_Pack/pan4e_lm_l13_27_vocab_dudas-certezas.mp3,12,,Lab Audio Program,,Lab Audio Program MP3: Lesson 13 - <i>Vocabulario</i> - <i>Las dudas y certezas</i>,1,0,sample description
Activity_Pack/pan4e_lm_l13_28_vocab_conjunciones.mp3,12,,Lab Audio Program,,Lab Audio Program MP3: Lesson 13 - <i>Vocabulario</i> - <i>Conjunciones</i>,1,0,sample description
Activity_Pack/pan4e_lm_l14_01_contextos_act1.mp3,13,,Lab Audio Program,,Lab Audio Program MP3: Lesson 14 - <i>Contextos</i> - Activity 1,1,0,sample description
Activity_Pack/pan4e_lm_l14_02_contextos_act2.mp3,13,,Lab Audio Program,,Lab Audio Program MP3: Lesson 14 - <i>Contextos</i> - Activity 2,1,0,sample description
Activity_Pack/pan4e_lm_l14_03_contextos_act3.mp3,13,,Lab Audio Program,,Lab Audio Program MP3: Lesson 14 - <i>Contextos</i> - Activity 3,1,0,sample description
Activity_Pack/pan4e_lm_l14_04_contextos_act4.mp3,13,,Lab Audio Program,,Lab Audio Program MP3: Lesson 14 - <i>Contextos</i> - Activity 4,1,0,sample description
Activity_Pack/pan4e_lm_l14_05_pronunciacion_expl.mp3,13,,Lab Audio Program,,Lab Audio Program MP3: Lesson 14 - <i>Pronunciaciói> - Explanation,1,0,sample description
Activity_Pack/pan4e_lm_l14_06_pronunciacion_act1.mp3,13,,Lab Audio Program,,Lab Audio Program MP3: Lesson 14 - <i>Pronunciaciói> - Activity 1,1,0,sample description
Activity_Pack/pan4e_lm_l14_07_pronunciacion_act2.mp3,13,,Lab Audio Program,,Lab Audio Program MP3: Lesson 14 - <i>Pronunciaciói> - Activity 2,1,0,sample description
Activity_Pack/pan4e_lm_l14_08_pronunciacion_act3.mp3,13,,Lab Audio Program,,Lab Audio Program MP3: Lesson 14 - <i>Pronunciaciói> - Activity 3,1,0,sample description
Activity_Pack/pan4e_lm_l14_09_pronunciacion_act4.mp3,13,,Lab Audio Program,,Lab Audio Program MP3: Lesson 14 - <i>Pronunciaciói> - Activity 4,1,0,sample description
Activity_Pack/pan4e_lm_l14_10_estructura_14-1_act1.mp3,13,,Lab Audio Program,,Lab Audio Program MP3: Lesson 14 - <i>Estructura</i> 14.1 - Activity 1,1,0,sample description
Activity_Pack/pan4e_lm_l14_11_estructura_14-1_act2.mp3,13,,Lab Audio Program,,Lab Audio Program MP3: Lesson 14 - <i>Estructura</i> 14.1 - Activity 2,1,0,sample description
Activity_Pack/pan4e_lm_l14_12_estructura_14-1_act3.mp3,13,,Lab Audio Program,,Lab Audio Program MP3: Lesson 14 - <i>Estructura</i> 14.1 - Activity 3,1,0,sample description
Activity_Pack/pan4e_lm_l14_13_estructura_14-1_act4.mp3,13,,Lab Audio Program,,Lab Audio Program MP3: Lesson 14 - <i>Estructura</i> 14.1 - Activity 4,1,0,sample description
Activity_Pack/pan4e_lm_l14_14_estructura_14-2_act1.mp3,13,,Lab Audio Program,,Lab Audio Program MP3: Lesson 14 - <i>Estructura</i> 14.2 - Activity 1,1,0,sample description
Activity_Pack/pan4e_lm_l14_15_estructura_14-2_act2.mp3,13,,Lab Audio Program,,Lab Audio Program MP3: Lesson 14 - <i>Estructura</i> 14.2 - Activity 2,1,0,sample description
Activity_Pack/pan4e_lm_l14_16_estructura_14-2_act3.mp3,13,,Lab Audio Program,,Lab Audio Program MP3: Lesson 14 - <i>Estructura</i> 14.2 - Activity 3,1,0,sample description
Activity_Pack/pan4e_lm_l14_17_estructura_14-2_act4.mp3,13,,Lab Audio Program,,Lab Audio Program MP3: Lesson 14 - <i>Estructura</i> 14.2 - Activity 4,1,0,sample description
Activity_Pack/pan4e_lm_l14_18_estructura_14-3_act1.mp3,13,,Lab Audio Program,,Lab Audio Program MP3: Lesson 14 - <i>Estructura</i> 14.3 - Activity 1,1,0,sample description
Activity_Pack/pan4e_lm_l14_19_estructura_14-3_act2.mp3,13,,Lab Audio Program,,Lab Audio Program MP3: Lesson 14 - <i>Estructura</i> 14.3 - Activity 2,1,0,sample description
Activity_Pack/pan4e_lm_l14_20_estructura_14-3_act3.mp3,13,,Lab Audio Program,,Lab Audio Program MP3: Lesson 14 - <i>Estructura</i> 14.3 - Activity 3,1,0,sample description
Activity_Pack/pan4e_lm_l14_21_vocab_ciudad.mp3,13,,Lab Audio Program,,Lab Audio Program MP3: Lesson 14 - <i>Vocabulario</i> - <i>En la ciudad</i>,1,0,sample description
Activity_Pack/pan4e_lm_l14_22_vocab_correo.mp3,13,,Lab Audio Program,,Lab Audio Program MP3: Lesson 14 - <i>Vocabulario</i> - <i>En el correo</i>,1,0,sample description
Activity_Pack/pan4e_lm_l14_23_vocab_banco.mp3,13,,Lab Audio Program,,Lab Audio Program MP3: Lesson 14 - <i>Vocabulario</i> - <i>En el banco</i>,1,0,sample description
Activity_Pack/pan4e_lm_l14_24_vocab_como-llegar.mp3,13,,Lab Audio Program,,Lab Audio Program MP3: Lesson 14 - <i>Vocabulario</i> - <i>Cóllegar</i>,1,0,sample description
Activity_Pack/pan4e_lm_l15_01_contextos_act1.mp3,14,,Lab Audio Program,,Lab Audio Program MP3: Lesson 15 - <i>Contextos</i> - Activity 1,1,0,sample description
Activity_Pack/pan4e_lm_l15_02_contextos_act2.mp3,14,,Lab Audio Program,,Lab Audio Program MP3: Lesson 15 - <i>Contextos</i> - Activity 2,1,0,sample description
Activity_Pack/pan4e_lm_l15_03_contextos_act3.mp3,14,,Lab Audio Program,,Lab Audio Program MP3: Lesson 15 - <i>Contextos</i> - Activity 3,1,0,sample description
Activity_Pack/pan4e_lm_l15_04_pronunciacion_expl.mp3,14,,Lab Audio Program,,Lab Audio Program MP3: Lesson 15 - <i>Pronunciaciói> - Explanation,1,0,sample description
Activity_Pack/pan4e_lm_l15_05_pronunciacion_act1.mp3,14,,Lab Audio Program,,Lab Audio Program MP3: Lesson 15 - <i>Pronunciaciói> - Activity 1,1,0,sample description
Activity_Pack/pan4e_lm_l15_06_pronunciacion_act2.mp3,14,,Lab Audio Program,,Lab Audio Program MP3: Lesson 15 - <i>Pronunciaciói> - Activity 2,1,0,sample description
Activity_Pack/pan4e_lm_l15_07_pronunciacion_act3.mp3,14,,Lab Audio Program,,Lab Audio Program MP3: Lesson 15 - <i>Pronunciaciói> - Activity 3,1,0,sample description
Activity_Pack/pan4e_lm_l15_08_pronunciacion_act4.mp3,14,,Lab Audio Program,,Lab Audio Program MP3: Lesson 15 - <i>Pronunciaciói> - Activity 4,1,0,sample description
Activity_Pack/pan4e_lm_l15_09_estructura_15-1_act1.mp3,14,,Lab Audio Program,,Lab Audio Program MP3: Lesson 15 - <i>Estructura</i> 15.1 - Activity 1,1,0,sample description
Activity_Pack/pan4e_lm_l15_10_estructura_15-1_act2.mp3,14,,Lab Audio Program,,Lab Audio Program MP3: Lesson 15 - <i>Estructura</i> 15.1 - Activity 2,1,0,sample description
Activity_Pack/pan4e_lm_l15_11_estructura_15-1_act3.mp3,14,,Lab Audio Program,,Lab Audio Program MP3: Lesson 15 - <i>Estructura</i> 15.1 - Activity 3,1,0,sample description
Activity_Pack/pan4e_lm_l15_12_estructura_15-1_act4.mp3,14,,Lab Audio Program,,Lab Audio Program MP3: Lesson 15 - <i>Estructura</i> 15.1 - Activity 4,1,0,sample description
Activity_Pack/pan4e_lm_l15_13_estructura_15-2_act1.mp3,14,,Lab Audio Program,,Lab Audio Program MP3: Lesson 15 - <i>Estructura</i> 15.2 - Activity 1,1,0,sample description
Activity_Pack/pan4e_lm_l15_14_estructura_15-2_act2.mp3,14,,Lab Audio Program,,Lab Audio Program MP3: Lesson 15 - <i>Estructura</i> 15.2 - Activity 2,1,0,sample description
Activity_Pack/pan4e_lm_l15_15_estructura_15-2_act3.mp3,14,,Lab Audio Program,,Lab Audio Program MP3: Lesson 15 - <i>Estructura</i> 15.2 - Activity 3,1,0,sample description
Activity_Pack/pan4e_lm_l15_16_estructura_15-2_act4.mp3,14,,Lab Audio Program,,Lab Audio Program MP3: Lesson 15 - <i>Estructura</i> 15.2 - Activity 4,1,0,sample description
Activity_Pack/pan4e_lm_l15_17_estructura_15-3_act1.mp3,14,,Lab Audio Program,,Lab Audio Program MP3: Lesson 15 - <i>Estructura</i> 15.3 - Activity 1,1,0,sample description
Activity_Pack/pan4e_lm_l15_18_estructura_15-3_act2.mp3,14,,Lab Audio Program,,Lab Audio Program MP3: Lesson 15 - <i>Estructura</i> 15.3 - Activity 2,1,0,sample description
Activity_Pack/pan4e_lm_l15_19_estructura_15-3_act3.mp3,14,,Lab Audio Program,,Lab Audio Program MP3: Lesson 15 - <i>Estructura</i> 15.3 - Activity 3,1,0,sample description
Activity_Pack/pan4e_lm_l15_20_vocab_bienestar.mp3,14,,Lab Audio Program,,Lab Audio Program MP3: Lesson 15 - <i>Vocabulario</i> - <i>El bienestar</i>,1,0,sample description
Activity_Pack/pan4e_lm_l15_21_vocab_gimnasio.mp3,14,,Lab Audio Program,,Lab Audio Program MP3: Lesson 15 - <i>Vocabulario</i> - <i>En el gimnasio</i>,1,0,sample description
Activity_Pack/pan4e_lm_l15_22_vocab_nutricion.mp3,14,,Lab Audio Program,,Lab Audio Program MP3: Lesson 15 - <i>Vocabulario</i> - <i>La nutriciói>,1,0,sample description
Activity_Pack/pan4e_l01_lab_audioscript.pdf,0,,Lab Audioscripts,,Lab Audioscript: Lesson 1,0,0,sample description
Activity_Pack/pan4e_l02_lab_audioscript.pdf,1,,Lab Audioscripts,,Lab Audioscript: Lesson 2,0,0,sample description
Activity_Pack/pan4e_l03_lab_audioscript.pdf,2,,Lab Audioscripts,,Lab Audioscript: Lesson 3,0,0,sample description
Activity_Pack/pan4e_l04_lab_audioscript.pdf,3,,Lab Audioscripts,,Lab Audioscript: Lesson 4,0,0,sample description
Activity_Pack/pan4e_l05_lab_audioscript.pdf,4,,Lab Audioscripts,,Lab Audioscript: Lesson 5,0,0,sample description
Activity_Pack/pan4e_l06_lab_audioscript.pdf,5,,Lab Audioscripts,,Lab Audioscript: Lesson 6,0,0,sample description
Activity_Pack/pan4e_l07_lab_audioscript.pdf,6,,Lab Audioscripts,,Lab Audioscript: Lesson 7,0,0,sample description
Activity_Pack/pan4e_l08_lab_audioscript.pdf,7,,Lab Audioscripts,,Lab Audioscript: Lesson 8,0,0,sample description
Activity_Pack/pan4e_l09_lab_audioscript.pdf,8,,Lab Audioscripts,,Lab Audioscript: Lesson 9,0,0,sample description
Activity_Pack/pan4e_l10_lab_audioscript.pdf,9,,Lab Audioscripts,,Lab Audioscript: Lesson 10,0,0,sample description
Activity_Pack/pan4e_l11_lab_audioscript.pdf,10,,Lab Audioscripts,,Lab Audioscript: Lesson 11,0,0,sample description
Activity_Pack/pan4e_l12_lab_audioscript.pdf,11,,Lab Audioscripts,,Lab Audioscript: Lesson 12,0,0,sample description
Activity_Pack/pan4e_l13_lab_audioscript.pdf,12,,Lab Audioscripts,,Lab Audioscript: Lesson 13,0,0,sample description
Activity_Pack/pan4e_l14_lab_audioscript.pdf,13,,Lab Audioscripts,,Lab Audioscript: Lesson 14,0,0,sample description
Activity_Pack/pan4e_l15_lab_audioscript.pdf,14,,Lab Audioscripts,,Lab Audioscript: Lesson 15,0,0,sample description
Activity_Pack/pan4e_lesson_plan_a.rtf,0,14,Lesson Plans,,Lesson Plan A,0,0,sample description
Activity_Pack/pan4e_lesson_plan_b.rtf,0,14,Lesson Plans,,Lesson Plan B,0,0,sample description
Activity_Pack/pan4e_lesson_plan_c.rtf,0,14,Lesson Plans,,Lesson Plan C,0,0,sample description
Activity_Pack/pan4e_lesson_plan_d.rtf,0,14,Lesson Plans,,Lesson Plan D,0,0,sample description
Activity_Pack/pan4e_lesson_plans_general_suggestions.rtf,0,14,Lesson Plans,,Lesson Plans: General Suggestions,0,0,sample description
Activity_Pack/pan4e_01_maps_mexico.pdf,0,14,Overheads,,Overhead: Map without labels - <i>Méco</i>,0,0,sample description
Activity_Pack/pan4e_02_maps_mexico_labels.pdf,0,14,Overheads,,Overhead: Map with labels - <i>Méco</i>,0,0,sample description
Activity_Pack/pan4e_03_maps_central_america_caribbean.pdf,0,14,Overheads,,Overhead: Map without labels - <i>Améca Central y el Caribe </i>,0,0,sample description
Activity_Pack/pan4e_04_maps_central_america_caribbean_labels.pdf,0,14,Overheads,,Overhead: Map with labels - <i>Améca Central y el Caribe </i>,0,0,sample description
Activity_Pack/pan4e_05_maps_south_america.pdf,0,14,Overheads,,Overhead: Map without labels - <i>Améca del Sur</i>,0,0,sample description
Activity_Pack/pan4e_06_maps_south_america_labels.pdf,0,14,Overheads,,Overhead: Map with labels - <i>Améca del Sur</i>,0,0,sample description
Activity_Pack/pan4e_07_maps_spain.pdf,0,14,Overheads,,Overhead: Map without labels - <i>Españi>,0,0,sample description
Activity_Pack/pan4e_08_maps_spain_label.pdf,0,14,Overheads,,Overhead: Map with labels - <i>Españi>,0,0,sample description
Activity_Pack/pan4e_09_l01_contextos_greetings.pdf,0,,Overheads,,"Overhead: Lesson 1 - <i>Contextos</i> - <i>Hola, ¿quéal?</i> - without labels",0,0,sample description
Activity_Pack/pan4e_10_l01_contextos_greetings_labels.pdf,0,,Overheads,,"Overhead: Lesson 1 - <i>Contextos</i> - <i>Hola, ¿quéal?</i> - with labels",0,0,sample description
Activity_Pack/pan4e_11_l01_estructura_1-4_telling_time.pdf,0,,Overheads,,Overhead: Lesson 1 - <i>Estructura</i> 1.4 - Telling time,0,0,sample description
Activity_Pack/pan4e_12_l01_panorama_us_canada.pdf,0,,Overheads,,Overhead: Lesson 1 - <i> Panorama</i> - <i>Estados Unidos y Canadái>,0,0,sample description
Activity_Pack/pan4e_13_l02_contextos_university.pdf,1,,Overheads,,Overhead: Lesson 2 - <i>Contextos</i> - <i>En la universidad</i>,0,0,sample description
Activity_Pack/pan4e_14_l02_estructura_2-3_present_tense_of_estar.pdf,1,,Overheads,,Overhead: Lesson 2 - <i>Estructura</i> 2.3 -  Present tense of <i>estar</i>,0,0,sample description
Activity_Pack/pan4e_15_l02_panorama_spain.pdf,1,,Overheads,,Overhead: Lesson 2 - <i> Panorama</i> - <i>Españi>,0,0,sample description
Activity_Pack/pan4e_16_l03_contextos_perez_santoro_familiy.pdf,2,,Overheads,,Overhead: Lesson 3 - <i>Contextos</i> - <i>La familia de Joséiguel Péz Santoro</i>,0,0,sample description
Activity_Pack/pan4e_17_l03_contextos_family.pdf,2,,Overheads,,Overhead: Lesson 3 - <i>Contextos</i> - <i>Una familia</i>,0,0,sample description
Activity_Pack/pan4e_18_l03_panorama_ecuador.pdf,2,,Overheads,,Overhead: Lesson 3 - <i> Panorama</i> - <i>Ecuador</i>,0,0,sample description
Activity_Pack/pan4e_19_l04_contextos_pastimes.pdf,3,,Overheads,,Overhead: Lesson 4 - <i>Contextos</i> - <i>Los pasatiempos</i>,0,0,sample description
Activity_Pack/pan4e_20_l04_contextos_downtown.pdf,3,,Overheads,,Overhead: Lesson 4 - <i>Contextos</i> - <i>En el centro</i>,0,0,sample description
Activity_Pack/pan4e_21_l04_panorama_mexico.pdf,3,,Overheads,,Overhead: Lesson 4 - <i> Panorama</i> - <i>Méco</i>,0,0,sample description
Activity_Pack/pan4e_22_l05_contextos_vacations.pdf,4,,Overheads,,Overhead: Lesson 5 - <i>Contextos</i> - <i>Las vacaciones</i>,0,0,sample description
Activity_Pack/pan4e_23_l05_contextos_seasons_months.pdf,4,,Overheads,,Overhead: Lesson 5 - <i>Contextos</i> - <i>Las estaciones y los meses del añi>,0,0,sample description
Activity_Pack/pan4e_24_l05_contextos_weather.pdf,4,,Overheads,,Overhead: Lesson 5 - <i>Contextos</i> - <i>El tiempo</i>,0,0,sample description
Activity_Pack/pan4e_25_l05_estructura_5-2_the_present_progressive.pdf,4,,Overheads,,Overhead: Lesson 5 - <i>Estructura</i> 5.2 - The present progressive,0,0,sample description
Activity_Pack/pan4e_26_l05_estructura_5-3_ser_and_estar.pdf,4,,Overheads,,Overhead: Lesson 5 - <i>Estructura</i> 5.3 - <i>Ser</i> and <i>estar</i>,0,0,sample description
Activity_Pack/pan4e_27_l05_panorama_puerto_rico.pdf,4,,Overheads,,Overhead: Lesson 5 - <i> Panorama</i> - <i>Puerto Rico</i>,0,0,sample description
Activity_Pack/pan4e_28_l06_contextos_shopping.pdf,5,,Overheads,,Overhead: Lesson 6 - <i>Contextos</i> - <i>¡De compras!</i>,0,0,sample description
Activity_Pack/pan4e_29_l06_contextos_colors.pdf,5,,Overheads,,Overhead: Lesson 6 - <i>Contextos</i> - <i>Los colores</i>,0,0,sample description
Activity_Pack/pan4e_30_l06_panorama_cuba.pdf,5,,Overheads,,Overhead: Lesson 6 - <i> Panorama</i> - <i>Cuba</i>,0,0,sample description
Activity_Pack/pan4e_31_l07_contextos_daily_routine.pdf,6,,Overheads,,Overhead: Lesson 7 - <i>Contextos</i> - <i>La rutina diaria</i>,0,0,sample description
Activity_Pack/pan4e_32_l07_panorama_peru.pdf,6,,Overheads,,Overhead: Lesson 7 - <i> Panorama</i> - <i>Perú,0,0,sample description
Activity_Pack/pan4e_33_l08_contextos_food.pdf,7,,Overheads,,Overhead: Lesson 8 - <i>Contextos</i> - <i>La comida</i>,0,0,sample description
Activity_Pack/pan4e_34_l08_contextos_meals.pdf,7,,Overheads,,"Overhead: Lesson 8 - <i>Contextos</i> - <i>El desayuno, el almuerzo y la cena</i>",0,0,sample description
Activity_Pack/pan4e_35_l08_panorama_guatemala.pdf,7,,Overheads,,Overhead: Lesson 8 - <i> Panorama</i> - <i>Guatemala</i>,0,0,sample description
Activity_Pack/pan4e_36_l09_contextos_parties.pdf,8,,Overheads,,Overhead: Lesson 9 - <i>Contextos</i> - <i>Las fiestas</i>,0,0,sample description
Activity_Pack/pan4e_37_l09_panorama_chile.pdf,8,,Overheads,,Overhead: Lesson 9 - <i> Panorama</i> - <i>Chile</i>,0,0,sample description
Activity_Pack/pan4e_38_l10_contextos_at_the_doctor.pdf,9,,Overheads,,Overhead: Lesson 10 - <i>Contextos</i> - <i>En el consultario</i>,0,0,sample description
Activity_Pack/pan4e_39_l10_panorama_costa_rica.pdf,9,,Overheads,,Overhead: Lesson 10 - <i> Panorama</i> - <i>Costa Rica</i>,0,0,sample description
Activity_Pack/pan4e_40_l10_panorama_nicaragua.pdf,9,,Overheads,,Overhead: Lesson 10 - <i> Panorama</i> - <i>Nicaragua</i>,0,0,sample description
Activity_Pack/pan4e_41_l11_contextos_technology.pdf,10,,Overheads,,Overhead: Lesson 11 - <i>Contextos</i> - <i>La tecnologí/i>,0,0,sample description
Activity_Pack/pan4e_42_l11_contextos_gas_station.pdf,10,,Overheads,,Overhead: Lesson 11 - <i>Contextos</i> - <i>En la gasolinera</i>,0,0,sample description
Activity_Pack/pan4e_43_l11_panorama_argentina.pdf,10,,Overheads,,Overhead: Lesson 11 - <i> Panorama</i> - <i>Argentina</i>,0,0,sample description
Activity_Pack/pan4e_44_l11_panorama_uruguay.pdf,10,,Overheads,,Overhead: Lesson 11 - <i> Panorama</i> - <i>Uruguay</i>,0,0,sample description
Activity_Pack/pan4e_45_l12_contextos_home.pdf,11,,Overheads,,Overhead: Lesson 12 - <i>Contextos</i> - <i>La vivienda</i>,0,0,sample description
Activity_Pack/pan4e_46_l12_contextos_dinning_room.pdf,11,,Overheads,,Overhead: Lesson 12 - <i>Contextos</i> - <i>El comedor</i>,0,0,sample description
Activity_Pack/pan4e_47_l12_estructura_12-4_subjunctive__verbs_of_will_and_influence.pdf,11,,Overheads,,Overhead: Lesson 12 - <i>Estructura</i> 12.4 - Subjunctive verbs of will and influence,0,0,sample description
Activity_Pack/pan4e_48_l12_panorama_panama.pdf,11,,Overheads,,Overhead: Lesson 12 - <i> Panorama</i> - <i>Panamái>,0,0,sample description
Activity_Pack/pan4e_49_l12_panorama_el_salvador.pdf,11,,Overheads,,Overhead: Lesson 12 - <i> Panorama</i> - <i>El Salvador</i>,0,0,sample description
Activity_Pack/pan4e_50_l13_contextos_nature.pdf,12,,Overheads,,Overhead: Lesson 13 - <i>Contextos</i> - <i>La naturaleza</i>,0,0,sample description
Activity_Pack/pan4e_51_l13_contextos_recycling.pdf,12,,Overheads,,Overhead: Lesson 13 - <i>Contextos</i> - <i>El reciclaje</i>,0,0,sample description
Activity_Pack/pan4e_52_l13_panorama_colombia.pdf,12,,Overheads,,Overhead: Lesson 13 - <i> Panorama</i> - <i>Colombia</i>,0,0,sample description
Activity_Pack/pan4e_53_l13_panorama_honduras.pdf,12,,Overheads,,Overhead: Lesson 13 - <i> Panorama</i> - <i>Honduras</i>,0,0,sample description
Activity_Pack/pan4e_54_l14_contextos_city.pdf,13,,Overheads,,Overhead: Lesson 14 - <i>Contextos</i> - <i>En la ciudad</i>,0,0,sample description
Activity_Pack/pan4e_55_l14_contextos_post_office.pdf,13,,Overheads,,Overhead: Lesson 14 - <i>Contextos</i> - <i>En el correo</i>,0,0,sample description
Activity_Pack/pan4e_56_l14_panorama_venezuela.pdf,13,,Overheads,,Overhead: Lesson 14 - <i> Panorama</i> - <i>Venezuela</i>,0,0,sample description
Activity_Pack/pan4e_57_l14_panorama_dominican_republic.pdf,13,,Overheads,,Overhead: Lesson 14 - <i> Panorama</i> - <i>La Repúca Dominicana</i>,0,0,sample description
Activity_Pack/pan4e_58_l15_contextos_well_being.pdf,14,,Overheads,,Overhead: Lesson 15 - <i>Contextos</i> - <i>El bienestar</i>,0,0,sample description
Activity_Pack/pan4e_59_l15_contextos_nutrition.pdf,14,,Overheads,,Overhead: Lesson 15 - <i>Contextos</i> - <i>La nutriciói>,0,0,sample description
Activity_Pack/pan4e_60_l15_panorama_bolivia.pdf,14,,Overheads,,Overhead: Lesson 15 - <i> Panorama</i> - <i>Bolivia</i>,0,0,sample description
Activity_Pack/pan4e_61_l15_panorama_paraguay.pdf,14,,Overheads,,Overhead: Lesson 15 - <i> Panorama</i> - <i>Paraguay</i>,0,0,sample description
Activity_Pack/pan4e_overhead_transparencies_index.pdf,0,14,Overheads,,Overheads: Lessons 1-15 - Index,0,0,sample description
Activity_Pack/pan4e_l01-l05_testing_program_exam_a.pdf,0,4,Tests and Exams,,Testing Program: Lessons 1-5 - Printable Exam A,0,1,sample description
Activity_Pack/pan4e_l01-l05_testing_program_exam_a.rtf,0,4,Tests and Exams,,Testing Program: Lessons 1-5 - Editable Exam A,0,1,sample description
Activity_Pack/pan4e_l01-l05_testing_program_exam_b.pdf,0,4,Tests and Exams,,Testing Program: Lessons 1-5 - Printable Exam B,0,1,sample description
Activity_Pack/pan4e_l01-l05_testing_program_exam_b.rtf,0,4,Tests and Exams,,Testing Program: Lessons 1-5 - Editable Exam B,0,1,sample description
Activity_Pack/pan4e_l01-l07_testing_program_exam_a.pdf,0,6,Tests and Exams,,Testing Program: Lessons 1-7 - Printable Exam A,0,1,sample description
Activity_Pack/pan4e_l01-l07_testing_program_exam_a.rtf,0,6,Tests and Exams,,Testing Program: Lessons 1-7 - Editable Exam A,0,1,sample description
Activity_Pack/pan4e_l01-l07_testing_program_exam_b.pdf,0,6,Tests and Exams,,Testing Program: Lessons 1-7 - Printable Exam B,0,1,sample description
Activity_Pack/pan4e_l01-l07_testing_program_exam_b.rtf,0,6,Tests and Exams,,Testing Program: Lessons 1-7 - Editable Exam B,0,1,sample description
Activity_Pack/pan4e_l06-l10_testing_program_exam_a.pdf,5,9,Tests and Exams,,Testing Program: Lessons 6-10 - Printable Exam A,0,1,sample description
Activity_Pack/pan4e_l06-l10_testing_program_exam_a.rtf,5,9,Tests and Exams,,Testing Program: Lessons 6-10 - Editable Exam A,0,1,sample description
Activity_Pack/pan4e_l06-l10_testing_program_exam_b.pdf,5,9,Tests and Exams,,Testing Program: Lessons 6-10 - Printable Exam B,0,1,sample description
Activity_Pack/pan4e_l06-l10_testing_program_exam_b.rtf,5,9,Tests and Exams,,Testing Program: Lessons 6-10 - Editable Exam B,0,1,sample description
Activity_Pack/pan4e_l08-l15_testing_program_exam_a.pdf,7,14,Tests and Exams,,Testing Program: Lessons 8-15 - Printable Exam A,0,1,sample description
Activity_Pack/pan4e_l08-l15_testing_program_exam_a.rtf,7,14,Tests and Exams,,Testing Program: Lessons 8-15 - Editable Exam A,0,1,sample description
Activity_Pack/pan4e_l08-l15_testing_program_exam_b.pdf,7,14,Tests and Exams,,Testing Program: Lessons 8-15 - Printable Exam B,0,1,sample description
Activity_Pack/pan4e_l08-l15_testing_program_exam_b.rtf,7,14,Tests and Exams,,Testing Program: Lessons 8-15 - Editable Exam B,0,1,sample description
Activity_Pack/pan4e_l11-l15_testing_program_exam_a.pdf,10,14,Tests and Exams,,Testing Program: Lessons 11-15 - Printable Exam A,0,1,sample description
Activity_Pack/pan4e_l11-l15_testing_program_exam_a.rtf,10,14,Tests and Exams,,Testing Program: Lessons 11-15 - Editable Exam A,0,1,sample description
Activity_Pack/pan4e_l11-l15_testing_program_exam_b.pdf,10,14,Tests and Exams,,Testing Program: Lessons 11-15 - Printable Exam B,0,1,sample description
Activity_Pack/pan4e_l11-l15_testing_program_exam_b.rtf,10,14,Tests and Exams,,Testing Program: Lessons 11-15 - Editable Exam B,0,1,sample description
Activity_Pack/pan4e_testing_program_optional_section_flash_cultura.pdf,0,14,Optional Test Sections,,Testing Program: Lessons 1-15 - Printable Optional Test Section - <i>Flash cultura</i>,0,1,sample description
Activity_Pack/pan4e_testing_program_optional_section_flash_cultura.rtf,0,14,Optional Test Sections,,Testing Program: Lessons 1-15 - Editable Optional Test Section - <i>Flash cultura</i>,0,1,sample description
Activity_Pack/pan4e_testing_program_optional_section_fotonovela.pdf,0,14,Optional Test Sections,,Testing Program: Lessons 1-15 - Printable Optional Test Section - <i>Fotonovela</i>,0,1,sample description
Activity_Pack/pan4e_testing_program_optional_section_fotonovela.rtf,0,14,Optional Test Sections,,Testing Program: Lessons 1-15 - Editable Optional Test Section - <i>Fotonovela</i>,0,1,sample description
Activity_Pack/pan4e_testing_program_optional_section_panorama.pdf,0,14,Optional Test Sections,,Testing Program: Lessons 1-15 - Printable Optional Test Section - <i>Panorama</i>,0,1,sample description
Activity_Pack/pan4e_testing_program_optional_section_panorama.rtf,0,14,Optional Test Sections,,Testing Program: Lessons 1-15 - Editable Optional Test Section - <i>Panorama</i>,0,1,sample description
Activity_Pack/pan4e_testing_program_optional_section_panorama_cultural.pdf,0,14,Optional Test Sections,,Testing Program: Lessons 1-15 - Printable Optional Test Section - <i>Panorama cultural</i>,0,1,sample description
Activity_Pack/pan4e_testing_program_optional_section_panorama_cultural.rtf,0,14,Optional Test Sections,,Testing Program: Lessons 1-15 - Editable Optional Test Section - <i>Panorama cultural</i>,0,1,sample description
Activity_Pack/pan4e_l01_testing_program_grammar_1-1_quiz_a.pdf,0,,Quizzes,,Testing Program: Lesson 1 - Grammar 1.1 - Printable Quiz A,0,1,sample description
Activity_Pack/pan4e_l01_testing_program_grammar_1-1_quiz_a.rtf,0,,Quizzes,,Testing Program: Lesson 1 - Grammar 1.1 - Editable Quiz A,0,1,sample description
Activity_Pack/pan4e_l01_testing_program_grammar_1-1_quiz_b.pdf,0,,Quizzes,,Testing Program: Lesson 1 - Grammar 1.1 - Printable Quiz B,0,1,sample description
Activity_Pack/pan4e_l01_testing_program_grammar_1-1_quiz_b.rtf,0,,Quizzes,,Testing Program: Lesson 1 - Grammar 1.1 - Editable Quiz B,0,1,sample description
Activity_Pack/pan4e_l01_testing_program_grammar_1-2_quiz_a.pdf,0,,Quizzes,,Testing Program: Lesson 1 - Grammar 1.2 - Printable Quiz A,0,1,sample description
Activity_Pack/pan4e_l01_testing_program_grammar_1-2_quiz_a.rtf,0,,Quizzes,,Testing Program: Lesson 1 - Grammar 1.2 - Editable Quiz A,0,1,sample description
Activity_Pack/pan4e_l01_testing_program_grammar_1-2_quiz_b.pdf,0,,Quizzes,,Testing Program: Lesson 1 - Grammar 1.2 - Printable Quiz B,0,1,sample description
Activity_Pack/pan4e_l01_testing_program_grammar_1-2_quiz_b.rtf,0,,Quizzes,,Testing Program: Lesson 1 - Grammar 1.2 - Editable Quiz B,0,1,sample description
Activity_Pack/pan4e_l01_testing_program_grammar_1-3_quiz_a.pdf,0,,Quizzes,,Testing Program: Lesson 1 - Grammar 1.3 - Printable Quiz A,0,1,sample description
Activity_Pack/pan4e_l01_testing_program_grammar_1-3_quiz_a.rtf,0,,Quizzes,,Testing Program: Lesson 1 - Grammar 1.3 - Editable Quiz A,0,1,sample description
Activity_Pack/pan4e_l01_testing_program_grammar_1-3_quiz_b.pdf,0,,Quizzes,,Testing Program: Lesson 1 - Grammar 1.3 - Printable Quiz B,0,1,sample description
Activity_Pack/pan4e_l01_testing_program_grammar_1-3_quiz_b.rtf,0,,Quizzes,,Testing Program: Lesson 1 - Grammar 1.3 - Editable Quiz B,0,1,sample description
Activity_Pack/pan4e_l01_testing_program_grammar_1-4_quiz_a.pdf,0,,Quizzes,,Testing Program: Lesson 1 - Grammar 1.4 - Printable Quiz A,0,1,sample description
Activity_Pack/pan4e_l01_testing_program_grammar_1-4_quiz_a.rtf,0,,Quizzes,,Testing Program: Lesson 1 - Grammar 1.4 - Editable Quiz A,0,1,sample description
Activity_Pack/pan4e_l01_testing_program_grammar_1-4_quiz_b.pdf,0,,Quizzes,,Testing Program: Lesson 1 - Grammar 1.4 - Printable Quiz B,0,1,sample description
Activity_Pack/pan4e_l01_testing_program_grammar_1-4_quiz_b.rtf,0,,Quizzes,,Testing Program: Lesson 1 - Grammar 1.4 - Editable Quiz B,0,1,sample description
Activity_Pack/pan4e_l01_testing_program_vocabulary_quiz_a.pdf,0,,Quizzes,,Testing Program: Lesson 1 - Vocabulary - Printable Quiz A,0,1,sample description
Activity_Pack/pan4e_l01_testing_program_vocabulary_quiz_a.rtf,0,,Quizzes,,Testing Program: Lesson 1 - Vocabulary - Editable Quiz A,0,1,sample description
Activity_Pack/pan4e_l01_testing_program_vocabulary_quiz_b.pdf,0,,Quizzes,,Testing Program: Lesson 1 - Vocabulary - Printable Quiz B,0,1,sample description
Activity_Pack/pan4e_l01_testing_program_vocabulary_quiz_b.rtf,0,,Quizzes,,Testing Program: Lesson 1 - Vocabulary - Editable Quiz B,0,1,sample description
Activity_Pack/pan4e_l02_testing_program_grammar_2-1_quiz_a.pdf,1,,Quizzes,,Testing Program: Lesson 2 - Grammar 2.1 - Printable Quiz A,0,1,sample description
Activity_Pack/pan4e_l02_testing_program_grammar_2-1_quiz_a.rtf,1,,Quizzes,,Testing Program: Lesson 2 - Grammar 2.1 - Editable Quiz A,0,1,sample description
Activity_Pack/pan4e_l02_testing_program_grammar_2-1_quiz_b.pdf,1,,Quizzes,,Testing Program: Lesson 2 - Grammar 2.1 - Printable Quiz B,0,1,sample description
Activity_Pack/pan4e_l02_testing_program_grammar_2-1_quiz_b.rtf,1,,Quizzes,,Testing Program: Lesson 2 - Grammar 2.1 - Editable Quiz B,0,1,sample description
Activity_Pack/pan4e_l02_testing_program_grammar_2-2_quiz_a.pdf,1,,Quizzes,,Testing Program: Lesson 2 - Grammar 2.2 - Printable Quiz A,0,1,sample description
Activity_Pack/pan4e_l02_testing_program_grammar_2-2_quiz_a.rtf,1,,Quizzes,,Testing Program: Lesson 2 - Grammar 2.2 - Editable Quiz A,0,1,sample description
Activity_Pack/pan4e_l02_testing_program_grammar_2-2_quiz_b.pdf,1,,Quizzes,,Testing Program: Lesson 2 - Grammar 2.2 - Printable Quiz B,0,1,sample description
Activity_Pack/pan4e_l02_testing_program_grammar_2-2_quiz_b.rtf,1,,Quizzes,,Testing Program: Lesson 2 - Grammar 2.2 - Editable Quiz B,0,1,sample description
Activity_Pack/pan4e_l02_testing_program_grammar_2-3_quiz_a.pdf,1,,Quizzes,,Testing Program: Lesson 2 - Grammar 2.3 - Printable Quiz A,0,1,sample description
Activity_Pack/pan4e_l02_testing_program_grammar_2-3_quiz_a.rtf,1,,Quizzes,,Testing Program: Lesson 2 - Grammar 2.3 - Editable Quiz A,0,1,sample description
Activity_Pack/pan4e_l02_testing_program_grammar_2-3_quiz_b.pdf,1,,Quizzes,,Testing Program: Lesson 2 - Grammar 2.3 - Printable Quiz B,0,1,sample description
Activity_Pack/pan4e_l02_testing_program_grammar_2-3_quiz_b.rtf,1,,Quizzes,,Testing Program: Lesson 2 - Grammar 2.3 - Editable Quiz B,0,1,sample description
Activity_Pack/pan4e_l02_testing_program_grammar_2-4_quiz_a.pdf,1,,Quizzes,,Testing Program: Lesson 2 - Grammar 2.4 - Printable Quiz A,0,1,sample description
Activity_Pack/pan4e_l02_testing_program_grammar_2-4_quiz_a.rtf,1,,Quizzes,,Testing Program: Lesson 2 - Grammar 2.4 - Editable Quiz A,0,1,sample description
Activity_Pack/pan4e_l02_testing_program_grammar_2-4_quiz_b.pdf,1,,Quizzes,,Testing Program: Lesson 2 - Grammar 2.4 - Printable Quiz B,0,1,sample description
Activity_Pack/pan4e_l02_testing_program_grammar_2-4_quiz_b.rtf,1,,Quizzes,,Testing Program: Lesson 2 - Grammar 2.4 - Editable Quiz B,0,1,sample description
Activity_Pack/pan4e_l02_testing_program_vocabulary_quiz_a.pdf,1,,Quizzes,,Testing Program: Lesson 2 - Vocabulary - Printable Quiz A,0,1,sample description
Activity_Pack/pan4e_l02_testing_program_vocabulary_quiz_a.rtf,1,,Quizzes,,Testing Program: Lesson 2 - Vocabulary - Editable Quiz A,0,1,sample description
Activity_Pack/pan4e_l02_testing_program_vocabulary_quiz_b.pdf,1,,Quizzes,,Testing Program: Lesson 2 - Vocabulary - Printable Quiz B,0,1,sample description
Activity_Pack/pan4e_l02_testing_program_vocabulary_quiz_b.rtf,1,,Quizzes,,Testing Program: Lesson 2 - Vocabulary - Editable Quiz B,0,1,sample description
Activity_Pack/pan4e_l03_testing_program_grammar_3-1_quiz_a.pdf,2,,Quizzes,,Testing Program: Lesson 3 - Grammar 3.1 - Printable Quiz A,0,1,sample description
Activity_Pack/pan4e_l03_testing_program_grammar_3-1_quiz_a.rtf,2,,Quizzes,,Testing Program: Lesson 3 - Grammar 3.1 - Editable Quiz A,0,1,sample description
Activity_Pack/pan4e_l03_testing_program_grammar_3-1_quiz_b.pdf,2,,Quizzes,,Testing Program: Lesson 3 - Grammar 3.1 - Printable Quiz B,0,1,sample description
Activity_Pack/pan4e_l03_testing_program_grammar_3-1_quiz_b.rtf,2,,Quizzes,,Testing Program: Lesson 3 - Grammar 3.1 - Editable Quiz B,0,1,sample description
Activity_Pack/pan4e_l03_testing_program_grammar_3-2_quiz_a.pdf,2,,Quizzes,,Testing Program: Lesson 3 - Grammar 3.2 - Printable Quiz A,0,1,sample description
Activity_Pack/pan4e_l03_testing_program_grammar_3-2_quiz_a.rtf,2,,Quizzes,,Testing Program: Lesson 3 - Grammar 3.2 - Editable Quiz A,0,1,sample description
Activity_Pack/pan4e_l03_testing_program_grammar_3-2_quiz_b.pdf,2,,Quizzes,,Testing Program: Lesson 3 - Grammar 3.2 - Printable Quiz B,0,1,sample description
Activity_Pack/pan4e_l03_testing_program_grammar_3-2_quiz_b.rtf,2,,Quizzes,,Testing Program: Lesson 3 - Grammar 3.2 - Editable Quiz B,0,1,sample description
Activity_Pack/pan4e_l03_testing_program_grammar_3-3_quiz_a.pdf,2,,Quizzes,,Testing Program: Lesson 3 - Grammar 3.3 - Printable Quiz A,0,1,sample description
Activity_Pack/pan4e_l03_testing_program_grammar_3-3_quiz_a.rtf,2,,Quizzes,,Testing Program: Lesson 3 - Grammar 3.3 - Editable Quiz A,0,1,sample description
Activity_Pack/pan4e_l03_testing_program_grammar_3-3_quiz_b.pdf,2,,Quizzes,,Testing Program: Lesson 3 - Grammar 3.3 - Printable Quiz B,0,1,sample description
Activity_Pack/pan4e_l03_testing_program_grammar_3-3_quiz_b.rtf,2,,Quizzes,,Testing Program: Lesson 3 - Grammar 3.3 - Editable Quiz B,0,1,sample description
Activity_Pack/pan4e_l03_testing_program_grammar_3-4_quiz_a.pdf,2,,Quizzes,,Testing Program: Lesson 3 - Grammar 3.4 - Printable Quiz A,0,1,sample description
Activity_Pack/pan4e_l03_testing_program_grammar_3-4_quiz_a.rtf,2,,Quizzes,,Testing Program: Lesson 3 - Grammar 3.4 - Editable Quiz A,0,1,sample description
Activity_Pack/pan4e_l03_testing_program_grammar_3-4_quiz_b.pdf,2,,Quizzes,,Testing Program: Lesson 3 - Grammar 3.4 - Printable Quiz B,0,1,sample description
Activity_Pack/pan4e_l03_testing_program_grammar_3-4_quiz_b.rtf,2,,Quizzes,,Testing Program: Lesson 3 - Grammar 3.4 - Editable Quiz B,0,1,sample description
Activity_Pack/pan4e_l03_testing_program_vocabulary_quiz_a.pdf,2,,Quizzes,,Testing Program: Lesson 3- Vocabulary - Printable Quiz A,0,1,sample description
Activity_Pack/pan4e_l03_testing_program_vocabulary_quiz_a.rtf,2,,Quizzes,,Testing Program: Lesson 3- Vocabulary - Editable Quiz A,0,1,sample description
Activity_Pack/pan4e_l03_testing_program_vocabulary_quiz_b.pdf,2,,Quizzes,,Testing Program: Lesson 3- Vocabulary - Printable Quiz B,0,1,sample description
Activity_Pack/pan4e_l03_testing_program_vocabulary_quiz_b.rtf,2,,Quizzes,,Testing Program: Lesson 3- Vocabulary - Editable Quiz B,0,1,sample description
Activity_Pack/pan4e_l04_testing_program_grammar_4-1_quiz_a.pdf,3,,Quizzes,,Testing Program: Lesson 4 - Grammar 4.1 - Printable Quiz A,0,1,sample description
Activity_Pack/pan4e_l04_testing_program_grammar_4-1_quiz_a.rtf,3,,Quizzes,,Testing Program: Lesson 4 - Grammar 4.1 - Editable Quiz A,0,1,sample description
Activity_Pack/pan4e_l04_testing_program_grammar_4-1_quiz_b.pdf,3,,Quizzes,,Testing Program: Lesson 4 - Grammar 4.1 - Printable Quiz B,0,1,sample description
Activity_Pack/pan4e_l04_testing_program_grammar_4-1_quiz_b.rtf,3,,Quizzes,,Testing Program: Lesson 4 - Grammar 4.1 - Editable Quiz B,0,1,sample description
Activity_Pack/pan4e_l04_testing_program_grammar_4-2_quiz_a.pdf,3,,Quizzes,,Testing Program: Lesson 4 - Grammar 4.2 - Printable Quiz A,0,1,sample description
Activity_Pack/pan4e_l04_testing_program_grammar_4-2_quiz_a.rtf,3,,Quizzes,,Testing Program: Lesson 4 - Grammar 4.2 - Editable Quiz A,0,1,sample description
Activity_Pack/pan4e_l04_testing_program_grammar_4-2_quiz_b.pdf,3,,Quizzes,,Testing Program: Lesson 4 - Grammar 4.2 - Printable Quiz B,0,1,sample description
Activity_Pack/pan4e_l04_testing_program_grammar_4-2_quiz_b.rtf,3,,Quizzes,,Testing Program: Lesson 4 - Grammar 4.2 - Editable Quiz B,0,1,sample description
Activity_Pack/pan4e_l04_testing_program_grammar_4-3_quiz_a.pdf,3,,Quizzes,,Testing Program: Lesson 4 - Grammar 4.3 - Printable Quiz A,0,1,sample description
Activity_Pack/pan4e_l04_testing_program_grammar_4-3_quiz_a.rtf,3,,Quizzes,,Testing Program: Lesson 4 - Grammar 4.3 - Editable Quiz A,0,1,sample description
Activity_Pack/pan4e_l04_testing_program_grammar_4-3_quiz_b.pdf,3,,Quizzes,,Testing Program: Lesson 4 - Grammar 4.3 - Printable Quiz B,0,1,sample description
Activity_Pack/pan4e_l04_testing_program_grammar_4-3_quiz_b.rtf,3,,Quizzes,,Testing Program: Lesson 4 - Grammar 4.3 - Editable Quiz B,0,1,sample description
Activity_Pack/pan4e_l04_testing_program_grammar_4-4_quiz_a.pdf,3,,Quizzes,,Testing Program: Lesson 4 - Grammar 4.4 - Printable Quiz A,0,1,sample description
Activity_Pack/pan4e_l04_testing_program_grammar_4-4_quiz_a.rtf,3,,Quizzes,,Testing Program: Lesson 4 - Grammar 4.4 - Editable Quiz A,0,1,sample description
Activity_Pack/pan4e_l04_testing_program_grammar_4-4_quiz_b.pdf,3,,Quizzes,,Testing Program: Lesson 4 - Grammar 4.4 - Printable Quiz B,0,1,sample description
Activity_Pack/pan4e_l04_testing_program_grammar_4-4_quiz_b.rtf,3,,Quizzes,,Testing Program: Lesson 4 - Grammar 4.4 - Editable Quiz B,0,1,sample description
Activity_Pack/pan4e_l04_testing_program_vocabulary_quiz_a.pdf,3,,Quizzes,,Testing Program: Lesson 4 - Vocabulary - Printable Quiz A,0,1,sample description
Activity_Pack/pan4e_l04_testing_program_vocabulary_quiz_a.rtf,3,,Quizzes,,Testing Program: Lesson 4 - Vocabulary - Editable Quiz A,0,1,sample description
Activity_Pack/pan4e_l04_testing_program_vocabulary_quiz_b.pdf,3,,Quizzes,,Testing Program: Lesson 4 - Vocabulary - Printable Quiz B,0,1,sample description
Activity_Pack/pan4e_l04_testing_program_vocabulary_quiz_b.rtf,3,,Quizzes,,Testing Program: Lesson 4 - Vocabulary - Editable Quiz B,0,1,sample description
Activity_Pack/pan4e_l05_testing_program_grammar_5-1_quiz_a.pdf,4,,Quizzes,,Testing Program: Lesson 5 - Grammar 5.1 - Printable Quiz A,0,1,sample description
Activity_Pack/pan4e_l05_testing_program_grammar_5-1_quiz_a.rtf,4,,Quizzes,,Testing Program: Lesson 5 - Grammar 5.1 - Editable Quiz A,0,1,sample description
Activity_Pack/pan4e_l05_testing_program_grammar_5-1_quiz_b.pdf,4,,Quizzes,,Testing Program: Lesson 5 - Grammar 5.1 - Printable Quiz B,0,1,sample description
Activity_Pack/pan4e_l05_testing_program_grammar_5-1_quiz_b.rtf,4,,Quizzes,,Testing Program: Lesson 5 - Grammar 5.1 - Editable Quiz B,0,1,sample description
Activity_Pack/pan4e_l05_testing_program_grammar_5-2_quiz_a.pdf,4,,Quizzes,,Testing Program: Lesson 5 - Grammar 5.2 - Printable Quiz A,0,1,sample description
Activity_Pack/pan4e_l05_testing_program_grammar_5-2_quiz_a.rtf,4,,Quizzes,,Testing Program: Lesson 5 - Grammar 5.2 - Editable Quiz A,0,1,sample description
Activity_Pack/pan4e_l05_testing_program_grammar_5-2_quiz_b.pdf,4,,Quizzes,,Testing Program: Lesson 5 - Grammar 5.2 - Printable Quiz B,0,1,sample description
Activity_Pack/pan4e_l05_testing_program_grammar_5-2_quiz_b.rtf,4,,Quizzes,,Testing Program: Lesson 5 - Grammar 5.2 - Editable Quiz B,0,1,sample description
Activity_Pack/pan4e_l05_testing_program_grammar_5-3_quiz_a.pdf,4,,Quizzes,,Testing Program: Lesson 5 - Grammar 5.3 - Printable Quiz A,0,1,sample description
Activity_Pack/pan4e_l05_testing_program_grammar_5-3_quiz_a.rtf,4,,Quizzes,,Testing Program: Lesson 5 - Grammar 5.3 - Editable Quiz A,0,1,sample description
Activity_Pack/pan4e_l05_testing_program_grammar_5-3_quiz_b.pdf,4,,Quizzes,,Testing Program: Lesson 5 - Grammar 5.3 - Printable Quiz B,0,1,sample description
Activity_Pack/pan4e_l05_testing_program_grammar_5-3_quiz_b.rtf,4,,Quizzes,,Testing Program: Lesson 5 - Grammar 5.3 - Editable Quiz B,0,1,sample description
Activity_Pack/pan4e_l05_testing_program_grammar_5-4_quiz_a.pdf,4,,Quizzes,,Testing Program: Lesson 5 - Grammar 5.4 - Printable Quiz A,0,1,sample description
Activity_Pack/pan4e_l05_testing_program_grammar_5-4_quiz_a.rtf,4,,Quizzes,,Testing Program: Lesson 5 - Grammar 5.4 - Editable Quiz A,0,1,sample description
Activity_Pack/pan4e_l05_testing_program_grammar_5-4_quiz_b.pdf,4,,Quizzes,,Testing Program: Lesson 5 - Grammar 5.4 - Printable Quiz B,0,1,sample description
Activity_Pack/pan4e_l05_testing_program_grammar_5-4_quiz_b.rtf,4,,Quizzes,,Testing Program: Lesson 5 - Grammar 5.4 - Editable Quiz B,0,1,sample description
Activity_Pack/pan4e_l05_testing_program_vocabulary_quiz_a.pdf,4,,Quizzes,,Testing Program: Lesson 5 - Vocabulary - Printable Quiz A,0,1,sample description
Activity_Pack/pan4e_l05_testing_program_vocabulary_quiz_a.rtf,4,,Quizzes,,Testing Program: Lesson 5 - Vocabulary - Editable Quiz A,0,1,sample description
Activity_Pack/pan4e_l05_testing_program_vocabulary_quiz_b.pdf,4,,Quizzes,,Testing Program: Lesson 5 - Vocabulary - Printable Quiz B,0,1,sample description
Activity_Pack/pan4e_l05_testing_program_vocabulary_quiz_b.rtf,4,,Quizzes,,Testing Program: Lesson 5 - Vocabulary - Editable Quiz B,0,1,sample description
Activity_Pack/pan4e_l06_testing_program_grammar_6-1_quiz_a.pdf,5,,Quizzes,,Testing Program: Lesson 6 - Grammar 6.1 - Printable Quiz A,0,1,sample description
Activity_Pack/pan4e_l06_testing_program_grammar_6-1_quiz_a.rtf,5,,Quizzes,,Testing Program: Lesson 6 - Grammar 6.1 - Editable Quiz A,0,1,sample description
Activity_Pack/pan4e_l06_testing_program_grammar_6-1_quiz_b.pdf,5,,Quizzes,,Testing Program: Lesson 6 - Grammar 6.1 - Printable Quiz B,0,1,sample description
Activity_Pack/pan4e_l06_testing_program_grammar_6-1_quiz_b.rtf,5,,Quizzes,,Testing Program: Lesson 6 - Grammar 6.1 - Editable Quiz B,0,1,sample description
Activity_Pack/pan4e_l06_testing_program_grammar_6-2_quiz_a.pdf,5,,Quizzes,,Testing Program: Lesson 6 - Grammar 6.2 - Printable Quiz A,0,1,sample description
Activity_Pack/pan4e_l06_testing_program_grammar_6-2_quiz_a.rtf,5,,Quizzes,,Testing Program: Lesson 6 - Grammar 6.2 - Editable Quiz A,0,1,sample description
Activity_Pack/pan4e_l06_testing_program_grammar_6-2_quiz_b.pdf,5,,Quizzes,,Testing Program: Lesson 6 - Grammar 6.2 - Printable Quiz B,0,1,sample description
Activity_Pack/pan4e_l06_testing_program_grammar_6-2_quiz_b.rtf,5,,Quizzes,,Testing Program: Lesson 6 - Grammar 6.2 - Editable Quiz B,0,1,sample description
Activity_Pack/pan4e_l06_testing_program_grammar_6-3_quiz_a.pdf,5,,Quizzes,,Testing Program: Lesson 6 - Grammar 6.3 - Printable Quiz A,0,1,sample description
Activity_Pack/pan4e_l06_testing_program_grammar_6-3_quiz_a.rtf,5,,Quizzes,,Testing Program: Lesson 6 - Grammar 6.3 - Editable Quiz A,0,1,sample description
Activity_Pack/pan4e_l06_testing_program_grammar_6-3_quiz_b.pdf,5,,Quizzes,,Testing Program: Lesson 6 - Grammar 6.3 - Printable Quiz B,0,1,sample description
Activity_Pack/pan4e_l06_testing_program_grammar_6-3_quiz_b.rtf,5,,Quizzes,,Testing Program: Lesson 6 - Grammar 6.3 - Editable Quiz B,0,1,sample description
Activity_Pack/pan4e_l06_testing_program_grammar_6-4_quiz_a.pdf,5,,Quizzes,,Testing Program: Lesson 6 - Grammar 6.4 - Printable Quiz A,0,1,sample description
Activity_Pack/pan4e_l06_testing_program_grammar_6-4_quiz_a.rtf,5,,Quizzes,,Testing Program: Lesson 6 - Grammar 6.4 - Editable Quiz A,0,1,sample description
Activity_Pack/pan4e_l06_testing_program_grammar_6-4_quiz_b.pdf,5,,Quizzes,,Testing Program: Lesson 6 - Grammar 6.4 - Printable Quiz B,0,1,sample description
Activity_Pack/pan4e_l06_testing_program_grammar_6-4_quiz_b.rtf,5,,Quizzes,,Testing Program: Lesson 6 - Grammar 6.4 - Editable Quiz B,0,1,sample description
Activity_Pack/pan4e_l06_testing_program_vocabulary_quiz_a.pdf,5,,Quizzes,,Testing Program: Lesson 6 - Vocabulary - Printable Quiz A,0,1,sample description
Activity_Pack/pan4e_l06_testing_program_vocabulary_quiz_a.rtf,5,,Quizzes,,Testing Program: Lesson 6 - Vocabulary - Editable Quiz A,0,1,sample description
Activity_Pack/pan4e_l06_testing_program_vocabulary_quiz_b.pdf,5,,Quizzes,,Testing Program: Lesson 6 - Vocabulary - Printable Quiz B,0,1,sample description
Activity_Pack/pan4e_l06_testing_program_vocabulary_quiz_b.rtf,5,,Quizzes,,Testing Program: Lesson 6 - Vocabulary - Editable Quiz B,0,1,sample description
Activity_Pack/pan4e_l07_testing_program_grammar_7-1_quiz_a.pdf,6,,Quizzes,,Testing Program: Lesson 7 - Grammar 7.1 - Printable Quiz A,0,1,sample description
Activity_Pack/pan4e_l07_testing_program_grammar_7-1_quiz_a.rtf,6,,Quizzes,,Testing Program: Lesson 7 - Grammar 7.1 - Editable Quiz A,0,1,sample description
Activity_Pack/pan4e_l07_testing_program_grammar_7-1_quiz_b.pdf,6,,Quizzes,,Testing Program: Lesson 7 - Grammar 7.1 - Printable Quiz B,0,1,sample description
Activity_Pack/pan4e_l07_testing_program_grammar_7-1_quiz_b.rtf,6,,Quizzes,,Testing Program: Lesson 7 - Grammar 7.1 - Editable Quiz B,0,1,sample description
Activity_Pack/pan4e_l07_testing_program_grammar_7-2_quiz_a.pdf,6,,Quizzes,,Testing Program: Lesson 7 - Grammar 7.2 - Printable Quiz A,0,1,sample description
Activity_Pack/pan4e_l07_testing_program_grammar_7-2_quiz_a.rtf,6,,Quizzes,,Testing Program: Lesson 7 - Grammar 7.2 - Editable Quiz A,0,1,sample description
Activity_Pack/pan4e_l07_testing_program_grammar_7-2_quiz_b.pdf,6,,Quizzes,,Testing Program: Lesson 7 - Grammar 7.2 - Printable Quiz B,0,1,sample description
Activity_Pack/pan4e_l07_testing_program_grammar_7-2_quiz_b.rtf,6,,Quizzes,,Testing Program: Lesson 7 - Grammar 7.2 - Editable Quiz B,0,1,sample description
Activity_Pack/pan4e_l07_testing_program_grammar_7-3_quiz_a.pdf,6,,Quizzes,,Testing Program: Lesson 7 - Grammar 7.3 - Printable Quiz A,0,1,sample description
Activity_Pack/pan4e_l07_testing_program_grammar_7-3_quiz_a.rtf,6,,Quizzes,,Testing Program: Lesson 7 - Grammar 7.3 - Editable Quiz A,0,1,sample description
Activity_Pack/pan4e_l07_testing_program_grammar_7-3_quiz_b.pdf,6,,Quizzes,,Testing Program: Lesson 7 - Grammar 7.3 - Printable Quiz B,0,1,sample description
Activity_Pack/pan4e_l07_testing_program_grammar_7-3_quiz_b.rtf,6,,Quizzes,,Testing Program: Lesson 7 - Grammar 7.3 - Editable Quiz B,0,1,sample description
Activity_Pack/pan4e_l07_testing_program_grammar_7-4_quiz_a.pdf,6,,Quizzes,,Testing Program: Lesson 7 - Grammar 7.4 - Printable Quiz A,0,1,sample description
Activity_Pack/pan4e_l07_testing_program_grammar_7-4_quiz_a.rtf,6,,Quizzes,,Testing Program: Lesson 7 - Grammar 7.4 - Editable Quiz A,0,1,sample description
Activity_Pack/pan4e_l07_testing_program_grammar_7-4_quiz_b.pdf,6,,Quizzes,,Testing Program: Lesson 7 - Grammar 7.4 - Printable Quiz B,0,1,sample description
Activity_Pack/pan4e_l07_testing_program_grammar_7-4_quiz_b.rtf,6,,Quizzes,,Testing Program: Lesson 7 - Grammar 7.4 - Editable Quiz B,0,1,sample description
Activity_Pack/pan4e_l07_testing_program_vocabulary_quiz_a.pdf,6,,Quizzes,,Testing Program: Lesson 7 - Vocabulary - Printable Quiz A,0,1,sample description
Activity_Pack/pan4e_l07_testing_program_vocabulary_quiz_a.rtf,6,,Quizzes,,Testing Program: Lesson 7 - Vocabulary - Editable Quiz A,0,1,sample description
Activity_Pack/pan4e_l07_testing_program_vocabulary_quiz_b.pdf,6,,Quizzes,,Testing Program: Lesson 7 - Vocabulary - Printable Quiz B,0,1,sample description
Activity_Pack/pan4e_l07_testing_program_vocabulary_quiz_b.rtf,6,,Quizzes,,Testing Program: Lesson 7 - Vocabulary - Editable Quiz B,0,1,sample description
Activity_Pack/pan4e_l08_testing_program_grammar_8-1_quiz_a.pdf,7,,Quizzes,,Testing Program: Lesson 8 - Grammar 8.1 - Printable Quiz A,0,1,sample description
Activity_Pack/pan4e_l08_testing_program_grammar_8-1_quiz_a.rtf,7,,Quizzes,,Testing Program: Lesson 8 - Grammar 8.1 - Editable Quiz A,0,1,sample description
Activity_Pack/pan4e_l08_testing_program_grammar_8-1_quiz_b.pdf,7,,Quizzes,,Testing Program: Lesson 8 - Grammar 8.1 - Printable Quiz B,0,1,sample description
Activity_Pack/pan4e_l08_testing_program_grammar_8-1_quiz_b.rtf,7,,Quizzes,,Testing Program: Lesson 8 - Grammar 8.1 - Editable Quiz B,0,1,sample description
Activity_Pack/pan4e_l08_testing_program_grammar_8-2_quiz_a.pdf,7,,Quizzes,,Testing Program: Lesson 8 - Grammar 8.2 - Printable Quiz A,0,1,sample description
Activity_Pack/pan4e_l08_testing_program_grammar_8-2_quiz_a.rtf,7,,Quizzes,,Testing Program: Lesson 8 - Grammar 8.2 - Editable Quiz A,0,1,sample description
Activity_Pack/pan4e_l08_testing_program_grammar_8-2_quiz_b.pdf,7,,Quizzes,,Testing Program: Lesson 8 - Grammar 8.2 - Printable Quiz B,0,1,sample description
Activity_Pack/pan4e_l08_testing_program_grammar_8-2_quiz_b.rtf,7,,Quizzes,,Testing Program: Lesson 8 - Grammar 8.2 - Editable Quiz B,0,1,sample description
Activity_Pack/pan4e_l08_testing_program_grammar_8-3_quiz_a.pdf,7,,Quizzes,,Testing Program: Lesson 8 - Grammar 8.3 - Printable Quiz A,0,1,sample description
Activity_Pack/pan4e_l08_testing_program_grammar_8-3_quiz_a.rtf,7,,Quizzes,,Testing Program: Lesson 8 - Grammar 8.3 - Editable Quiz A,0,1,sample description
Activity_Pack/pan4e_l08_testing_program_grammar_8-3_quiz_b.pdf,7,,Quizzes,,Testing Program: Lesson 8 - Grammar 8.3 - Printable Quiz B,0,1,sample description
Activity_Pack/pan4e_l08_testing_program_grammar_8-3_quiz_b.rtf,7,,Quizzes,,Testing Program: Lesson 8 - Grammar 8.3 - Editable Quiz B,0,1,sample description
Activity_Pack/pan4e_l08_testing_program_grammar_8-4_quiz_a.pdf,7,,Quizzes,,Testing Program: Lesson 8 - Grammar 8.4 - Printable Quiz A,0,1,sample description
Activity_Pack/pan4e_l08_testing_program_grammar_8-4_quiz_a.rtf,7,,Quizzes,,Testing Program: Lesson 8 - Grammar 8.4 - Editable Quiz A,0,1,sample description
Activity_Pack/pan4e_l08_testing_program_grammar_8-4_quiz_b.pdf,7,,Quizzes,,Testing Program: Lesson 8 - Grammar 8.4 - Printable Quiz B,0,1,sample description
Activity_Pack/pan4e_l08_testing_program_grammar_8-4_quiz_b.rtf,7,,Quizzes,,Testing Program: Lesson 8 - Grammar 8.4 - Editable Quiz B,0,1,sample description
Activity_Pack/pan4e_l08_testing_program_vocabulary_quiz_a.pdf,7,,Quizzes,,Testing Program: Lesson 8 - Vocabulary - Printable Quiz A,0,1,sample description
Activity_Pack/pan4e_l08_testing_program_vocabulary_quiz_a.rtf,7,,Quizzes,,Testing Program: Lesson 8 - Vocabulary - Editable Quiz A,0,1,sample description
Activity_Pack/pan4e_l08_testing_program_vocabulary_quiz_b.pdf,7,,Quizzes,,Testing Program: Lesson 8 - Vocabulary - Printable Quiz B,0,1,sample description
Activity_Pack/pan4e_l08_testing_program_vocabulary_quiz_b.rtf,7,,Quizzes,,Testing Program: Lesson 8 - Vocabulary - Editable Quiz B,0,1,sample description
Activity_Pack/pan4e_l09_testing_program_grammar_9-1_quiz_a.pdf,8,,Quizzes,,Testing Program: Lesson 9 - Grammar 9.1 - Printable Quiz A,0,1,sample description
Activity_Pack/pan4e_l09_testing_program_grammar_9-1_quiz_a.rtf,8,,Quizzes,,Testing Program: Lesson 9 - Grammar 9.1 - Editable Quiz A,0,1,sample description
Activity_Pack/pan4e_l09_testing_program_grammar_9-1_quiz_b.pdf,8,,Quizzes,,Testing Program: Lesson 9 - Grammar 9.1 - Printable Quiz B,0,1,sample description
Activity_Pack/pan4e_l09_testing_program_grammar_9-1_quiz_b.rtf,8,,Quizzes,,Testing Program: Lesson 9 - Grammar 9.1 - Editable Quiz B,0,1,sample description
Activity_Pack/pan4e_l09_testing_program_grammar_9-2_quiz_a.pdf,8,,Quizzes,,Testing Program: Lesson 9 - Grammar 9.2 - Printable Quiz A,0,1,sample description
Activity_Pack/pan4e_l09_testing_program_grammar_9-2_quiz_a.rtf,8,,Quizzes,,Testing Program: Lesson 9 - Grammar 9.2 - Editable Quiz A,0,1,sample description
Activity_Pack/pan4e_l09_testing_program_grammar_9-2_quiz_b.pdf,8,,Quizzes,,Testing Program: Lesson 9 - Grammar 9.2 - Printable Quiz B,0,1,sample description
Activity_Pack/pan4e_l09_testing_program_grammar_9-2_quiz_b.rtf,8,,Quizzes,,Testing Program: Lesson 9 - Grammar 9.2 - Editable Quiz B,0,1,sample description
Activity_Pack/pan4e_l09_testing_program_grammar_9-3_quiz_a.pdf,8,,Quizzes,,Testing Program: Lesson 9 - Grammar 9.3 - Printable Quiz A,0,1,sample description
Activity_Pack/pan4e_l09_testing_program_grammar_9-3_quiz_a.rtf,8,,Quizzes,,Testing Program: Lesson 9 - Grammar 9.3 - Editable Quiz A,0,1,sample description
Activity_Pack/pan4e_l09_testing_program_grammar_9-3_quiz_b.pdf,8,,Quizzes,,Testing Program: Lesson 9 - Grammar 9.3 - Printable Quiz B,0,1,sample description
Activity_Pack/pan4e_l09_testing_program_grammar_9-3_quiz_b.rtf,8,,Quizzes,,Testing Program: Lesson 9 - Grammar 9.3 - Editable Quiz B,0,1,sample description
Activity_Pack/pan4e_l09_testing_program_grammar_9-4_quiz_a.pdf,8,,Quizzes,,Testing Program: Lesson 9 - Grammar 9.4 - Printable Quiz A,0,1,sample description
Activity_Pack/pan4e_l09_testing_program_grammar_9-4_quiz_a.rtf,8,,Quizzes,,Testing Program: Lesson 9 - Grammar 9.4 - Editable Quiz A,0,1,sample description
Activity_Pack/pan4e_l09_testing_program_grammar_9-4_quiz_b.pdf,8,,Quizzes,,Testing Program: Lesson 9 - Grammar 9.4 - Printable Quiz B,0,1,sample description
Activity_Pack/pan4e_l09_testing_program_grammar_9-4_quiz_b.rtf,8,,Quizzes,,Testing Program: Lesson 9 - Grammar 9.4 - Editable Quiz B,0,1,sample description
Activity_Pack/pan4e_l09_testing_program_vocabulary_quiz_a.pdf,8,,Quizzes,,Testing Program: Lesson 9 - Vocabulary - Printable Quiz A,0,1,sample description
Activity_Pack/pan4e_l09_testing_program_vocabulary_quiz_a.rtf,8,,Quizzes,,Testing Program: Lesson 9 - Vocabulary - Editable Quiz A,0,1,sample description
Activity_Pack/pan4e_l09_testing_program_vocabulary_quiz_b.pdf,8,,Quizzes,,Testing Program: Lesson 9 - Vocabulary - Printable Quiz B,0,1,sample description
Activity_Pack/pan4e_l09_testing_program_vocabulary_quiz_b.rtf,8,,Quizzes,,Testing Program: Lesson 9 - Vocabulary - Editable Quiz B,0,1,sample description
Activity_Pack/pan4e_l10_testing_program_grammar_10-1_quiz_a.pdf,9,,Quizzes,,Testing Program: Lesson 10 - Grammar 10.1 - Printable Quiz A,0,1,sample description
Activity_Pack/pan4e_l10_testing_program_grammar_10-1_quiz_a.rtf,9,,Quizzes,,Testing Program: Lesson 10 - Grammar 10.1 - Editable Quiz A,0,1,sample description
Activity_Pack/pan4e_l10_testing_program_grammar_10-1_quiz_b.pdf,9,,Quizzes,,Testing Program: Lesson 10 - Grammar 10.1 - Printable Quiz B,0,1,sample description
Activity_Pack/pan4e_l10_testing_program_grammar_10-1_quiz_b.rtf,9,,Quizzes,,Testing Program: Lesson 10 - Grammar 10.1 - Editable Quiz B,0,1,sample description
Activity_Pack/pan4e_l10_testing_program_grammar_10-2_quiz_a.pdf,9,,Quizzes,,Testing Program: Lesson 10 - Grammar 10.2 - Printable Quiz A,0,1,sample description
Activity_Pack/pan4e_l10_testing_program_grammar_10-2_quiz_a.rtf,9,,Quizzes,,Testing Program: Lesson 10 - Grammar 10.2 - Editable Quiz A,0,1,sample description
Activity_Pack/pan4e_l10_testing_program_grammar_10-2_quiz_b.pdf,9,,Quizzes,,Testing Program: Lesson 10 - Grammar 10.2 - Printable Quiz B,0,1,sample description
Activity_Pack/pan4e_l10_testing_program_grammar_10-2_quiz_b.rtf,9,,Quizzes,,Testing Program: Lesson 10 - Grammar 10.2 - Editable Quiz B,0,1,sample description
Activity_Pack/pan4e_l10_testing_program_grammar_10-3_quiz_a.pdf,9,,Quizzes,,Testing Program: Lesson 10 - Grammar 10.3 - Printable Quiz A,0,1,sample description
Activity_Pack/pan4e_l10_testing_program_grammar_10-3_quiz_a.rtf,9,,Quizzes,,Testing Program: Lesson 10 - Grammar 10.3 - Editable Quiz A,0,1,sample description
Activity_Pack/pan4e_l10_testing_program_grammar_10-3_quiz_b.pdf,9,,Quizzes,,Testing Program: Lesson 10 - Grammar 10.3 - Printable Quiz B,0,1,sample description
Activity_Pack/pan4e_l10_testing_program_grammar_10-3_quiz_b.rtf,9,,Quizzes,,Testing Program: Lesson 10 - Grammar 10.3 - Editable Quiz B,0,1,sample description
Activity_Pack/pan4e_l10_testing_program_grammar_10-4_quiz_a.pdf,9,,Quizzes,,Testing Program: Lesson 10 - Grammar 10.4 - Printable Quiz A,0,1,sample description
Activity_Pack/pan4e_l10_testing_program_grammar_10-4_quiz_a.rtf,9,,Quizzes,,Testing Program: Lesson 10 - Grammar 10.4 - Editable Quiz A,0,1,sample description
Activity_Pack/pan4e_l10_testing_program_grammar_10-4_quiz_b.pdf,9,,Quizzes,,Testing Program: Lesson 10 - Grammar 10.4 - Printable Quiz B,0,1,sample description
Activity_Pack/pan4e_l10_testing_program_grammar_10-4_quiz_b.rtf,9,,Quizzes,,Testing Program: Lesson 10 - Grammar 10.4 - Editable Quiz B,0,1,sample description
Activity_Pack/pan4e_l10_testing_program_vocabulary_quiz_a.pdf,9,,Quizzes,,Testing Program: Lesson 10 - Vocabulary - Printable Quiz A,0,1,sample description
Activity_Pack/pan4e_l10_testing_program_vocabulary_quiz_a.rtf,9,,Quizzes,,Testing Program: Lesson 10 - Vocabulary - Editable Quiz A,0,1,sample description
Activity_Pack/pan4e_l10_testing_program_vocabulary_quiz_b.pdf,9,,Quizzes,,Testing Program: Lesson 10 - Vocabulary - Printable Quiz B,0,1,sample description
Activity_Pack/pan4e_l10_testing_program_vocabulary_quiz_b.rtf,9,,Quizzes,,Testing Program: Lesson 10 - Vocabulary - Editable Quiz B,0,1,sample description
Activity_Pack/pan4e_l11_testing_program_grammar_11-1_quiz_a.pdf,10,,Quizzes,,Testing Program: Lesson 11 - Grammar 11.1 - Printable Quiz A,0,1,sample description
Activity_Pack/pan4e_l11_testing_program_grammar_11-1_quiz_a.rtf,10,,Quizzes,,Testing Program: Lesson 11 - Grammar 11.1 - Editable Quiz A,0,1,sample description
Activity_Pack/pan4e_l11_testing_program_grammar_11-1_quiz_b.pdf,10,,Quizzes,,Testing Program: Lesson 11 - Grammar 11.1 - Printable Quiz B,0,1,sample description
Activity_Pack/pan4e_l11_testing_program_grammar_11-1_quiz_b.rtf,10,,Quizzes,,Testing Program: Lesson 11 - Grammar 11.1 - Editable Quiz B,0,1,sample description
Activity_Pack/pan4e_l11_testing_program_grammar_11-2_quiz_a.pdf,10,,Quizzes,,Testing Program: Lesson 11 - Grammar 11.2 - Printable Quiz A,0,1,sample description
Activity_Pack/pan4e_l11_testing_program_grammar_11-2_quiz_a.rtf,10,,Quizzes,,Testing Program: Lesson 11 - Grammar 11.2 - Editable Quiz A,0,1,sample description
Activity_Pack/pan4e_l11_testing_program_grammar_11-2_quiz_b.pdf,10,,Quizzes,,Testing Program: Lesson 11 - Grammar 11.2 - Printable Quiz B,0,1,sample description
Activity_Pack/pan4e_l11_testing_program_grammar_11-2_quiz_b.rtf,10,,Quizzes,,Testing Program: Lesson 11 - Grammar 11.2 - Editable Quiz B,0,1,sample description
Activity_Pack/pan4e_l11_testing_program_grammar_11-3_quiz_a.pdf,10,,Quizzes,,Testing Program: Lesson 11 - Grammar 11.3 - Printable Quiz A,0,1,sample description
Activity_Pack/pan4e_l11_testing_program_grammar_11-3_quiz_a.rtf,10,,Quizzes,,Testing Program: Lesson 11 - Grammar 11.3 - Editable Quiz A,0,1,sample description
Activity_Pack/pan4e_l11_testing_program_grammar_11-3_quiz_b.pdf,10,,Quizzes,,Testing Program: Lesson 11 - Grammar 11.3 - Printable Quiz B,0,1,sample description
Activity_Pack/pan4e_l11_testing_program_grammar_11-3_quiz_b.rtf,10,,Quizzes,,Testing Program: Lesson 11 - Grammar 11.3 - Editable Quiz B,0,1,sample description
Activity_Pack/pan4e_l11_testing_program_grammar_11-4_quiz_a.pdf,10,,Quizzes,,Testing Program: Lesson 11 - Grammar 11.4 - Printable Quiz A,0,1,sample description
Activity_Pack/pan4e_l11_testing_program_grammar_11-4_quiz_a.rtf,10,,Quizzes,,Testing Program: Lesson 11 - Grammar 11.4 - Editable Quiz A,0,1,sample description
Activity_Pack/pan4e_l11_testing_program_grammar_11-4_quiz_b.pdf,10,,Quizzes,,Testing Program: Lesson 11 - Grammar 11.4 - Printable Quiz B,0,1,sample description
Activity_Pack/pan4e_l11_testing_program_grammar_11-4_quiz_b.rtf,10,,Quizzes,,Testing Program: Lesson 11 - Grammar 11.4 - Editable Quiz B,0,1,sample description
Activity_Pack/pan4e_l11_testing_program_vocabulary_quiz_a.pdf,10,,Quizzes,,Testing Program: Lesson 11 - Vocabulary - Printable Quiz A,0,1,sample description
Activity_Pack/pan4e_l11_testing_program_vocabulary_quiz_a.rtf,10,,Quizzes,,Testing Program: Lesson 11 - Vocabulary - Editable Quiz A,0,1,sample description
Activity_Pack/pan4e_l11_testing_program_vocabulary_quiz_b.pdf,10,,Quizzes,,Testing Program: Lesson 11 - Vocabulary - Printable Quiz B,0,1,sample description
Activity_Pack/pan4e_l11_testing_program_vocabulary_quiz_b.rtf,10,,Quizzes,,Testing Program: Lesson 11 - Vocabulary - Editable Quiz B,0,1,sample description
Activity_Pack/pan4e_l12_testing_program_grammar_12-1_quiz_a.pdf,11,,Quizzes,,Testing Program: Lesson 12 - Grammar 12.1 - Printable Quiz A,0,1,sample description
Activity_Pack/pan4e_l12_testing_program_grammar_12-1_quiz_a.rtf,11,,Quizzes,,Testing Program: Lesson 12 - Grammar 12.1 - Editable Quiz A,0,1,sample description
Activity_Pack/pan4e_l12_testing_program_grammar_12-1_quiz_b.pdf,11,,Quizzes,,Testing Program: Lesson 12 - Grammar 12.1 - Printable Quiz B,0,1,sample description
Activity_Pack/pan4e_l12_testing_program_grammar_12-1_quiz_b.rtf,11,,Quizzes,,Testing Program: Lesson 12 - Grammar 12.1 - Editable Quiz B,0,1,sample description
Activity_Pack/pan4e_l12_testing_program_grammar_12-2_quiz_a.pdf,11,,Quizzes,,Testing Program: Lesson 12 - Grammar 12.2 - Printable Quiz A,0,1,sample description
Activity_Pack/pan4e_l12_testing_program_grammar_12-2_quiz_a.rtf,11,,Quizzes,,Testing Program: Lesson 12 - Grammar 12.2 - Editable Quiz A,0,1,sample description
Activity_Pack/pan4e_l12_testing_program_grammar_12-2_quiz_b.pdf,11,,Quizzes,,Testing Program: Lesson 12 - Grammar 12.2 - Printable Quiz B,0,1,sample description
Activity_Pack/pan4e_l12_testing_program_grammar_12-2_quiz_b.rtf,11,,Quizzes,,Testing Program: Lesson 12 - Grammar 12.2 - Editable Quiz B,0,1,sample description
Activity_Pack/pan4e_l12_testing_program_grammar_12-3_quiz_a.pdf,11,,Quizzes,,Testing Program: Lesson 12 - Grammar 12.3 - Printable Quiz A,0,1,sample description
Activity_Pack/pan4e_l12_testing_program_grammar_12-3_quiz_a.rtf,11,,Quizzes,,Testing Program: Lesson 12 - Grammar 12.3 - Editable Quiz A,0,1,sample description
Activity_Pack/pan4e_l12_testing_program_grammar_12-3_quiz_b.pdf,11,,Quizzes,,Testing Program: Lesson 12 - Grammar 12.3 - Printable Quiz B,0,1,sample description
Activity_Pack/pan4e_l12_testing_program_grammar_12-3_quiz_b.rtf,11,,Quizzes,,Testing Program: Lesson 12 - Grammar 12.3 - Editable Quiz B,0,1,sample description
Activity_Pack/pan4e_l12_testing_program_grammar_12-4_quiz_a.pdf,11,,Quizzes,,Testing Program: Lesson 12 - Grammar 12.4 - Printable Quiz A,0,1,sample description
Activity_Pack/pan4e_l12_testing_program_grammar_12-4_quiz_a.rtf,11,,Quizzes,,Testing Program: Lesson 12 - Grammar 12.4 - Editable Quiz A,0,1,sample description
Activity_Pack/pan4e_l12_testing_program_grammar_12-4_quiz_b.pdf,11,,Quizzes,,Testing Program: Lesson 12 - Grammar 12.4 - Printable Quiz B,0,1,sample description
Activity_Pack/pan4e_l12_testing_program_grammar_12-4_quiz_b.rtf,11,,Quizzes,,Testing Program: Lesson 12 - Grammar 12.4 - Editable Quiz B,0,1,sample description
Activity_Pack/pan4e_l12_testing_program_vocabulary_quiz_a.pdf,11,,Quizzes,,Testing Program: Lesson 12 - Vocabulary - Printable Quiz A,0,1,sample description
Activity_Pack/pan4e_l12_testing_program_vocabulary_quiz_a.rtf,11,,Quizzes,,Testing Program: Lesson 12 - Vocabulary - Editable Quiz A,0,1,sample description
Activity_Pack/pan4e_l12_testing_program_vocabulary_quiz_b.pdf,11,,Quizzes,,Testing Program: Lesson 12 - Vocabulary - Printable Quiz B,0,1,sample description
Activity_Pack/pan4e_l12_testing_program_vocabulary_quiz_b.rtf,11,,Quizzes,,Testing Program: Lesson 12 - Vocabulary - Editable Quiz B,0,1,sample description
Activity_Pack/pan4e_l13_testing_program_grammar_13-1_quiz_a.pdf,12,,Quizzes,,Testing Program: Lesson 13 - Grammar 13.1 - Printable Quiz A,0,1,sample description
Activity_Pack/pan4e_l13_testing_program_grammar_13-1_quiz_a.rtf,12,,Quizzes,,Testing Program: Lesson 13 - Grammar 13.1 - Editable Quiz A,0,1,sample description
Activity_Pack/pan4e_l13_testing_program_grammar_13-1_quiz_b.pdf,12,,Quizzes,,Testing Program: Lesson 13 - Grammar 13.1 - Printable Quiz B,0,1,sample description
Activity_Pack/pan4e_l13_testing_program_grammar_13-1_quiz_b.rtf,12,,Quizzes,,Testing Program: Lesson 13 - Grammar 13.1 - Editable Quiz B,0,1,sample description
Activity_Pack/pan4e_l13_testing_program_grammar_13-2_quiz_a.pdf,12,,Quizzes,,Testing Program: Lesson 13 - Grammar 13.2 - Printable Quiz A,0,1,sample description
Activity_Pack/pan4e_l13_testing_program_grammar_13-2_quiz_a.rtf,12,,Quizzes,,Testing Program: Lesson 13 - Grammar 13.2 - Editable Quiz A,0,1,sample description
Activity_Pack/pan4e_l13_testing_program_grammar_13-2_quiz_b.pdf,12,,Quizzes,,Testing Program: Lesson 13 - Grammar 13.2 - Printable Quiz B,0,1,sample description
Activity_Pack/pan4e_l13_testing_program_grammar_13-2_quiz_b.rtf,12,,Quizzes,,Testing Program: Lesson 13 - Grammar 13.2 - Editable Quiz B,0,1,sample description
Activity_Pack/pan4e_l13_testing_program_grammar_13-3_quiz_a.pdf,12,,Quizzes,,Testing Program: Lesson 13 - Grammar 13.3 - Printable Quiz A,0,1,sample description
Activity_Pack/pan4e_l13_testing_program_grammar_13-3_quiz_a.rtf,12,,Quizzes,,Testing Program: Lesson 13 - Grammar 13.3 - Editable Quiz A,0,1,sample description
Activity_Pack/pan4e_l13_testing_program_grammar_13-3_quiz_b.pdf,12,,Quizzes,,Testing Program: Lesson 13 - Grammar 13.3 - Printable Quiz B,0,1,sample description
Activity_Pack/pan4e_l13_testing_program_grammar_13-3_quiz_b.rtf,12,,Quizzes,,Testing Program: Lesson 13 - Grammar 13.3 - Editable Quiz B,0,1,sample description
Activity_Pack/pan4e_l13_testing_program_grammar_13-4_quiz_a.pdf,12,,Quizzes,,Testing Program: Lesson 13 - Grammar 13.4 - Printable Quiz A,0,1,sample description
Activity_Pack/pan4e_l13_testing_program_grammar_13-4_quiz_a.rtf,12,,Quizzes,,Testing Program: Lesson 13 - Grammar 13.4 - Editable Quiz A,0,1,sample description
Activity_Pack/pan4e_l13_testing_program_grammar_13-4_quiz_b.pdf,12,,Quizzes,,Testing Program: Lesson 13 - Grammar 13.4 - Printable Quiz B,0,1,sample description
Activity_Pack/pan4e_l13_testing_program_grammar_13-4_quiz_b.rtf,12,,Quizzes,,Testing Program: Lesson 13 - Grammar 13.4 - Editable Quiz B,0,1,sample description
Activity_Pack/pan4e_l13_testing_program_vocabulary_quiz_a.pdf,12,,Quizzes,,Testing Program: Lesson 13 - Vocabulary - Printable Quiz A,0,1,sample description
Activity_Pack/pan4e_l13_testing_program_vocabulary_quiz_a.rtf,12,,Quizzes,,Testing Program: Lesson 13 - Vocabulary - Editable Quiz A,0,1,sample description
Activity_Pack/pan4e_l13_testing_program_vocabulary_quiz_b.pdf,12,,Quizzes,,Testing Program: Lesson 13 - Vocabulary - Printable Quiz B,0,1,sample description
Activity_Pack/pan4e_l13_testing_program_vocabulary_quiz_b.rtf,12,,Quizzes,,Testing Program: Lesson 13 - Vocabulary - Editable Quiz B,0,1,sample description
Activity_Pack/pan4e_l14_testing_program_grammar_14-1_quiz_a.pdf,13,,Quizzes,,Testing Program: Lesson 14 - Grammar 14.1 - Printable Quiz A,0,1,sample description
Activity_Pack/pan4e_l14_testing_program_grammar_14-1_quiz_a.rtf,13,,Quizzes,,Testing Program: Lesson 14 - Grammar 14.1 - Editable Quiz A,0,1,sample description
Activity_Pack/pan4e_l14_testing_program_grammar_14-1_quiz_b.pdf,13,,Quizzes,,Testing Program: Lesson 14 - Grammar 14.1 - Printable Quiz B,0,1,sample description
Activity_Pack/pan4e_l14_testing_program_grammar_14-1_quiz_b.rtf,13,,Quizzes,,Testing Program: Lesson 14 - Grammar 14.1 - Editable Quiz B,0,1,sample description
Activity_Pack/pan4e_l14_testing_program_grammar_14-2_quiz_a.pdf,13,,Quizzes,,Testing Program: Lesson 14 - Grammar 14.2 - Printable Quiz A,0,1,sample description
Activity_Pack/pan4e_l14_testing_program_grammar_14-2_quiz_a.rtf,13,,Quizzes,,Testing Program: Lesson 14 - Grammar 14.2 - Editable Quiz A,0,1,sample description
Activity_Pack/pan4e_l14_testing_program_grammar_14-2_quiz_b.pdf,13,,Quizzes,,Testing Program: Lesson 14 - Grammar 14.2 - Printable Quiz B,0,1,sample description
Activity_Pack/pan4e_l14_testing_program_grammar_14-2_quiz_b.rtf,13,,Quizzes,,Testing Program: Lesson 14 - Grammar 14.2 - Editable Quiz B,0,1,sample description
Activity_Pack/pan4e_l14_testing_program_grammar_14-3_quiz_a.pdf,13,,Quizzes,,Testing Program: Lesson 14 - Grammar 14.3 - Printable Quiz A,0,1,sample description
Activity_Pack/pan4e_l14_testing_program_grammar_14-3_quiz_a.rtf,13,,Quizzes,,Testing Program: Lesson 14 - Grammar 14.3 - Editable Quiz A,0,1,sample description
Activity_Pack/pan4e_l14_testing_program_grammar_14-3_quiz_b.pdf,13,,Quizzes,,Testing Program: Lesson 14 - Grammar 14.3 - Printable Quiz B,0,1,sample description
Activity_Pack/pan4e_l14_testing_program_grammar_14-3_quiz_b.rtf,13,,Quizzes,,Testing Program: Lesson 14 - Grammar 14.3 - Editable Quiz B,0,1,sample description
Activity_Pack/pan4e_l14_testing_program_vocabulary_quiz_a.pdf,13,,Quizzes,,Testing Program: Lesson 14 - Vocabulary - Printable Quiz A,0,1,sample description
Activity_Pack/pan4e_l14_testing_program_vocabulary_quiz_a.rtf,13,,Quizzes,,Testing Program: Lesson 14 - Vocabulary - Editable Quiz A,0,1,sample description
Activity_Pack/pan4e_l14_testing_program_vocabulary_quiz_b.pdf,13,,Quizzes,,Testing Program: Lesson 14 - Vocabulary - Printable Quiz B,0,1,sample description
Activity_Pack/pan4e_l14_testing_program_vocabulary_quiz_b.rtf,13,,Quizzes,,Testing Program: Lesson 14 - Vocabulary - Editable Quiz B,0,1,sample description
Activity_Pack/pan4e_l15_testing_program_grammar_15-1_quiz_a.pdf,14,,Quizzes,,Testing Program: Lesson 15 - Grammar 15.1 - Printable Quiz A,0,1,sample description
Activity_Pack/pan4e_l15_testing_program_grammar_15-1_quiz_a.rtf,14,,Quizzes,,Testing Program: Lesson 15 - Grammar 15.1 - Editable Quiz A,0,1,sample description
Activity_Pack/pan4e_l15_testing_program_grammar_15-1_quiz_b.pdf,14,,Quizzes,,Testing Program: Lesson 15 - Grammar 15.1 - Printable Quiz B,0,1,sample description
Activity_Pack/pan4e_l15_testing_program_grammar_15-1_quiz_b.rtf,14,,Quizzes,,Testing Program: Lesson 15 - Grammar 15.1 - Editable Quiz B,0,1,sample description
Activity_Pack/pan4e_l15_testing_program_grammar_15-2_quiz_a.pdf,14,,Quizzes,,Testing Program: Lesson 15 - Grammar 15.2 - Printable Quiz A,0,1,sample description
Activity_Pack/pan4e_l15_testing_program_grammar_15-2_quiz_a.rtf,14,,Quizzes,,Testing Program: Lesson 15 - Grammar 15.2 - Editable Quiz A,0,1,sample description
Activity_Pack/pan4e_l15_testing_program_grammar_15-2_quiz_b.pdf,14,,Quizzes,,Testing Program: Lesson 15 - Grammar 15.2 - Printable Quiz B,0,1,sample description
Activity_Pack/pan4e_l15_testing_program_grammar_15-2_quiz_b.rtf,14,,Quizzes,,Testing Program: Lesson 15 - Grammar 15.2 - Editable Quiz B,0,1,sample description
Activity_Pack/pan4e_l15_testing_program_grammar_15-3_quiz_a.pdf,14,,Quizzes,,Testing Program: Lesson 15 - Grammar 15.3 - Printable Quiz A,0,1,sample description
Activity_Pack/pan4e_l15_testing_program_grammar_15-3_quiz_a.rtf,14,,Quizzes,,Testing Program: Lesson 15 - Grammar 15.3 - Editable Quiz A,0,1,sample description
Activity_Pack/pan4e_l15_testing_program_grammar_15-3_quiz_b.pdf,14,,Quizzes,,Testing Program: Lesson 15 - Grammar 15.3 - Printable Quiz B,0,1,sample description
Activity_Pack/pan4e_l15_testing_program_grammar_15-3_quiz_b.rtf,14,,Quizzes,,Testing Program: Lesson 15 - Grammar 15.3 - Editable Quiz B,0,1,sample description
Activity_Pack/pan4e_l15_testing_program_vocabulary_quiz_a.pdf,14,,Quizzes,,Testing Program: Lesson 15 - Vocabulary - Printable Quiz A,0,1,sample description
Activity_Pack/pan4e_l15_testing_program_vocabulary_quiz_a.rtf,14,,Quizzes,,Testing Program: Lesson 15 - Vocabulary - Editable Quiz A,0,1,sample description
Activity_Pack/pan4e_l15_testing_program_vocabulary_quiz_b.pdf,14,,Quizzes,,Testing Program: Lesson 15 - Vocabulary - Printable Quiz B,0,1,sample description
Activity_Pack/pan4e_l15_testing_program_vocabulary_quiz_b.rtf,14,,Quizzes,,Testing Program: Lesson 15 - Vocabulary - Editable Quiz B,0,1,sample description
Activity_Pack/pan4e_tp_l01_prueba_a.mp3,0,,Testing Audio,,Testing Audio Program MP3: Lesson 1 - Test A,0,1,sample description
Activity_Pack/pan4e_tp_l01_prueba_b.mp3,0,,Testing Audio,,Testing Audio Program MP3: Lesson 1 - Test B,0,1,sample description
Activity_Pack/pan4e_tp_l01_prueba_c.mp3,0,,Testing Audio,,Testing Audio Program MP3: Lesson 1 - Test C,0,1,sample description
Activity_Pack/pan4e_tp_l01_prueba_d.mp3,0,,Testing Audio,,Testing Audio Program MP3: Lesson 1 - Test D,0,1,sample description
Activity_Pack/pan4e_tp_l01_prueba_e.mp3,0,,Testing Audio,,Testing Audio Program MP3: Lesson 1 - Test E,0,1,sample description
Activity_Pack/pan4e_tp_l01_prueba_f.mp3,0,,Testing Audio,,Testing Audio Program MP3: Lesson 1 - Test F,0,1,sample description
Activity_Pack/pan4e_tp_l01-05_examen_a.mp3,0,4,Testing Audio,,Testing Audio Program MP3: Lessons 1-5 - Exam A,0,1,sample description
Activity_Pack/pan4e_tp_l01-05_examen_b.mp3,0,4,Testing Audio,,Testing Audio Program MP3: Lessons 1-5 - Exam B,0,1,sample description
Activity_Pack/pan4e_tp_l01-07_examen_a.mp3,0,6,Testing Audio,,Testing Audio Program MP3: Lessons 1-7 - Exam A,0,1,sample description
Activity_Pack/pan4e_tp_l01-07_examen_b.mp3,0,6,Testing Audio,,Testing Audio Program MP3: Lessons 1-7 - Exam B,0,1,sample description
Activity_Pack/pan4e_tp_l02_prueba_a.mp3,1,,Testing Audio,,Testing Audio Program MP3: Lesson 2 - Test A,0,1,sample description
Activity_Pack/pan4e_tp_l02_prueba_b.mp3,1,,Testing Audio,,Testing Audio Program MP3: Lesson 2 - Test B,0,1,sample description
Activity_Pack/pan4e_tp_l02_prueba_c.mp3,1,,Testing Audio,,Testing Audio Program MP3: Lesson 2 - Test C,0,1,sample description
Activity_Pack/pan4e_tp_l02_prueba_d.mp3,1,,Testing Audio,,Testing Audio Program MP3: Lesson 2 - Test D,0,1,sample description
Activity_Pack/pan4e_tp_l02_prueba_e.mp3,1,,Testing Audio,,Testing Audio Program MP3: Lesson 2 - Test E,0,1,sample description
Activity_Pack/pan4e_tp_l02_prueba_f.mp3,1,,Testing Audio,,Testing Audio Program MP3: Lesson 2 - Test F,0,1,sample description
Activity_Pack/pan4e_tp_l03_prueba_a.mp3,2,,Testing Audio,,Testing Audio Program MP3: Lesson 3 - Test A,0,1,sample description
Activity_Pack/pan4e_tp_l03_prueba_b.mp3,2,,Testing Audio,,Testing Audio Program MP3: Lesson 3 - Test B,0,1,sample description
Activity_Pack/pan4e_tp_l03_prueba_c.mp3,2,,Testing Audio,,Testing Audio Program MP3: Lesson 3 - Test C,0,1,sample description
Activity_Pack/pan4e_tp_l03_prueba_d.mp3,2,,Testing Audio,,Testing Audio Program MP3: Lesson 3 - Test D,0,1,sample description
Activity_Pack/pan4e_tp_l03_prueba_e.mp3,2,,Testing Audio,,Testing Audio Program MP3: Lesson 3 - Test E,0,1,sample description
Activity_Pack/pan4e_tp_l03_prueba_f.mp3,2,,Testing Audio,,Testing Audio Program MP3: Lesson 3 - Test F,0,1,sample description
Activity_Pack/pan4e_tp_l04_prueba_a.mp3,3,,Testing Audio,,Testing Audio Program MP3: Lesson 4 - Test A,0,1,sample description
Activity_Pack/pan4e_tp_l04_prueba_b.mp3,3,,Testing Audio,,Testing Audio Program MP3: Lesson 4 - Test B,0,1,sample description
Activity_Pack/pan4e_tp_l04_prueba_c.mp3,3,,Testing Audio,,Testing Audio Program MP3: Lesson 4 - Test C,0,1,sample description
Activity_Pack/pan4e_tp_l04_prueba_d.mp3,3,,Testing Audio,,Testing Audio Program MP3: Lesson 4 - Test D,0,1,sample description
Activity_Pack/pan4e_tp_l04_prueba_e.mp3,3,,Testing Audio,,Testing Audio Program MP3: Lesson 4 - Test E,0,1,sample description
Activity_Pack/pan4e_tp_l04_prueba_f.mp3,3,,Testing Audio,,Testing Audio Program MP3: Lesson 4 - Test F,0,1,sample description
Activity_Pack/pan4e_tp_l05_prueba_a.mp3,4,,Testing Audio,,Testing Audio Program MP3: Lesson 5 - Test A,0,1,sample description
Activity_Pack/pan4e_tp_l05_prueba_b.mp3,4,,Testing Audio,,Testing Audio Program MP3: Lesson 5 - Test B,0,1,sample description
Activity_Pack/pan4e_tp_l05_prueba_c.mp3,4,,Testing Audio,,Testing Audio Program MP3: Lesson 5 - Test C,0,1,sample description
Activity_Pack/pan4e_tp_l05_prueba_d.mp3,4,,Testing Audio,,Testing Audio Program MP3: Lesson 5 - Test D,0,1,sample description
Activity_Pack/pan4e_tp_l05_prueba_e.mp3,4,,Testing Audio,,Testing Audio Program MP3: Lesson 5 - Test E,0,1,sample description
Activity_Pack/pan4e_tp_l05_prueba_f.mp3,4,,Testing Audio,,Testing Audio Program MP3: Lesson 5 - Test F,0,1,sample description
Activity_Pack/pan4e_tp_l06_prueba_a.mp3,5,,Testing Audio,,Testing Audio Program MP3: Lesson 6 - Test A,0,1,sample description
Activity_Pack/pan4e_tp_l06_prueba_b.mp3,5,,Testing Audio,,Testing Audio Program MP3: Lesson 6 - Test B,0,1,sample description
Activity_Pack/pan4e_tp_l06_prueba_c.mp3,5,,Testing Audio,,Testing Audio Program MP3: Lesson 6 - Test C,0,1,sample description
Activity_Pack/pan4e_tp_l06_prueba_d.mp3,5,,Testing Audio,,Testing Audio Program MP3: Lesson 6 - Test D,0,1,sample description
Activity_Pack/pan4e_tp_l06_prueba_e.mp3,5,,Testing Audio,,Testing Audio Program MP3: Lesson 6 - Test E,0,1,sample description
Activity_Pack/pan4e_tp_l06_prueba_f.mp3,5,,Testing Audio,,Testing Audio Program MP3: Lesson 6 - Test F,0,1,sample description
Activity_Pack/pan4e_tp_l06-10_examen_a.mp3,5,9,Testing Audio,,Testing Audio Program MP3: Lessons 6-10 - Exam A,0,1,sample description
Activity_Pack/pan4e_tp_l06-10_examen_b.mp3,5,9,Testing Audio,,Testing Audio Program MP3: Lessons 6-10 - Exam B,0,1,sample description
Activity_Pack/pan4e_tp_l07_prueba_a.mp3,6,,Testing Audio,,Testing Audio Program MP3: Lesson 7 - Test A,0,1,sample description
Activity_Pack/pan4e_tp_l07_prueba_b.mp3,6,,Testing Audio,,Testing Audio Program MP3: Lesson 7 - Test B,0,1,sample description
Activity_Pack/pan4e_tp_l07_prueba_c.mp3,6,,Testing Audio,,Testing Audio Program MP3: Lesson 7 - Test C,0,1,sample description
Activity_Pack/pan4e_tp_l07_prueba_d.mp3,6,,Testing Audio,,Testing Audio Program MP3: Lesson 7 - Test D,0,1,sample description
Activity_Pack/pan4e_tp_l07_prueba_e.mp3,6,,Testing Audio,,Testing Audio Program MP3: Lesson 7 - Test E,0,1,sample description
Activity_Pack/pan4e_tp_l07_prueba_f.mp3,6,,Testing Audio,,Testing Audio Program MP3: Lesson 7 - Test F,0,1,sample description
Activity_Pack/pan4e_tp_l08_prueba_a.mp3,7,,Testing Audio,,Testing Audio Program MP3: Lesson 8 - Test A,0,1,sample description
Activity_Pack/pan4e_tp_l08_prueba_b.mp3,7,,Testing Audio,,Testing Audio Program MP3: Lesson 8 - Test B,0,1,sample description
Activity_Pack/pan4e_tp_l08_prueba_c.mp3,7,,Testing Audio,,Testing Audio Program MP3: Lesson 8 - Test C,0,1,sample description
Activity_Pack/pan4e_tp_l08_prueba_d.mp3,7,,Testing Audio,,Testing Audio Program MP3: Lesson 8 - Test D,0,1,sample description
Activity_Pack/pan4e_tp_l08_prueba_e.mp3,7,,Testing Audio,,Testing Audio Program MP3: Lesson 8 - Test E,0,1,sample description
Activity_Pack/pan4e_tp_l08_prueba_f.mp3,7,,Testing Audio,,Testing Audio Program MP3: Lesson 8 - Test F,0,1,sample description
Activity_Pack/pan4e_tp_l08-15_examen_a.mp3,7,14,Testing Audio,,Testing Audio Program MP3: Lessons 8-15 - Exam A,0,1,sample description
Activity_Pack/pan4e_tp_l08-15_examen_b.mp3,7,14,Testing Audio,,Testing Audio Program MP3: Lessons 8-15 - Exam B,0,1,sample description
Activity_Pack/pan4e_tp_l09_prueba_a.mp3,8,,Testing Audio,,Testing Audio Program MP3: Lesson 9 - Test A,0,1,sample description
Activity_Pack/pan4e_tp_l09_prueba_b.mp3,8,,Testing Audio,,Testing Audio Program MP3: Lesson 9 - Test B,0,1,sample description
Activity_Pack/pan4e_tp_l09_prueba_c.mp3,8,,Testing Audio,,Testing Audio Program MP3: Lesson 9 - Test C,0,1,sample description
Activity_Pack/pan4e_tp_l09_prueba_d.mp3,8,,Testing Audio,,Testing Audio Program MP3: Lesson 9 - Test D,0,1,sample description
Activity_Pack/pan4e_tp_l09_prueba_e.mp3,8,,Testing Audio,,Testing Audio Program MP3: Lesson 9 - Test E,0,1,sample description
Activity_Pack/pan4e_tp_l09_prueba_f.mp3,8,,Testing Audio,,Testing Audio Program MP3: Lesson 9 - Test F,0,1,sample description
Activity_Pack/pan4e_tp_l10_prueba_a.mp3,9,,Testing Audio,,Testing Audio Program MP3: Lesson 10 - Test A,0,1,sample description
Activity_Pack/pan4e_tp_l10_prueba_b.mp3,9,,Testing Audio,,Testing Audio Program MP3: Lesson 10 - Test B,0,1,sample description
Activity_Pack/pan4e_tp_l10_prueba_c.mp3,9,,Testing Audio,,Testing Audio Program MP3: Lesson 10 - Test C,0,1,sample description
Activity_Pack/pan4e_tp_l10_prueba_d.mp3,9,,Testing Audio,,Testing Audio Program MP3: Lesson 10 - Test D,0,1,sample description
Activity_Pack/pan4e_tp_l10_prueba_e.mp3,9,,Testing Audio,,Testing Audio Program MP3: Lesson 10 - Test E,0,1,sample description
Activity_Pack/pan4e_tp_l10_prueba_f.mp3,9,,Testing Audio,,Testing Audio Program MP3: Lesson 10 - Test F,0,1,sample description
Activity_Pack/pan4e_tp_l11_prueba_a.mp3,10,,Testing Audio,,Testing Audio Program MP3: Lesson 11 - Test A,0,1,sample description
Activity_Pack/pan4e_tp_l11_prueba_b.mp3,10,,Testing Audio,,Testing Audio Program MP3: Lesson 11 - Test B,0,1,sample description
Activity_Pack/pan4e_tp_l11_prueba_c.mp3,10,,Testing Audio,,Testing Audio Program MP3: Lesson 11 - Test C,0,1,sample description
Activity_Pack/pan4e_tp_l11_prueba_d.mp3,10,,Testing Audio,,Testing Audio Program MP3: Lesson 11 - Test D,0,1,sample description
Activity_Pack/pan4e_tp_l11_prueba_e.mp3,10,,Testing Audio,,Testing Audio Program MP3: Lesson 11 - Test E,0,1,sample description
Activity_Pack/pan4e_tp_l11_prueba_f.mp3,10,,Testing Audio,,Testing Audio Program MP3: Lesson 11 - Test F,0,1,sample description
Activity_Pack/pan4e_tp_l11-15_examen_a.mp3,10,14,Testing Audio,,Testing Audio Program MP3: Lessons 11-15 - Exam A,0,1,sample description
Activity_Pack/pan4e_tp_l11-15_examen_b.mp3,10,14,Testing Audio,,Testing Audio Program MP3: Lessons 11-15 - Exam B,0,1,sample description
Activity_Pack/pan4e_tp_l12_prueba_a.mp3,11,,Testing Audio,,Testing Audio Program MP3: Lesson 12 - Test A,0,1,sample description
Activity_Pack/pan4e_tp_l12_prueba_b.mp3,11,,Testing Audio,,Testing Audio Program MP3: Lesson 12 - Test B,0,1,sample description
Activity_Pack/pan4e_tp_l12_prueba_c.mp3,11,,Testing Audio,,Testing Audio Program MP3: Lesson 12 - Test C,0,1,sample description
Activity_Pack/pan4e_tp_l12_prueba_d.mp3,11,,Testing Audio,,Testing Audio Program MP3: Lesson 12 - Test D,0,1,sample description
Activity_Pack/pan4e_tp_l12_prueba_e.mp3,11,,Testing Audio,,Testing Audio Program MP3: Lesson 12 - Test E,0,1,sample description
Activity_Pack/pan4e_tp_l12_prueba_f.mp3,11,,Testing Audio,,Testing Audio Program MP3: Lesson 12 - Test F,0,1,sample description
Activity_Pack/pan4e_tp_l13_prueba_a.mp3,12,,Testing Audio,,Testing Audio Program MP3: Lesson 13 - Test A,0,1,sample description
Activity_Pack/pan4e_tp_l13_prueba_b.mp3,12,,Testing Audio,,Testing Audio Program MP3: Lesson 13 - Test B,0,1,sample description
Activity_Pack/pan4e_tp_l13_prueba_c.mp3,12,,Testing Audio,,Testing Audio Program MP3: Lesson 13 - Test C,0,1,sample description
Activity_Pack/pan4e_tp_l13_prueba_d.mp3,12,,Testing Audio,,Testing Audio Program MP3: Lesson 13 - Test D,0,1,sample description
Activity_Pack/pan4e_tp_l13_prueba_e.mp3,12,,Testing Audio,,Testing Audio Program MP3: Lesson 13 - Test E,0,1,sample description
Activity_Pack/pan4e_tp_l13_prueba_f.mp3,12,,Testing Audio,,Testing Audio Program MP3: Lesson 13 - Test F,0,1,sample description
Activity_Pack/pan4e_tp_l14_prueba_a.mp3,13,,Testing Audio,,Testing Audio Program MP3: Lesson 14 - Test A,0,1,sample description
Activity_Pack/pan4e_tp_l14_prueba_b.mp3,13,,Testing Audio,,Testing Audio Program MP3: Lesson 14 - Test B,0,1,sample description
Activity_Pack/pan4e_tp_l14_prueba_c.mp3,13,,Testing Audio,,Testing Audio Program MP3: Lesson 14 - Test C,0,1,sample description
Activity_Pack/pan4e_tp_l14_prueba_d.mp3,13,,Testing Audio,,Testing Audio Program MP3: Lesson 14 - Test D,0,1,sample description
Activity_Pack/pan4e_tp_l14_prueba_e.mp3,13,,Testing Audio,,Testing Audio Program MP3: Lesson 14 - Test E,0,1,sample description
Activity_Pack/pan4e_tp_l14_prueba_f.mp3,13,,Testing Audio,,Testing Audio Program MP3: Lesson 14 - Test F,0,1,sample description
Activity_Pack/pan4e_tp_l15_prueba_a.mp3,14,,Testing Audio,,Testing Audio Program MP3: Lesson 15 - Test A,0,1,sample description
Activity_Pack/pan4e_tp_l15_prueba_b.mp3,14,,Testing Audio,,Testing Audio Program MP3: Lesson 15 - Test B,0,1,sample description
Activity_Pack/pan4e_tp_l15_prueba_c.mp3,14,,Testing Audio,,Testing Audio Program MP3: Lesson 15 - Test C,0,1,sample description
Activity_Pack/pan4e_tp_l15_prueba_d.mp3,14,,Testing Audio,,Testing Audio Program MP3: Lesson 15 - Test D,0,1,sample description
Activity_Pack/pan4e_tp_l15_prueba_e.mp3,14,,Testing Audio,,Testing Audio Program MP3: Lesson 15 - Test E,0,1,sample description
Activity_Pack/pan4e_tp_l15_prueba_f.mp3,14,,Testing Audio,,Testing Audio Program MP3: Lesson 15 - Test F,0,1,sample description
Activity_Pack/pan4e_testing_program_alternate_listening_sections.pdf,0,14,Testing Audio,,Testing Program: Lessons 1-15 - Printable Alternate Listening Sections,0,1,sample description
Activity_Pack/pan4e_testing_program_alternate_listening_sections.rtf,0,14,Testing Audio,,Testing Program: Lessons 1-15 - Editable Alternate Listening Sections,0,1,sample description
Activity_Pack/pan4e_testing_program_answer_key_quizzes_a-b.pdf,0,14,Testing Answer Keys,,Testing Program: Exams A-B - Printable Answer Key,0,1,sample description
Activity_Pack/pan4e_testing_program_answer_key_quizzes_a-b.rtf,0,14,Testing Answer Keys,,Testing Program: Exams A-B - Editable Answer Key,0,1,sample description
Activity_Pack/pan4e_testing_program_answer_key_exams_a-b.pdf,0,14,Testing Answer Keys,,Testing Program: Quizzes A-B - Printable Answer Key,0,1,sample description
Activity_Pack/pan4e_testing_program_answer_key_exams_a-b.rtf,0,14,Testing Answer Keys,,Testing Program: Quizzes A-B - Editable Answer Key,0,1,sample description
Activity_Pack/pan4e_testing_program_answer_key_tests_a-f.pdf,0,14,Testing Answer Keys,,Testing Program: Tests A-F - Printable Answer Key,0,1,sample description
Activity_Pack/pan4e_testing_program_answer_key_tests_a-f.rtf,0,14,Testing Answer Keys,,Testing Program: Tests A-F - Editable Answer Key,0,1,sample description
Activity_Pack/pan4e_testing_program_optional_sections_answer_key.pdf,0,14,Testing Answer Keys,,Testing Program: Optional Sections - Printable Answer Key,0,1,sample description
Activity_Pack/pan4e_testing_program_optional_sections_answer_key.rtf,0,14,Testing Answer Keys,,Testing Program: Optional Sections - Editable Answer Key,0,1,sample description
Activity_Pack/pan4e_testing_program_exams_audioscripts.pdf,0,14,Testing Audio,,Testing Program: Exams - Printable Audioscripts,0,1,sample description
Activity_Pack/pan4e_testing_program_exams_audioscripts.rtf,0,14,Testing Audio,,Testing Program: Exams - Editable Audioscripts,0,1,sample description
Activity_Pack/pan4e_testing_program_oral_testing_suggestions.pdf,0,14,Testing Audio,,Testing Program: Printable Oral Testing Suggestions,0,1,sample description
Activity_Pack/pan4e_testing_program_tests_audioscripts.pdf,0,14,Testing Audio,,Testing Program: Tests - Printable Audioscripts,0,1,sample description
Activity_Pack/pan4e_testing_program_tests_audioscripts.rtf,0,14,Testing Audio,,Testing Program: Tests - Editable Audioscripts,0,1,sample description
Activity_Pack/pan4e_l01_testing_program_test_a.pdf,0,,Tests and Exams,,Testing Program: Lesson 1 - Printable Test A,0,1,sample description
Activity_Pack/pan4e_l01_testing_program_test_b.pdf,0,,Tests and Exams,,Testing Program: Lesson 1 - Printable Test B,0,1,sample description
Activity_Pack/pan4e_l01_testing_program_test_c.pdf,0,,Tests and Exams,,Testing Program: Lesson 1 - Printable Test C,0,1,sample description
Activity_Pack/pan4e_l01_testing_program_test_d.pdf,0,,Tests and Exams,,Testing Program: Lesson 1 - Printable Test D,0,1,sample description
Activity_Pack/pan4e_l01_testing_program_test_e.pdf,0,,Tests and Exams,,Testing Program: Lesson 1 - Printable Test E,0,1,sample description
Activity_Pack/pan4e_l01_testing_program_test_f.pdf,0,,Tests and Exams,,Testing Program: Lesson 1 - Printable Test F,0,1,sample description
Activity_Pack/pan4e_l02_testing_program_test_a.pdf,1,,Tests and Exams,,Testing Program: Lesson 2 - Printable Test A,0,1,sample description
Activity_Pack/pan4e_l02_testing_program_test_b.pdf,1,,Tests and Exams,,Testing Program: Lesson 2 - Printable Test B,0,1,sample description
Activity_Pack/pan4e_l02_testing_program_test_c.pdf,1,,Tests and Exams,,Testing Program: Lesson 2 - Printable Test C,0,1,sample description
Activity_Pack/pan4e_l02_testing_program_test_d.pdf,1,,Tests and Exams,,Testing Program: Lesson 2 - Printable Test D,0,1,sample description
Activity_Pack/pan4e_l02_testing_program_test_e.pdf,1,,Tests and Exams,,Testing Program: Lesson 2 - Printable Test E,0,1,sample description
Activity_Pack/pan4e_l02_testing_program_test_f.pdf,1,,Tests and Exams,,Testing Program: Lesson 2 - Printable Test F,0,1,sample description
Activity_Pack/pan4e_l03_testing_program_test_a.pdf,2,,Tests and Exams,,Testing Program: Lesson 3 - Printable Test A,0,1,sample description
Activity_Pack/pan4e_l03_testing_program_test_b.pdf,2,,Tests and Exams,,Testing Program: Lesson 3 - Printable Test B,0,1,sample description
Activity_Pack/pan4e_l03_testing_program_test_c.pdf,2,,Tests and Exams,,Testing Program: Lesson 3 - Printable Test C,0,1,sample description
Activity_Pack/pan4e_l03_testing_program_test_d.pdf,2,,Tests and Exams,,Testing Program: Lesson 3 - Printable Test D,0,1,sample description
Activity_Pack/pan4e_l03_testing_program_test_e.pdf,2,,Tests and Exams,,Testing Program: Lesson 3 - Printable Test E,0,1,sample description
Activity_Pack/pan4e_l03_testing_program_test_f.pdf,2,,Tests and Exams,,Testing Program: Lesson 3 - Printable Test F,0,1,sample description
Activity_Pack/pan4e_l04_testing_program_test_a.pdf,3,,Tests and Exams,,Testing Program: Lesson 4 - Printable Test A,0,1,sample description
Activity_Pack/pan4e_l04_testing_program_test_b.pdf,3,,Tests and Exams,,Testing Program: Lesson 4 - Printable Test B,0,1,sample description
Activity_Pack/pan4e_l04_testing_program_test_c.pdf,3,,Tests and Exams,,Testing Program: Lesson 4 - Printable Test C,0,1,sample description
Activity_Pack/pan4e_l04_testing_program_test_d.pdf,3,,Tests and Exams,,Testing Program: Lesson 4 - Printable Test D,0,1,sample description
Activity_Pack/pan4e_l04_testing_program_test_e.pdf,3,,Tests and Exams,,Testing Program: Lesson 4 - Printable Test E,0,1,sample description
Activity_Pack/pan4e_l04_testing_program_test_f.pdf,3,,Tests and Exams,,Testing Program: Lesson 4 - Printable Test F,0,1,sample description
Activity_Pack/pan4e_l05_testing_program_test_a.pdf,4,,Tests and Exams,,Testing Program: Lesson 5 - Printable Test A,0,1,sample description
Activity_Pack/pan4e_l05_testing_program_test_b.pdf,4,,Tests and Exams,,Testing Program: Lesson 5 - Printable Test B,0,1,sample description
Activity_Pack/pan4e_l05_testing_program_test_c.pdf,4,,Tests and Exams,,Testing Program: Lesson 5 - Printable Test C,0,1,sample description
Activity_Pack/pan4e_l05_testing_program_test_d.pdf,4,,Tests and Exams,,Testing Program: Lesson 5 - Printable Test D,0,1,sample description
Activity_Pack/pan4e_l05_testing_program_test_e.pdf,4,,Tests and Exams,,Testing Program: Lesson 5 - Printable Test E,0,1,sample description
Activity_Pack/pan4e_l05_testing_program_test_f.pdf,4,,Tests and Exams,,Testing Program: Lesson 5 - Printable Test F,0,1,sample description
Activity_Pack/pan4e_l06_testing_program_test_a.pdf,5,,Tests and Exams,,Testing Program: Lesson 6 - Printable Test A,0,1,sample description
Activity_Pack/pan4e_l06_testing_program_test_b.pdf,5,,Tests and Exams,,Testing Program: Lesson 6 - Printable Test B,0,1,sample description
Activity_Pack/pan4e_l06_testing_program_test_c.pdf,5,,Tests and Exams,,Testing Program: Lesson 6 - Printable Test C,0,1,sample description
Activity_Pack/pan4e_l06_testing_program_test_d.pdf,5,,Tests and Exams,,Testing Program: Lesson 6 - Printable Test D,0,1,sample description
Activity_Pack/pan4e_l06_testing_program_test_e.pdf,5,,Tests and Exams,,Testing Program: Lesson 6 - Printable Test E,0,1,sample description
Activity_Pack/pan4e_l06_testing_program_test_f.pdf,5,,Tests and Exams,,Testing Program: Lesson 6 - Printable Test F,0,1,sample description
Activity_Pack/pan4e_l07_testing_program_test_a.pdf,6,,Tests and Exams,,Testing Program: Lesson 7 - Printable Test A,0,1,sample description
Activity_Pack/pan4e_l07_testing_program_test_b.pdf,6,,Tests and Exams,,Testing Program: Lesson 7 - Printable Test B,0,1,sample description
Activity_Pack/pan4e_l07_testing_program_test_c.pdf,6,,Tests and Exams,,Testing Program: Lesson 7 - Printable Test C,0,1,sample description
Activity_Pack/pan4e_l07_testing_program_test_d.pdf,6,,Tests and Exams,,Testing Program: Lesson 7 - Printable Test D,0,1,sample description
Activity_Pack/pan4e_l07_testing_program_test_e.pdf,6,,Tests and Exams,,Testing Program: Lesson 7 - Printable Test E,0,1,sample description
Activity_Pack/pan4e_l07_testing_program_test_f.pdf,6,,Tests and Exams,,Testing Program: Lesson 7 - Printable Test F,0,1,sample description
Activity_Pack/pan4e_l08_testing_program_test_a.pdf,7,,Tests and Exams,,Testing Program: Lesson 8 - Printable Test A,0,1,sample description
Activity_Pack/pan4e_l08_testing_program_test_b.pdf,7,,Tests and Exams,,Testing Program: Lesson 8 - Printable Test B,0,1,sample description
Activity_Pack/pan4e_l08_testing_program_test_c.pdf,7,,Tests and Exams,,Testing Program: Lesson 8 - Printable Test C,0,1,sample description
Activity_Pack/pan4e_l08_testing_program_test_d.pdf,7,,Tests and Exams,,Testing Program: Lesson 8 - Printable Test D,0,1,sample description
Activity_Pack/pan4e_l08_testing_program_test_e.pdf,7,,Tests and Exams,,Testing Program: Lesson 8 - Printable Test E,0,1,sample description
Activity_Pack/pan4e_l08_testing_program_test_f.pdf,7,,Tests and Exams,,Testing Program: Lesson 8 - Printable Test F,0,1,sample description
Activity_Pack/pan4e_l09_testing_program_test_a.pdf,8,,Tests and Exams,,Testing Program: Lesson 9 - Printable Test A,0,1,sample description
Activity_Pack/pan4e_l09_testing_program_test_b.pdf,8,,Tests and Exams,,Testing Program: Lesson 9 - Printable Test B,0,1,sample description
Activity_Pack/pan4e_l09_testing_program_test_c.pdf,8,,Tests and Exams,,Testing Program: Lesson 9 - Printable Test C,0,1,sample description
Activity_Pack/pan4e_l09_testing_program_test_d.pdf,8,,Tests and Exams,,Testing Program: Lesson 9 - Printable Test D,0,1,sample description
Activity_Pack/pan4e_l09_testing_program_test_e.pdf,8,,Tests and Exams,,Testing Program: Lesson 9 - Printable Test E,0,1,sample description
Activity_Pack/pan4e_l09_testing_program_test_f.pdf,8,,Tests and Exams,,Testing Program: Lesson 9 - Printable Test F,0,1,sample description
Activity_Pack/pan4e_l10_testing_program_test_a.pdf,9,,Tests and Exams,,Testing Program: Lesson 10 - Printable Test A,0,1,sample description
Activity_Pack/pan4e_l10_testing_program_test_b.pdf,9,,Tests and Exams,,Testing Program: Lesson 10 - Printable Test B,0,1,sample description
Activity_Pack/pan4e_l10_testing_program_test_c.pdf,9,,Tests and Exams,,Testing Program: Lesson 10 - Printable Test C,0,1,sample description
Activity_Pack/pan4e_l10_testing_program_test_d.pdf,9,,Tests and Exams,,Testing Program: Lesson 10 - Printable Test D,0,1,sample description
Activity_Pack/pan4e_l10_testing_program_test_e.pdf,9,,Tests and Exams,,Testing Program: Lesson 10 - Printable Test E,0,1,sample description
Activity_Pack/pan4e_l10_testing_program_test_f.pdf,9,,Tests and Exams,,Testing Program: Lesson 10 - Printable Test F,0,1,sample description
Activity_Pack/pan4e_l11_testing_program_test_a.pdf,10,,Tests and Exams,,Testing Program: Lesson 11 - Printable Test A,0,1,sample description
Activity_Pack/pan4e_l11_testing_program_test_b.pdf,10,,Tests and Exams,,Testing Program: Lesson 11 - Printable Test B,0,1,sample description
Activity_Pack/pan4e_l11_testing_program_test_c.pdf,10,,Tests and Exams,,Testing Program: Lesson 11 - Printable Test C,0,1,sample description
Activity_Pack/pan4e_l11_testing_program_test_d.pdf,10,,Tests and Exams,,Testing Program: Lesson 11 - Printable Test D,0,1,sample description
Activity_Pack/pan4e_l11_testing_program_test_e.pdf,10,,Tests and Exams,,Testing Program: Lesson 11 - Printable Test E,0,1,sample description
Activity_Pack/pan4e_l11_testing_program_test_f.pdf,10,,Tests and Exams,,Testing Program: Lesson 11 - Printable Test F,0,1,sample description
Activity_Pack/pan4e_l12_testing_program_test_a.pdf,11,,Tests and Exams,,Testing Program: Lesson 12 - Printable Test A,0,1,sample description
Activity_Pack/pan4e_l12_testing_program_test_b.pdf,11,,Tests and Exams,,Testing Program: Lesson 12 - Printable Test B,0,1,sample description
Activity_Pack/pan4e_l12_testing_program_test_c.pdf,11,,Tests and Exams,,Testing Program: Lesson 12 - Printable Test C,0,1,sample description
Activity_Pack/pan4e_l12_testing_program_test_d.pdf,11,,Tests and Exams,,Testing Program: Lesson 12 - Printable Test D,0,1,sample description
Activity_Pack/pan4e_l12_testing_program_test_e.pdf,11,,Tests and Exams,,Testing Program: Lesson 12 - Printable Test E,0,1,sample description
Activity_Pack/pan4e_l12_testing_program_test_f.pdf,11,,Tests and Exams,,Testing Program: Lesson 12 - Printable Test F,0,1,sample description
Activity_Pack/pan4e_l13_testing_program_test_a.pdf,12,,Tests and Exams,,Testing Program: Lesson 13 - Printable Test A,0,1,sample description
Activity_Pack/pan4e_l13_testing_program_test_b.pdf,12,,Tests and Exams,,Testing Program: Lesson 13 - Printable Test B,0,1,sample description
Activity_Pack/pan4e_l13_testing_program_test_c.pdf,12,,Tests and Exams,,Testing Program: Lesson 13 - Printable Test C,0,1,sample description
Activity_Pack/pan4e_l13_testing_program_test_d.pdf,12,,Tests and Exams,,Testing Program: Lesson 13 - Printable Test D,0,1,sample description
Activity_Pack/pan4e_l13_testing_program_test_e.pdf,12,,Tests and Exams,,Testing Program: Lesson 13 - Printable Test E,0,1,sample description
Activity_Pack/pan4e_l13_testing_program_test_f.pdf,12,,Tests and Exams,,Testing Program: Lesson 13 - Printable Test F,0,1,sample description
Activity_Pack/pan4e_l14_testing_program_test_a.pdf,13,,Tests and Exams,,Testing Program: Lesson 14 - Printable Test A,0,1,sample description
Activity_Pack/pan4e_l14_testing_program_test_b.pdf,13,,Tests and Exams,,Testing Program: Lesson 14 - Printable Test B,0,1,sample description
Activity_Pack/pan4e_l14_testing_program_test_c.pdf,13,,Tests and Exams,,Testing Program: Lesson 14 - Printable Test C,0,1,sample description
Activity_Pack/pan4e_l14_testing_program_test_d.pdf,13,,Tests and Exams,,Testing Program: Lesson 14 - Printable Test D,0,1,sample description
Activity_Pack/pan4e_l14_testing_program_test_e.pdf,13,,Tests and Exams,,Testing Program: Lesson 14 - Printable Test E,0,1,sample description
Activity_Pack/pan4e_l14_testing_program_test_f.pdf,13,,Tests and Exams,,Testing Program: Lesson 14 - Printable Test F,0,1,sample description
Activity_Pack/pan4e_l15_testing_program_test_a.pdf,14,,Tests and Exams,,Testing Program: Lesson 15 - Printable Test A,0,1,sample description
Activity_Pack/pan4e_l15_testing_program_test_b.pdf,14,,Tests and Exams,,Testing Program: Lesson 15 - Printable Test B,0,1,sample description
Activity_Pack/pan4e_l15_testing_program_test_c.pdf,14,,Tests and Exams,,Testing Program: Lesson 15 - Printable Test C,0,1,sample description
Activity_Pack/pan4e_l15_testing_program_test_d.pdf,14,,Tests and Exams,,Testing Program: Lesson 15 - Printable Test D,0,1,sample description
Activity_Pack/pan4e_l15_testing_program_test_e.pdf,14,,Tests and Exams,,Testing Program: Lesson 15 - Printable Test E,0,1,sample description
Activity_Pack/pan4e_l15_testing_program_test_f.pdf,14,,Tests and Exams,,Testing Program: Lesson 15 - Printable Test F,0,1,sample description
Activity_Pack/pan4e_l01_testing_program_test_a.rtf,0,,Tests and Exams,,Testing Program: Lesson 1 - Editable Test A,0,1,sample description
Activity_Pack/pan4e_l01_testing_program_test_b.rtf,0,,Tests and Exams,,Testing Program: Lesson 1 - Editable Test B,0,1,sample description
Activity_Pack/pan4e_l01_testing_program_test_c.rtf,0,,Tests and Exams,,Testing Program: Lesson 1 - Editable Test C,0,1,sample description
Activity_Pack/pan4e_l01_testing_program_test_d.rtf,0,,Tests and Exams,,Testing Program: Lesson 1 - Editable Test D,0,1,sample description
Activity_Pack/pan4e_l01_testing_program_test_e.rtf,0,,Tests and Exams,,Testing Program: Lesson 1 - Editable Test E,0,1,sample description
Activity_Pack/pan4e_l01_testing_program_test_f.rtf,0,,Tests and Exams,,Testing Program: Lesson 1 - Editable Test F,0,1,sample description
Activity_Pack/pan4e_l02_testing_program_test_a.rtf,1,,Tests and Exams,,Testing Program: Lesson 2 - Editable Test A,0,1,sample description
Activity_Pack/pan4e_l02_testing_program_test_b.rtf,1,,Tests and Exams,,Testing Program: Lesson 2 - Editable Test B,0,1,sample description
Activity_Pack/pan4e_l02_testing_program_test_c.rtf,1,,Tests and Exams,,Testing Program: Lesson 2 - Editable Test C,0,1,sample description
Activity_Pack/pan4e_l02_testing_program_test_d.rtf,1,,Tests and Exams,,Testing Program: Lesson 2 - Editable Test D,0,1,sample description
Activity_Pack/pan4e_l02_testing_program_test_e.rtf,1,,Tests and Exams,,Testing Program: Lesson 2 - Editable Test E,0,1,sample description
Activity_Pack/pan4e_l02_testing_program_test_f.rtf,1,,Tests and Exams,,Testing Program: Lesson 2 - Editable Test F,0,1,sample description
Activity_Pack/pan4e_l03_testing_program_test_a.rtf,2,,Tests and Exams,,Testing Program: Lesson 3 - Editable Test A,0,1,sample description
Activity_Pack/pan4e_l03_testing_program_test_b.rtf,2,,Tests and Exams,,Testing Program: Lesson 3 - Editable Test B,0,1,sample description
Activity_Pack/pan4e_l03_testing_program_test_c.rtf,2,,Tests and Exams,,Testing Program: Lesson 3 - Editable Test C,0,1,sample description
Activity_Pack/pan4e_l03_testing_program_test_d.rtf,2,,Tests and Exams,,Testing Program: Lesson 3 - Editable Test D,0,1,sample description
Activity_Pack/pan4e_l03_testing_program_test_e.rtf,2,,Tests and Exams,,Testing Program: Lesson 3 - Editable Test E,0,1,sample description
Activity_Pack/pan4e_l03_testing_program_test_f.rtf,2,,Tests and Exams,,Testing Program: Lesson 3 - Editable Test F,0,1,sample description
Activity_Pack/pan4e_l04_testing_program_test_a.rtf,3,,Tests and Exams,,Testing Program: Lesson 4 - Editable Test A,0,1,sample description
Activity_Pack/pan4e_l04_testing_program_test_b.rtf,3,,Tests and Exams,,Testing Program: Lesson 4 - Editable Test B,0,1,sample description
Activity_Pack/pan4e_l04_testing_program_test_c.rtf,3,,Tests and Exams,,Testing Program: Lesson 4 - Editable Test C,0,1,sample description
Activity_Pack/pan4e_l04_testing_program_test_d.rtf,3,,Tests and Exams,,Testing Program: Lesson 4 - Editable Test D,0,1,sample description
Activity_Pack/pan4e_l04_testing_program_test_e.rtf,3,,Tests and Exams,,Testing Program: Lesson 4 - Editable Test E,0,1,sample description
Activity_Pack/pan4e_l04_testing_program_test_f.rtf,3,,Tests and Exams,,Testing Program: Lesson 4 - Editable Test F,0,1,sample description
Activity_Pack/pan4e_l05_testing_program_test_a.rtf,4,,Tests and Exams,,Testing Program: Lesson 5 - Editable Test A,0,1,sample description
Activity_Pack/pan4e_l05_testing_program_test_b.rtf,4,,Tests and Exams,,Testing Program: Lesson 5 - Editable Test B,0,1,sample description
Activity_Pack/pan4e_l05_testing_program_test_c.rtf,4,,Tests and Exams,,Testing Program: Lesson 5 - Editable Test C,0,1,sample description
Activity_Pack/pan4e_l05_testing_program_test_d.rtf,4,,Tests and Exams,,Testing Program: Lesson 5 - Editable Test D,0,1,sample description
Activity_Pack/pan4e_l05_testing_program_test_e.rtf,4,,Tests and Exams,,Testing Program: Lesson 5 - Editable Test E,0,1,sample description
Activity_Pack/pan4e_l05_testing_program_test_f.rtf,4,,Tests and Exams,,Testing Program: Lesson 5 - Editable Test F,0,1,sample description
Activity_Pack/pan4e_l06_testing_program_test_a.rtf,5,,Tests and Exams,,Testing Program: Lesson 6 - Editable Test A,0,1,sample description
Activity_Pack/pan4e_l06_testing_program_test_b.rtf,5,,Tests and Exams,,Testing Program: Lesson 6 - Editable Test B,0,1,sample description
Activity_Pack/pan4e_l06_testing_program_test_c.rtf,5,,Tests and Exams,,Testing Program: Lesson 6 - Editable Test C,0,1,sample description
Activity_Pack/pan4e_l06_testing_program_test_d.rtf,5,,Tests and Exams,,Testing Program: Lesson 6 - Editable Test D,0,1,sample description
Activity_Pack/pan4e_l06_testing_program_test_e.rtf,5,,Tests and Exams,,Testing Program: Lesson 6 - Editable Test E,0,1,sample description
Activity_Pack/pan4e_l06_testing_program_test_f.rtf,5,,Tests and Exams,,Testing Program: Lesson 6 - Editable Test F,0,1,sample description
Activity_Pack/pan4e_l07_testing_program_test_a.rtf,6,,Tests and Exams,,Testing Program: Lesson 7 - Editable Test A,0,1,sample description
Activity_Pack/pan4e_l07_testing_program_test_b.rtf,6,,Tests and Exams,,Testing Program: Lesson 7 - Editable Test B,0,1,sample description
Activity_Pack/pan4e_l07_testing_program_test_c.rtf,6,,Tests and Exams,,Testing Program: Lesson 7 - Editable Test C,0,1,sample description
Activity_Pack/pan4e_l07_testing_program_test_d.rtf,6,,Tests and Exams,,Testing Program: Lesson 7 - Editable Test D,0,1,sample description
Activity_Pack/pan4e_l07_testing_program_test_e.rtf,6,,Tests and Exams,,Testing Program: Lesson 7 - Editable Test E,0,1,sample description
Activity_Pack/pan4e_l07_testing_program_test_f.rtf,6,,Tests and Exams,,Testing Program: Lesson 7 - Editable Test F,0,1,sample description
Activity_Pack/pan4e_l08_testing_program_test_a.rtf,7,,Tests and Exams,,Testing Program: Lesson 8 - Editable Test A,0,1,sample description
Activity_Pack/pan4e_l08_testing_program_test_b.rtf,7,,Tests and Exams,,Testing Program: Lesson 8 - Editable Test B,0,1,sample description
Activity_Pack/pan4e_l08_testing_program_test_c.rtf,7,,Tests and Exams,,Testing Program: Lesson 8 - Editable Test C,0,1,sample description
Activity_Pack/pan4e_l08_testing_program_test_d.rtf,7,,Tests and Exams,,Testing Program: Lesson 8 - Editable Test D,0,1,sample description
Activity_Pack/pan4e_l08_testing_program_test_e.rtf,7,,Tests and Exams,,Testing Program: Lesson 8 - Editable Test E,0,1,sample description
Activity_Pack/pan4e_l08_testing_program_test_f.rtf,7,,Tests and Exams,,Testing Program: Lesson 8 - Editable Test F,0,1,sample description
Activity_Pack/pan4e_l09_testing_program_test_a.rtf,8,,Tests and Exams,,Testing Program: Lesson 9 - Editable Test A,0,1,sample description
Activity_Pack/pan4e_l09_testing_program_test_b.rtf,8,,Tests and Exams,,Testing Program: Lesson 9 - Editable Test B,0,1,sample description
Activity_Pack/pan4e_l09_testing_program_test_c.rtf,8,,Tests and Exams,,Testing Program: Lesson 9 - Editable Test C,0,1,sample description
Activity_Pack/pan4e_l09_testing_program_test_d.rtf,8,,Tests and Exams,,Testing Program: Lesson 9 - Editable Test D,0,1,sample description
Activity_Pack/pan4e_l09_testing_program_test_e.rtf,8,,Tests and Exams,,Testing Program: Lesson 9 - Editable Test E,0,1,sample description
Activity_Pack/pan4e_l09_testing_program_test_f.rtf,8,,Tests and Exams,,Testing Program: Lesson 9 - Editable Test F,0,1,sample description
Activity_Pack/pan4e_l10_testing_program_test_a.rtf,9,,Tests and Exams,,Testing Program: Lesson 10 - Editable Test A,0,1,sample description
Activity_Pack/pan4e_l10_testing_program_test_b.rtf,9,,Tests and Exams,,Testing Program: Lesson 10 - Editable Test B,0,1,sample description
Activity_Pack/pan4e_l10_testing_program_test_c.rtf,9,,Tests and Exams,,Testing Program: Lesson 10 - Editable Test C,0,1,sample description
Activity_Pack/pan4e_l10_testing_program_test_d.rtf,9,,Tests and Exams,,Testing Program: Lesson 10 - Editable Test D,0,1,sample description
Activity_Pack/pan4e_l10_testing_program_test_e.rtf,9,,Tests and Exams,,Testing Program: Lesson 10 - Editable Test E,0,1,sample description
Activity_Pack/pan4e_l10_testing_program_test_f.rtf,9,,Tests and Exams,,Testing Program: Lesson 10 - Editable Test F,0,1,sample description
Activity_Pack/pan4e_l11_testing_program_test_a.rtf,10,,Tests and Exams,,Testing Program: Lesson 11 - Editable Test A,0,1,sample description
Activity_Pack/pan4e_l11_testing_program_test_b.rtf,10,,Tests and Exams,,Testing Program: Lesson 11 - Editable Test B,0,1,sample description
Activity_Pack/pan4e_l11_testing_program_test_c.rtf,10,,Tests and Exams,,Testing Program: Lesson 11 - Editable Test C,0,1,sample description
Activity_Pack/pan4e_l11_testing_program_test_d.rtf,10,,Tests and Exams,,Testing Program: Lesson 11 - Editable Test D,0,1,sample description
Activity_Pack/pan4e_l11_testing_program_test_e.rtf,10,,Tests and Exams,,Testing Program: Lesson 11 - Editable Test E,0,1,sample description
Activity_Pack/pan4e_l11_testing_program_test_f.rtf,10,,Tests and Exams,,Testing Program: Lesson 11 - Editable Test F,0,1,sample description
Activity_Pack/pan4e_l12_testing_program_test_a.rtf,11,,Tests and Exams,,Testing Program: Lesson 12 - Editable Test A,0,1,sample description
Activity_Pack/pan4e_l12_testing_program_test_b.rtf,11,,Tests and Exams,,Testing Program: Lesson 12 - Editable Test B,0,1,sample description
Activity_Pack/pan4e_l12_testing_program_test_c.rtf,11,,Tests and Exams,,Testing Program: Lesson 12 - Editable Test C,0,1,sample description
Activity_Pack/pan4e_l12_testing_program_test_d.rtf,11,,Tests and Exams,,Testing Program: Lesson 12 - Editable Test D,0,1,sample description
Activity_Pack/pan4e_l12_testing_program_test_e.rtf,11,,Tests and Exams,,Testing Program: Lesson 12 - Editable Test E,0,1,sample description
Activity_Pack/pan4e_l12_testing_program_test_f.rtf,11,,Tests and Exams,,Testing Program: Lesson 12 - Editable Test F,0,1,sample description
Activity_Pack/pan4e_l13_testing_program_test_a.rtf,12,,Tests and Exams,,Testing Program: Lesson 13 - Editable Test A,0,1,sample description
Activity_Pack/pan4e_l13_testing_program_test_b.rtf,12,,Tests and Exams,,Testing Program: Lesson 13 - Editable Test B,0,1,sample description
Activity_Pack/pan4e_l13_testing_program_test_c.rtf,12,,Tests and Exams,,Testing Program: Lesson 13 - Editable Test C,0,1,sample description
Activity_Pack/pan4e_l13_testing_program_test_d.rtf,12,,Tests and Exams,,Testing Program: Lesson 13 - Editable Test D,0,1,sample description
Activity_Pack/pan4e_l13_testing_program_test_e.rtf,12,,Tests and Exams,,Testing Program: Lesson 13 - Editable Test E,0,1,sample description
Activity_Pack/pan4e_l13_testing_program_test_f.rtf,12,,Tests and Exams,,Testing Program: Lesson 13 - Editable Test F,0,1,sample description
Activity_Pack/pan4e_l14_testing_program_test_a.rtf,13,,Tests and Exams,,Testing Program: Lesson 14 - Editable Test A,0,1,sample description
Activity_Pack/pan4e_l14_testing_program_test_b.rtf,13,,Tests and Exams,,Testing Program: Lesson 14 - Editable Test B,0,1,sample description
Activity_Pack/pan4e_l14_testing_program_test_c.rtf,13,,Tests and Exams,,Testing Program: Lesson 14 - Editable Test C,0,1,sample description
Activity_Pack/pan4e_l14_testing_program_test_d.rtf,13,,Tests and Exams,,Testing Program: Lesson 14 - Editable Test D,0,1,sample description
Activity_Pack/pan4e_l14_testing_program_test_e.rtf,13,,Tests and Exams,,Testing Program: Lesson 14 - Editable Test E,0,1,sample description
Activity_Pack/pan4e_l14_testing_program_test_f.rtf,13,,Tests and Exams,,Testing Program: Lesson 14 - Editable Test F,0,1,sample description
Activity_Pack/pan4e_l15_testing_program_test_a.rtf,14,,Tests and Exams,,Testing Program: Lesson 15 - Editable Test A,0,1,sample description
Activity_Pack/pan4e_l15_testing_program_test_b.rtf,14,,Tests and Exams,,Testing Program: Lesson 15 - Editable Test B,0,1,sample description
Activity_Pack/pan4e_l15_testing_program_test_c.rtf,14,,Tests and Exams,,Testing Program: Lesson 15 - Editable Test C,0,1,sample description
Activity_Pack/pan4e_l15_testing_program_test_d.rtf,14,,Tests and Exams,,Testing Program: Lesson 15 - Editable Test D,0,1,sample description
Activity_Pack/pan4e_l15_testing_program_test_e.rtf,14,,Tests and Exams,,Testing Program: Lesson 15 - Editable Test E,0,1,sample description
Activity_Pack/pan4e_l15_testing_program_test_f.rtf,14,,Tests and Exams,,Testing Program: Lesson 15 - Editable Test F,0,1,sample description
Activity_Pack/pan4e_ta_l01_01_contextos_act1.mp3,0,,Textbook Audio Program,,Textbook Audio Program MP3: Lesson 1 - <i>Contextos</i> - Activity 1,1,0,sample description
Activity_Pack/pan4e_ta_l01_02_contextos_act2.mp3,0,,Textbook Audio Program,,Textbook Audio Program MP3: Lesson 1 - <i>Contextos</i> - Activity 2,1,0,sample description
Activity_Pack/pan4e_ta_l01_03_pronunciacion_act1.mp3,0,,Textbook Audio Program,,Textbook Audio Program MP3: Lesson 1 - <i>Pronunciaciói> - Activity 1,1,0,sample description
Activity_Pack/pan4e_ta_l01_04_pronunciacion_act2.mp3,0,,Textbook Audio Program,,Textbook Audio Program MP3: Lesson 1 - <i>Pronunciaciói> - Activity 2,1,0,sample description
Activity_Pack/pan4e_ta_l01_05_pronunciacion_act3.mp3,0,,Textbook Audio Program,,Textbook Audio Program MP3: Lesson 1 - <i>Pronunciaciói> - Activity 3,1,0,sample description
Activity_Pack/pan4e_ta_l01_06_vocab_saludos.mp3,0,,Textbook Audio Program,,Textbook Audio Program MP3: Lesson 1 - <i>Vocabulario</i> -  <i>Saludos</i>,1,0,sample description
Activity_Pack/pan4e_ta_l01_07_vocab_despedidas.mp3,0,,Textbook Audio Program,,Textbook Audio Program MP3: Lesson 1 - <i>Vocabulario</i> - <i>Despedidas</i>,1,0,sample description
Activity_Pack/pan4e_ta_l01_08_vocab_como-esta.mp3,0,,Textbook Audio Program,,Textbook Audio Program MP3: Lesson 1 - <i>Vocabulario</i> - <i>¿Cóestá/i>,1,0,sample description
Activity_Pack/pan4e_ta_l01_09_vocab_expresiones-cortesia.mp3,0,,Textbook Audio Program,,Textbook Audio Program MP3: Lesson 1 - <i>Vocabulario</i> - <i>Expresiones de cortesí/i>,1,0,sample description
Activity_Pack/pan4e_ta_l01_10_vocab_titulos.mp3,0,,Textbook Audio Program,,Textbook Audio Program MP3: Lesson 1 - <i>Vocabulario</i> - <i>Tílos</i>,1,0,sample description
Activity_Pack/pan4e_ta_l01_11_vocab_presentaciones.mp3,0,,Textbook Audio Program,,Textbook Audio Program MP3: Lesson 1 - <i>Vocabulario</i> - <i>Presentaciones</i>,1,0,sample description
Activity_Pack/pan4e_ta_l01_12_vocab_de-donde-es.mp3,0,,Textbook Audio Program,,Textbook Audio Program MP3: Lesson 1 - <i>Vocabulario</i> - <i>¿De dó es?</i>,1,0,sample description
Activity_Pack/pan4e_ta_l01_13_vocab_palabras-adicionales.mp3,0,,Textbook Audio Program,,Textbook Audio Program MP3: Lesson 1 - <i>Vocabulario</i> - <i>Palabras adicionales </i>,1,0,sample description
Activity_Pack/pan4e_ta_l01_14_vocab_paises.mp3,0,,Textbook Audio Program,,Textbook Audio Program MP3: Lesson 1 - <i>Vocabulario</i> - <i>País</i>,1,0,sample description
Activity_Pack/pan4e_ta_l01_15_vocab_verbo-ser.mp3,0,,Textbook Audio Program,,Textbook Audio Program MP3: Lesson 1 - <i>Vocabulario</i> - <i>Verbo ser</i>,1,0,sample description
Activity_Pack/pan4e_ta_l01_16_vocab_sustantivos.mp3,0,,Textbook Audio Program,,Textbook Audio Program MP3: Lesson 1 - <i>Vocabulario</i> - <i>Sustantivos </i>,1,0,sample description
Activity_Pack/pan4e_ta_l01_17_vocab_numeros-0-30.mp3,0,,Textbook Audio Program,,Textbook Audio Program MP3: Lesson 1 - <i>Vocabulario</i> - <i>Nús 0-30</i>,1,0,sample description
Activity_Pack/pan4e_ta_l01_18_vocab_a-que-hora.mp3,0,,Textbook Audio Program,,Textbook Audio Program MP3: Lesson 1 - <i>Vocabulario</i> - <i> ¿A quéora?</i>,1,0,sample description
Activity_Pack/pan4e_ta_l02_01_contextos_act1.mp3,1,,Textbook Audio Program,,Textbook Audio Program MP3: Lesson 2 - <i>Contextos</i> - Activity 1,1,0,sample description
Activity_Pack/pan4e_ta_l02_02_contextos_act2.mp3,1,,Textbook Audio Program,,Textbook Audio Program MP3: Lesson 2 - <i>Contextos</i> - Activity 2,1,0,sample description
Activity_Pack/pan4e_ta_l02_03_pronunciacion_act1.mp3,1,,Textbook Audio Program,,Textbook Audio Program MP3: Lesson 2 - <i>Pronunciaciói> - Activity 1,1,0,sample description
Activity_Pack/pan4e_ta_l02_04_pronunciacion_act2.mp3,1,,Textbook Audio Program,,Textbook Audio Program MP3: Lesson 2 - <i>Pronunciaciói> - Activity 2,1,0,sample description
Activity_Pack/pan4e_ta_l02_05_pronunciacion_act3.mp3,1,,Textbook Audio Program,,Textbook Audio Program MP3: Lesson 2 - <i>Pronunciaciói> - Activity 3,1,0,sample description
Activity_Pack/pan4e_ta_l02_06_vocab_clase-universidad.mp3,1,,Textbook Audio Program,,Textbook Audio Program MP3: Lesson 2 - <i>Vocabulario</i> - <i>La clase y la universidad</i>,1,0,sample description
Activity_Pack/pan4e_ta_l02_07_vocab_materias.mp3,1,,Textbook Audio Program,,Textbook Audio Program MP3: Lesson 2 - <i>Vocabulario</i> - <i>Las materias</i>,1,0,sample description
Activity_Pack/pan4e_ta_l02_08_vocab_preposiciones.mp3,1,,Textbook Audio Program,,Textbook Audio Program MP3: Lesson 2 - <i>Vocabulario</i> - <i>Preposiciones</i>,1,0,sample description
Activity_Pack/pan4e_ta_l02_09_vocab_palabras-adicionales.mp3,1,,Textbook Audio Program,,Textbook Audio Program MP3: Lesson 2 - <i>Vocabulario</i> - <i>Palabras adicionales</i>,1,0,sample description
Activity_Pack/pan4e_ta_l02_10_vocab_verbos.mp3,1,,Textbook Audio Program,,Textbook Audio Program MP3: Lesson 2 - <i>Vocabulario</i> - <i>Verbos</i>,1,0,sample description
Activity_Pack/pan4e_ta_l02_11_vocab_dias-semana.mp3,1,,Textbook Audio Program,,Textbook Audio Program MP3: Lesson 2 - <i>Vocabulario</i> - <i>Los dí de la semana</i>,1,0,sample description
Activity_Pack/pan4e_ta_l02_12_vocab_numbers-31-higher.mp3,1,,Textbook Audio Program,,Textbook Audio Program MP3: Lesson 2 - <i>Vocabulario</i> - Numbers 31 and higher,1,0,sample description
Activity_Pack/pan4e_ta_l03_01_contextos_act1.mp3,2,,Textbook Audio Program,,Textbook Audio Program MP3: Lesson 3 - <i>Contextos</i> - Activity 1,1,0,sample description
Activity_Pack/pan4e_ta_l03_02_contextos_act2.mp3,2,,Textbook Audio Program,,Textbook Audio Program MP3: Lesson 3 - <i>Contextos</i> - Activity 2,1,0,sample description
Activity_Pack/pan4e_ta_l03_03_pronunciacion_act1.mp3,2,,Textbook Audio Program,,Textbook Audio Program MP3: Lesson 3 - <i>Pronunciaciói> - Activity 1,1,0,sample description
Activity_Pack/pan4e_ta_l03_04_pronunciacion_act2.mp3,2,,Textbook Audio Program,,Textbook Audio Program MP3: Lesson 3 - <i>Pronunciaciói> - Activity 2,1,0,sample description
Activity_Pack/pan4e_ta_l03_05_pronunciacion_act3.mp3,2,,Textbook Audio Program,,Textbook Audio Program MP3: Lesson 3 - <i>Pronunciaciói> - Activity 3,1,0,sample description
Activity_Pack/pan4e_ta_l03_06_escuchar_estr.mp3,2,,Textbook Audio Program,,Textbook Audio Program MP3: Lesson 3 - <i>Escuchar</i> -  <i>Estrategia</i>,1,0,sample description
Activity_Pack/pan4e_ta_l03_07_escuchar_ahora.mp3,2,,Textbook Audio Program,,Textbook Audio Program MP3: Lesson 3 - <i>Escuchar</i> -  <i>Ahora escucha</i>,1,0,sample description
Activity_Pack/pan4e_ta_l03_08_vocab_familia.mp3,2,,Textbook Audio Program,,Textbook Audio Program MP3: Lesson 3 - <i>Vocabulario</i> - <i>La familia</i>,1,0,sample description
Activity_Pack/pan4e_ta_l03_09_vocab_otras-personas.mp3,2,,Textbook Audio Program,,Textbook Audio Program MP3: Lesson 3 - <i>Vocabulario</i> - <i>Otras personas </i>,1,0,sample description
Activity_Pack/pan4e_ta_l03_10_vocab_profesiones.mp3,2,,Textbook Audio Program,,Textbook Audio Program MP3: Lesson 3 - <i>Vocabulario</i> - <i>Profesiones</i>,1,0,sample description
Activity_Pack/pan4e_ta_l03_11_vocab_adjetivos.mp3,2,,Textbook Audio Program,,Textbook Audio Program MP3: Lesson 3 - <i>Vocabulario</i> - <i>Adjetivos</i>,1,0,sample description
Activity_Pack/pan4e_ta_l03_12_vocab_nacionalidades.mp3,2,,Textbook Audio Program,,Textbook Audio Program MP3: Lesson 3 - <i>Vocabulario</i> - <i>Nacionalidades</i>,1,0,sample description
Activity_Pack/pan4e_ta_l03_13_vocab_verbos.mp3,2,,Textbook Audio Program,,Textbook Audio Program MP3: Lesson 3 - <i>Vocabulario</i> - <i>Verbos</i>,1,0,sample description
Activity_Pack/pan4e_ta_l03_14_vocab_expresiones-con-tener.mp3,2,,Textbook Audio Program,,Textbook Audio Program MP3: Lesson 3 - <i>Vocabulario</i> - <i>Expresiones con tener</i>,1,0,sample description
Activity_Pack/pan4e_ta_l04_01_contextos_act1.mp3,3,,Textbook Audio Program,,Textbook Audio Program MP3: Lesson 4 - <i>Contextos</i> - Activity 1,1,0,sample description
Activity_Pack/pan4e_ta_l04_02_contextos_act2.mp3,3,,Textbook Audio Program,,Textbook Audio Program MP3: Lesson 4 - <i>Contextos</i> - Activity 2,1,0,sample description
Activity_Pack/pan4e_ta_l04_03_pronunciacion_act1.mp3,3,,Textbook Audio Program,,Textbook Audio Program MP3: Lesson 4 - <i>Pronunciaciói> - Activity 1,1,0,sample description
Activity_Pack/pan4e_ta_l04_04_pronunciacion_act2.mp3,3,,Textbook Audio Program,,Textbook Audio Program MP3: Lesson 4 - <i>Pronunciaciói> - Activity 2,1,0,sample description
Activity_Pack/pan4e_ta_l04_05_pronunciacion_act3.mp3,3,,Textbook Audio Program,,Textbook Audio Program MP3: Lesson 4 - <i>Pronunciaciói> - Activity 3,1,0,sample description
Activity_Pack/pan4e_ta_l04_06_vocab_pasatiempos.mp3,3,,Textbook Audio Program,,Textbook Audio Program MP3: Lesson 4 - <i>Vocabulario</i> - <i>Pasatiempos</i>,1,0,sample description
Activity_Pack/pan4e_ta_l04_07_vocab_deportes.mp3,3,,Textbook Audio Program,,Textbook Audio Program MP3: Lesson 4 - <i>Vocabulario</i> - <i>Deportes</i>,1,0,sample description
Activity_Pack/pan4e_ta_l04_08_vocab_adjetivos.mp3,3,,Textbook Audio Program,,Textbook Audio Program MP3: Lesson 4 - <i>Vocabulario</i> - <i>Adjetivos</i>,1,0,sample description
Activity_Pack/pan4e_ta_l04_09_vocab_lugares.mp3,3,,Textbook Audio Program,,Textbook Audio Program MP3: Lesson 4 - <i>Vocabulario</i> - <i>Lugares</i>,1,0,sample description
Activity_Pack/pan4e_ta_l04_10_vocab_verbos.mp3,3,,Textbook Audio Program,,Textbook Audio Program MP3: Lesson 4 - <i>Vocabulario</i> - <i>Verbos</i>,1,0,sample description
Activity_Pack/pan4e_ta_l05_01_contextos_act1.mp3,4,,Textbook Audio Program,,Textbook Audio Program MP3: Lesson 5 - <i>Contextos</i> - Activity 1,1,0,sample description
Activity_Pack/pan4e_ta_l05_02_contextos_act2.mp3,4,,Textbook Audio Program,,Textbook Audio Program MP3: Lesson 5 - <i>Contextos</i> - Activity 2,1,0,sample description
Activity_Pack/pan4e_ta_l05_03_pronunciacion_act1.mp3,4,,Textbook Audio Program,,Textbook Audio Program MP3: Lesson 5 - <i>Pronunciaciói> - Activity 1,1,0,sample description
Activity_Pack/pan4e_ta_l05_04_pronunciacion_act2.mp3,4,,Textbook Audio Program,,Textbook Audio Program MP3: Lesson 5 - <i>Pronunciaciói> - Activity 2,1,0,sample description
Activity_Pack/pan4e_ta_l05_05_pronunciacion_act3.mp3,4,,Textbook Audio Program,,Textbook Audio Program MP3: Lesson 5 - <i>Pronunciaciói> - Activity 3,1,0,sample description
Activity_Pack/pan4e_ta_l05_06_vocab_viajes-vacaciones.mp3,4,,Textbook Audio Program,,Textbook Audio Program MP3: Lesson 5 - <i>Vocabulario</i> - <i>Los viajes y las vacaciones</i>,1,0,sample description
Activity_Pack/pan4e_ta_l05_07_vocab_hotel.mp3,4,,Textbook Audio Program,,Textbook Audio Program MP3: Lesson 5 - <i>Vocabulario</i> - <i>El hotel</i>,1,0,sample description
Activity_Pack/pan4e_ta_l05_08_vocab_adjetivos.mp3,4,,Textbook Audio Program,,Textbook Audio Program MP3: Lesson 5 - <i>Vocabulario</i> - <i>Adjetivos</i>,1,0,sample description
Activity_Pack/pan4e_ta_l05_09_vocab_numeros-ordinales.mp3,4,,Textbook Audio Program,,Textbook Audio Program MP3: Lesson 5 - <i>Vocabulario</i> - <i>Los nús ordinales</i>,1,0,sample description
Activity_Pack/pan4e_ta_l05_10_vocab_palabras-adicionales.mp3,4,,Textbook Audio Program,,Textbook Audio Program MP3: Lesson 5 - <i>Vocabulario</i> - <i>Palabras adicionales</i>,1,0,sample description
Activity_Pack/pan4e_ta_l05_11_vocab_estaciones-meses.mp3,4,,Textbook Audio Program,,Textbook Audio Program MP3: Lesson 5 - <i>Vocabulario</i> - <i> Estaciones y meses</i>,1,0,sample description
Activity_Pack/pan4e_ta_l05_12_vocab_que-tiempo-hace.mp3,4,,Textbook Audio Program,,Textbook Audio Program MP3: Lesson 5 - <i>Vocabulario</i> - <i>¿Quéiempo hace? </i>,1,0,sample description
Activity_Pack/pan4e_ta_l06_01_contextos_act1.mp3,5,,Textbook Audio Program,,Textbook Audio Program MP3: Lesson 6 - <i>Contextos</i> - Activity 1,1,0,sample description
Activity_Pack/pan4e_ta_l06_02_contextos_act2.mp3,5,,Textbook Audio Program,,Textbook Audio Program MP3: Lesson 6 - <i>Contextos</i> - Activity 2,1,0,sample description
Activity_Pack/pan4e_ta_l06_03_pronunciacion_act1.mp3,5,,Textbook Audio Program,,Textbook Audio Program MP3: Lesson 6 - <i>Pronunciaciói> - Activity 1,1,0,sample description
Activity_Pack/pan4e_ta_l06_04_pronunciacion_act2.mp3,5,,Textbook Audio Program,,Textbook Audio Program MP3: Lesson 6 - <i>Pronunciaciói> - Activity 2,1,0,sample description
Activity_Pack/pan4e_ta_l06_05_pronunciacion_act3.mp3,5,,Textbook Audio Program,,Textbook Audio Program MP3: Lesson 6 - <i>Pronunciaciói> - Activity 3,1,0,sample description
Activity_Pack/pan4e_ta_l06_06_escuchar_estr.mp3,5,,Textbook Audio Program,,Textbook Audio Program MP3: Lesson 6 - <i>Escuchar</i> -  <i>Estrategia</i>,1,0,sample description
Activity_Pack/pan4e_ta_l06_07_escuchar_ahora.mp3,5,,Textbook Audio Program,,Textbook Audio Program MP3: Lesson 6 - <i>Escuchar</i> -  <i>Ahora escucha</i>,1,0,sample description
Activity_Pack/pan4e_ta_l06_08_vocab_ropa.mp3,5,,Textbook Audio Program,,Textbook Audio Program MP3: Lesson 6 - <i>Vocabulario</i> - <i>La ropa</i>,1,0,sample description
Activity_Pack/pan4e_ta_l06_09_vocab_verbos.mp3,5,,Textbook Audio Program,,Textbook Audio Program MP3: Lesson 6 - <i>Vocabulario</i> - <i>Verbos</i>,1,0,sample description
Activity_Pack/pan4e_ta_l06_10_vocab_ir-de-compras.mp3,5,,Textbook Audio Program,,Textbook Audio Program MP3: Lesson 6 - <i>Vocabulario</i> - <i> Ir de compras</i>,1,0,sample description
Activity_Pack/pan4e_ta_l06_11_vocab_adjetivos.mp3,5,,Textbook Audio Program,,Textbook Audio Program MP3: Lesson 6 - <i>Vocabulario</i> - <i>Adjetivos</i>,1,0,sample description
Activity_Pack/pan4e_ta_l06_12_vocab_colores.mp3,5,,Textbook Audio Program,,Textbook Audio Program MP3: Lesson 6 - <i>Vocabulario</i> - <i>Los colores</i>,1,0,sample description
Activity_Pack/pan4e_ta_l06_13_vocab_palabras-adicionales.mp3,5,,Textbook Audio Program,,Textbook Audio Program MP3: Lesson 6 - <i>Vocabulario</i> - <i>Palabras adicionales</i>,1,0,sample description
Activity_Pack/pan4e_ta_l07_01_contextos_act1.mp3,6,,Textbook Audio Program,,Textbook Audio Program MP3: Lesson 7 - <i>Contextos</i> - Activity 1,1,0,sample description
Activity_Pack/pan4e_ta_l07_02_contextos_act2.mp3,6,,Textbook Audio Program,,Textbook Audio Program MP3: Lesson 7 - <i>Contextos</i> - Activity 2,1,0,sample description
Activity_Pack/pan4e_ta_l07_03_pronunciacion_act1.mp3,6,,Textbook Audio Program,,Textbook Audio Program MP3: Lesson 7 - <i>Pronunciaciói> - Activity 1,1,0,sample description
Activity_Pack/pan4e_ta_l07_04_pronunciacion_act2.mp3,6,,Textbook Audio Program,,Textbook Audio Program MP3: Lesson 7 - <i>Pronunciaciói> - Activity 2,1,0,sample description
Activity_Pack/pan4e_ta_l07_05_pronunciacion_act3.mp3,6,,Textbook Audio Program,,Textbook Audio Program MP3: Lesson 7 - <i>Pronunciaciói> - Activity 3,1,0,sample description
Activity_Pack/pan4e_ta_l07_06_vocab_verbos-reflexivos.mp3,6,,Textbook Audio Program,,Textbook Audio Program MP3: Lesson 7 - <i>Vocabulario</i> - <i>Los verbos reflexivos</i>,1,0,sample description
Activity_Pack/pan4e_ta_l07_07_vocab_secuencia.mp3,6,,Textbook Audio Program,,Textbook Audio Program MP3: Lesson 7 - <i>Vocabulario</i> - <i>Palabras de secuencia</i>,1,0,sample description
Activity_Pack/pan4e_ta_l07_08_vocab_afirmativas-negativas.mp3,6,,Textbook Audio Program,,Textbook Audio Program MP3: Lesson 7 - <i>Vocabulario</i> - <i>Palabras afirmativas y negativas</i>,1,0,sample description
Activity_Pack/pan4e_ta_l07_09_vocab_bano.mp3,6,,Textbook Audio Program,,Textbook Audio Program MP3: Lesson 7 - <i>Vocabulario</i> - <i>En el bañi>,1,0,sample description
Activity_Pack/pan4e_ta_l07_10_vocab_verbos-gustar.mp3,6,,Textbook Audio Program,,Textbook Audio Program MP3: Lesson 7 - <i>Vocabulario</i> - <i>Verbos similares a gustar</i>,1,0,sample description
Activity_Pack/pan4e_ta_l07_11_vocab_palabras-adicionales.mp3,6,,Textbook Audio Program,,Textbook Audio Program MP3: Lesson 7 - <i>Vocabulario</i> - <i>Palabras adicionales</i>,1,0,sample description
Activity_Pack/pan4e_ta_l08_01_contextos_act1.mp3,7,,Textbook Audio Program,,Textbook Audio Program MP3: Lesson 8 - <i>Contextos</i> - Activity 1,1,0,sample description
Activity_Pack/pan4e_ta_l08_02_contextos_act2.mp3,7,,Textbook Audio Program,,Textbook Audio Program MP3: Lesson 8 - <i>Contextos</i> - Activity 2,1,0,sample description
Activity_Pack/pan4e_ta_l08_03_pronunciacion_act1.mp3,7,,Textbook Audio Program,,Textbook Audio Program MP3: Lesson 8 - <i>Pronunciaciói> - Activity 1,1,0,sample description
Activity_Pack/pan4e_ta_l08_04_pronunciacion_act2.mp3,7,,Textbook Audio Program,,Textbook Audio Program MP3: Lesson 8 - <i>Pronunciaciói> - Activity 2,1,0,sample description
Activity_Pack/pan4e_ta_l08_05_pronunciacion_act3.mp3,7,,Textbook Audio Program,,Textbook Audio Program MP3: Lesson 8 - <i>Pronunciaciói> - Activity 3,1,0,sample description
Activity_Pack/pan4e_ta_l08_06_vocab_comidas.mp3,7,,Textbook Audio Program,,Textbook Audio Program MP3: Lesson 8 - <i>Vocabulario</i> - <i>Las comidas</i>,1,0,sample description
Activity_Pack/pan4e_ta_l08_07_vocab_frutas.mp3,7,,Textbook Audio Program,,Textbook Audio Program MP3: Lesson 8 - <i>Vocabulario</i> - <i>Las frutas</i>,1,0,sample description
Activity_Pack/pan4e_ta_l08_08_vocab_verduras.mp3,7,,Textbook Audio Program,,Textbook Audio Program MP3: Lesson 8 - <i>Vocabulario</i> - <i>Las verduras</i>,1,0,sample description
Activity_Pack/pan4e_ta_l08_09_vocab_carne-pescado.mp3,7,,Textbook Audio Program,,Textbook Audio Program MP3: Lesson 8 - <i>Vocabulario</i> - <i>La carne y el pescado</i>,1,0,sample description
Activity_Pack/pan4e_ta_l08_10_vocab_otras-comidas.mp3,7,,Textbook Audio Program,,Textbook Audio Program MP3: Lesson 8 - <i>Vocabulario</i> - <i>Otras comidas</i>,1,0,sample description
Activity_Pack/pan4e_ta_l08_11_vocab_bebidas.mp3,7,,Textbook Audio Program,,Textbook Audio Program MP3: Lesson 8 - <i>Vocabulario</i> - <i>Las bebidas</i>,1,0,sample description
Activity_Pack/pan4e_ta_l08_12_vocab_verbos.mp3,7,,Textbook Audio Program,,Textbook Audio Program MP3: Lesson 8 - <i>Vocabulario</i> - <i>Verbos</i>,1,0,sample description
Activity_Pack/pan4e_ta_l08_13_vocab_comparaciones.mp3,7,,Textbook Audio Program,,Textbook Audio Program MP3: Lesson 8 - <i>Vocabulario</i> - <i>Las comparaciones</i>,1,0,sample description
Activity_Pack/pan4e_ta_l09_01_contextos_act1.mp3,8,,Textbook Audio Program,,Textbook Audio Program MP3: Lesson 9 - <i>Contextos</i> - Activity 1,1,0,sample description
Activity_Pack/pan4e_ta_l09_02_contextos_act2.mp3,8,,Textbook Audio Program,,Textbook Audio Program MP3: Lesson 9 - <i>Contextos</i> - Activity 2,1,0,sample description
Activity_Pack/pan4e_ta_l09_03_pronunciacion_act1.mp3,8,,Textbook Audio Program,,Textbook Audio Program MP3: Lesson 9 - <i>Pronunciaciói> - Activity 1,1,0,sample description
Activity_Pack/pan4e_ta_l09_04_pronunciacion_act2.mp3,8,,Textbook Audio Program,,Textbook Audio Program MP3: Lesson 9 - <i>Pronunciaciói> - Activity 2,1,0,sample description
Activity_Pack/pan4e_ta_l09_05_pronunciacion_act3.mp3,8,,Textbook Audio Program,,Textbook Audio Program MP3: Lesson 9 - <i>Pronunciaciói> - Activity 3,1,0,sample description
Activity_Pack/pan4e_ta_l09_06_escuchar_estr.mp3,8,,Textbook Audio Program,,Textbook Audio Program MP3: Lesson 9 - <i>Escuchar</i> -  <i>Estrategia</i>,1,0,sample description
Activity_Pack/pan4e_ta_l09_07_escuchar_ahora.mp3,8,,Textbook Audio Program,,Textbook Audio Program MP3: Lesson 9 - <i>Escuchar</i> -  <i>Ahora escucha</i>,1,0,sample description
Activity_Pack/pan4e_ta_l09_08_vocab_celebraciones.mp3,8,,Textbook Audio Program,,Textbook Audio Program MP3: Lesson 9 - <i>Vocabulario</i> - <i>Las celebraciones</i>,1,0,sample description
Activity_Pack/pan4e_ta_l09_09_vocab_postres.mp3,8,,Textbook Audio Program,,Textbook Audio Program MP3: Lesson 9 - <i>Vocabulario</i> - <i>Los postres y otras comidas</i>,1,0,sample description
Activity_Pack/pan4e_ta_l09_10_vocab_relaciones-personales.mp3,8,,Textbook Audio Program,,Textbook Audio Program MP3: Lesson 9 - <i>Vocabulario</i> - <i>Las relaciones personales</i>,1,0,sample description
Activity_Pack/pan4e_ta_l09_11_vocab_etapas-vida.mp3,8,,Textbook Audio Program,,Textbook Audio Program MP3: Lesson 9 - <i>Vocabulario</i> - <i>Las etapas de la vida</i>,1,0,sample description
Activity_Pack/pan4e_ta_l09_12_vocab_palabras-adicionales.mp3,8,,Textbook Audio Program,,Textbook Audio Program MP3: Lesson 9 - <i>Vocabulario</i> - <i>Palabras adicionales</i>,1,0,sample description
Activity_Pack/pan4e_ta_l10_01_contextos_act1.mp3,9,,Textbook Audio Program,,Textbook Audio Program MP3: Lesson 10 - <i>Contextos</i> - Activity 1,1,0,sample description
Activity_Pack/pan4e_ta_l10_02_contextos_act2.mp3,9,,Textbook Audio Program,,Textbook Audio Program MP3: Lesson 10 - <i>Contextos</i> - Activity 2,1,0,sample description
Activity_Pack/pan4e_ta_l10_03_vocab_cuerpo.mp3,9,,Textbook Audio Program,,Textbook Audio Program MP3: Lesson 10 - <i>Vocabulario</i> - <i>El cuerpo</i>,1,0,sample description
Activity_Pack/pan4e_ta_l10_04_vocab_salud.mp3,9,,Textbook Audio Program,,Textbook Audio Program MP3: Lesson 10 - <i>Vocabulario</i> - <i>La salud</i>,1,0,sample description
Activity_Pack/pan4e_ta_l10_05_vocab_verbos.mp3,9,,Textbook Audio Program,,Textbook Audio Program MP3: Lesson 10 - <i>Vocabulario</i> - <i>Verbos</i>,1,0,sample description
Activity_Pack/pan4e_ta_l10_06_vocab_adjetivos.mp3,9,,Textbook Audio Program,,Textbook Audio Program MP3: Lesson 10 - <i>Vocabulario</i> - <i>Adjetivos</i>,1,0,sample description
Activity_Pack/pan4e_ta_l10_07_vocab_adverbios.mp3,9,,Textbook Audio Program,,Textbook Audio Program MP3: Lesson 10 - <i>Vocabulario</i> - <i>Adverbios</i>,1,0,sample description
Activity_Pack/pan4e_ta_l11_01_contextos_act1.mp3,10,,Textbook Audio Program,,Textbook Audio Program MP3: Lesson 11 - <i>Contextos</i> - Activity 1,1,0,sample description
Activity_Pack/pan4e_ta_l11_02_contextos_act2.mp3,10,,Textbook Audio Program,,Textbook Audio Program MP3: Lesson 11 - <i>Contextos</i> - Activity 2,1,0,sample description
Activity_Pack/pan4e_ta_l11_03_vocab_tecnologia.mp3,10,,Textbook Audio Program,,Textbook Audio Program MP3: Lesson 11 - <i>Vocabulario</i> - <i>La tecnologí/i>,1,0,sample description
Activity_Pack/pan4e_ta_l11_04_vocab_verbos.mp3,10,,Textbook Audio Program,,Textbook Audio Program MP3: Lesson 11 - <i>Vocabulario</i> - <i>Verbos</i>,1,0,sample description
Activity_Pack/pan4e_ta_l11_05_vocab_computadora.mp3,10,,Textbook Audio Program,,Textbook Audio Program MP3: Lesson 11 - <i>Vocabulario</i> - <i>La computadora</i>,1,0,sample description
Activity_Pack/pan4e_ta_l11_06_vocab_carro.mp3,10,,Textbook Audio Program,,Textbook Audio Program MP3: Lesson 11 - <i>Vocabulario</i> - <i>El carro</i>,1,0,sample description
Activity_Pack/pan4e_ta_l11_07_vocab_otras-palabras-expresiones.mp3,10,,Textbook Audio Program,,Textbook Audio Program MP3: Lesson 11 - <i>Vocabulario</i> - <i>Otras palabras y expresiones</i>,1,0,sample description
Activity_Pack/pan4e_ta_l12_01_contextos_act1.mp3,11,,Textbook Audio Program,,Textbook Audio Program MP3: Lesson 12 - <i>Contextos</i> - Activity 1,1,0,sample description
Activity_Pack/pan4e_ta_l12_02_contextos_act2.mp3,11,,Textbook Audio Program,,Textbook Audio Program MP3: Lesson 12 - <i>Contextos</i> - Activity 2,1,0,sample description
Activity_Pack/pan4e_ta_l12_03_escuchar_estr.mp3,11,,Textbook Audio Program,,Textbook Audio Program MP3: Lesson 12 - <i>Escuchar</i> -  <i>Estrategia</i>,1,0,sample description
Activity_Pack/pan4e_ta_l12_04_escuchar_ahora.mp3,11,,Textbook Audio Program,,Textbook Audio Program MP3: Lesson 12 - <i>Escuchar</i> -  <i>Ahora escucha</i>,1,0,sample description
Activity_Pack/pan4e_ta_l12_05_vocab_viviendas.mp3,11,,Textbook Audio Program,,Textbook Audio Program MP3: Lesson 12 - <i>Vocabulario</i> - <i>Las viviendas</i>,1,0,sample description
Activity_Pack/pan4e_ta_l12_06_vocab_cuartos.mp3,11,,Textbook Audio Program,,Textbook Audio Program MP3: Lesson 12 - <i>Vocabulario</i> - <i>Los cuartos y otros lugares</i>,1,0,sample description
Activity_Pack/pan4e_ta_l12_07_vocab_muebles.mp3,11,,Textbook Audio Program,,Textbook Audio Program MP3: Lesson 12 - <i>Vocabulario</i> - <i>Los muebles y otras cosas</i>,1,0,sample description
Activity_Pack/pan4e_ta_l12_08_vocab_electrodomesticos.mp3,11,,Textbook Audio Program,,Textbook Audio Program MP3: Lesson 12 - <i>Vocabulario</i> - <i>Los electrodoméicos</i>,1,0,sample description
Activity_Pack/pan4e_ta_l12_09_vocab_mesa.mp3,11,,Textbook Audio Program,,Textbook Audio Program MP3: Lesson 12 - <i>Vocabulario</i> - <i>La mesa</i>,1,0,sample description
Activity_Pack/pan4e_ta_l12_10_vocab_quehaceres-domesticos.mp3,11,,Textbook Audio Program,,Textbook Audio Program MP3: Lesson 12 - <i>Vocabulario</i> - <i>Los quehaceres doméicos</i>,1,0,sample description
Activity_Pack/pan4e_ta_l12_11_vocab_verbos-expresiones-verbales.mp3,11,,Textbook Audio Program,,Textbook Audio Program MP3: Lesson 12 - <i>Vocabulario</i> - <i>Verbos y expresiones verbales</i>,1,0,sample description
Activity_Pack/pan4e_ta_l13_01_contextos_act1.mp3,12,,Textbook Audio Program,,Textbook Audio Program MP3: Lesson 13 - <i>Contextos</i> - Activity 1,1,0,sample description
Activity_Pack/pan4e_ta_l13_02_contextos_act2.mp3,12,,Textbook Audio Program,,Textbook Audio Program MP3: Lesson 13 - <i>Contextos</i> - Activity 2,1,0,sample description
Activity_Pack/pan4e_ta_l13_03_vocab_naturaleza.mp3,12,,Textbook Audio Program,,Textbook Audio Program MP3: Lesson 13 - <i>Vocabulario</i> - <i>La naturaleza</i>,1,0,sample description
Activity_Pack/pan4e_ta_l13_04_vocab_animales.mp3,12,,Textbook Audio Program,,Textbook Audio Program MP3: Lesson 13 - <i>Vocabulario</i> - <i>Los animales</i>,1,0,sample description
Activity_Pack/pan4e_ta_l13_05_vocab_medio-ambiente.mp3,12,,Textbook Audio Program,,Textbook Audio Program MP3: Lesson 13 - <i>Vocabulario</i> - <i>El medio ambiente</i>,1,0,sample description
Activity_Pack/pan4e_ta_l13_06_vocab_emociones.mp3,12,,Textbook Audio Program,,Textbook Audio Program MP3: Lesson 13 - <i>Vocabulario</i> - <i>Las emociones</i>,1,0,sample description
Activity_Pack/pan4e_ta_l13_07_vocab_dudas-certezas.mp3,12,,Textbook Audio Program,,Textbook Audio Program MP3: Lesson 13 - <i>Vocabulario</i> - <i>Las dudas y certezas</i>,1,0,sample description
Activity_Pack/pan4e_ta_l13_08_vocab_conjunciones.mp3,12,,Textbook Audio Program,,Textbook Audio Program MP3: Lesson 13 - <i>Vocabulario</i> - <i>Conjunciones</i>,1,0,sample description
Activity_Pack/pan4e_ta_l14_01_contextos_act1.mp3,13,,Textbook Audio Program,,Textbook Audio Program MP3: Lesson 14 - <i>Contextos</i> - Activity 1,1,0,sample description
Activity_Pack/pan4e_ta_l14_02_contextos_act2.mp3,13,,Textbook Audio Program,,Textbook Audio Program MP3: Lesson 14 - <i>Contextos</i> - Activity 2,1,0,sample description
Activity_Pack/pan4e_ta_l14_03_vocab_ciudad.mp3,13,,Textbook Audio Program,,Textbook Audio Program MP3: Lesson 14 - <i>Vocabulario</i> - <i>En la ciudad</i>,1,0,sample description
Activity_Pack/pan4e_ta_l14_04_vocab_correo.mp3,13,,Textbook Audio Program,,Textbook Audio Program MP3: Lesson 14 - <i>Vocabulario</i> - <i>En el correo</i>,1,0,sample description
Activity_Pack/pan4e_ta_l14_05_vocab_banco.mp3,13,,Textbook Audio Program,,Textbook Audio Program MP3: Lesson 14 - <i>Vocabulario</i> - <i>En el banco</i>,1,0,sample description
Activity_Pack/pan4e_ta_l14_06_vocab_como-llegar.mp3,13,,Textbook Audio Program,,Textbook Audio Program MP3: Lesson 14 - <i>Vocabulario</i> - <i>Cóllegar</i>,1,0,sample description
Activity_Pack/pan4e_ta_l15_01_contextos_act1.mp3,14,,Textbook Audio Program,,Textbook Audio Program MP3: Lesson 15 - <i>Contextos</i> - Activity 1,1,0,sample description
Activity_Pack/pan4e_ta_l15_02_contextos_act2.mp3,14,,Textbook Audio Program,,Textbook Audio Program MP3: Lesson 15 - <i>Contextos</i> - Activity 2,1,0,sample description
Activity_Pack/pan4e_ta_l15_03_escuchar_estr.mp3,14,,Textbook Audio Program,,Textbook Audio Program MP3: Lesson 15 - <i>Escuchar</i> -  <i>Estrategia</i>,1,0,sample description
Activity_Pack/pan4e_ta_l15_04_escuchar_ahora.mp3,14,,Textbook Audio Program,,Textbook Audio Program MP3: Lesson 15 - <i>Escuchar</i> -  <i>Ahora escucha</i>,1,0,sample description
Activity_Pack/pan4e_ta_l15_05_vocab_bienestar.mp3,14,,Textbook Audio Program,,Textbook Audio Program MP3: Lesson 15 - <i>Vocabulario</i> - <i>El bienestar</i>,1,0,sample description
Activity_Pack/pan4e_ta_l15_06_vocab_gimnasio.mp3,14,,Textbook Audio Program,,Textbook Audio Program MP3: Lesson 15 - <i>Vocabulario</i> - <i>En el gimnasio</i>,1,0,sample description
Activity_Pack/pan4e_ta_l15_07_vocab_nutricion.mp3,14,,Textbook Audio Program,,Textbook Audio Program MP3: Lesson 15 - <i>Vocabulario</i> - <i>La nutriciói>,1,0,sample description
Activity_Pack/pan4e_l01_textbook_audioscript.pdf,0,,Textbook Audioscripts,,Textbook Audioscript: Lesson 1,0,0,sample description
Activity_Pack/pan4e_l02_textbook_audioscript.pdf,1,,Textbook Audioscripts,,Textbook Audioscript: Lesson 2,0,0,sample description
Activity_Pack/pan4e_l03_textbook_audioscript.pdf,2,,Textbook Audioscripts,,Textbook Audioscript: Lesson 3,0,0,sample description
Activity_Pack/pan4e_l04_textbook_audioscript.pdf,3,,Textbook Audioscripts,,Textbook Audioscript: Lesson 4,0,0,sample description
Activity_Pack/pan4e_l05_textbook_audioscript.pdf,4,,Textbook Audioscripts,,Textbook Audioscript: Lesson 5,0,0,sample description
Activity_Pack/pan4e_l06_textbook_audioscript.pdf,5,,Textbook Audioscripts,,Textbook Audioscript: Lesson 6,0,0,sample description
Activity_Pack/pan4e_l07_textbook_audioscript.pdf,6,,Textbook Audioscripts,,Textbook Audioscript: Lesson 7,0,0,sample description
Activity_Pack/pan4e_l08_textbook_audioscript.pdf,7,,Textbook Audioscripts,,Textbook Audioscript: Lesson 8,0,0,sample description
Activity_Pack/pan4e_l09_textbook_audioscript.pdf,8,,Textbook Audioscripts,,Textbook Audioscript: Lesson 9,0,0,sample description
Activity_Pack/pan4e_l10_textbook_audioscript.pdf,9,,Textbook Audioscripts,,Textbook Audioscript: Lesson 10,0,0,sample description
Activity_Pack/pan4e_l11_textbook_audioscript.pdf,10,,Textbook Audioscripts,,Textbook Audioscript: Lesson 11,0,0,sample description
Activity_Pack/pan4e_l12_textbook_audioscript.pdf,11,,Textbook Audioscripts,,Textbook Audioscript: Lesson 12,0,0,sample description
Activity_Pack/pan4e_l13_textbook_audioscript.pdf,12,,Textbook Audioscripts,,Textbook Audioscript: Lesson 13,0,0,sample description
Activity_Pack/pan4e_l14_textbook_audioscript.pdf,13,,Textbook Audioscripts,,Textbook Audioscript: Lesson 14,0,0,sample description
Activity_Pack/pan4e_l15_textbook_audioscript.pdf,14,,Textbook Audioscripts,,Textbook Audioscript: Lesson 15,0,0,sample description
Activity_Pack/pan4e_en_pantalla_translation.pdf,0,14,Video Scripts,,Translation: Lessons 1-15 - Printable <i>En pantalla</i> script,0,0,sample description
Activity_Pack/pan4e_en_pantalla_translation.rtf,0,14,Video Scripts,,Translation: Lessons 1-15 - Editable <i>En pantalla</i> script,0,0,sample description
Activity_Pack/pan4e_en_pantalla_videoscript.pdf,0,14,Video Scripts,,Videoscript: Lessons 1-15 - Printable <i>En pantalla</i> script,0,0,sample description
Activity_Pack/pan4e_en_pantalla_videoscript.rtf,0,14,Video Scripts,,Videoscript: Lessons 1-15 - Editable <i>En pantalla</i> script,0,0,sample description
Activity_Pack/pan4e_fotonovela_translation.pdf,0,14,Video Scripts,,Translation: Lessons 1-15 - Printable <i>Fotonovela</i> script,0,0,sample description
Activity_Pack/pan4e_l01_flash_cultura_translation.pdf,0,,Video Scripts,,Translation: Lesson 1 - Printable <i>Flash cultura</i> script,0,0,sample description
Activity_Pack/pan4e_l01_flash_cultura_translation.rtf,0,,Video Scripts,,Translation: Lesson 1 - Editable <i>Flash cultura</i> script,0,0,sample description
Activity_Pack/pan4e_l01_flash_cultura_videoscript.pdf,0,,Video Scripts,,Videoscript: Lesson 1 - Printable <i>Flash cultura </i> script,0,0,sample description
Activity_Pack/pan4e_l01_flash_cultura_videoscript.rtf,0,,Video Scripts,,Videoscript: Lesson 1 - Editable <i>Flash cultura </i> script,0,0,sample description
Activity_Pack/pan4e_l01_fotonovela_translation.rtf,0,,Video Scripts,,Translation: Lesson 1 - Editable <i>Fotonovela</i> script,0,0,sample description
Activity_Pack/pan4e_l01_fotonovela_videoscript.pdf,0,,Video Scripts,,Videoscript: Lesson 1 - Printable <i>Fotonovela </i> script,0,0,sample description
Activity_Pack/pan4e_l01_fotonovela_videoscript.rtf,0,,Video Scripts,,Videoscript: Lesson 1 - Editable <i>Fotonovela </i> script,0,0,sample description
Activity_Pack/pan4e_l02_flash_cultura_translation.pdf,1,,Video Scripts,,Translation: Lesson 2 - Printable <i>Flash cultura</i> script,0,0,sample description
Activity_Pack/pan4e_l02_flash_cultura_translation.rtf,1,,Video Scripts,,Translation: Lesson 2 - Editable <i>Flash cultura</i> script,0,0,sample description
Activity_Pack/pan4e_l02_flash_cultura_videoscript.pdf,1,,Video Scripts,,Videoscript: Lesson 2 - Printable <i>Flash cultura</i> script,0,0,sample description
Activity_Pack/pan4e_l02_flash_cultura_videoscript.rtf,1,,Video Scripts,,Videoscript: Lesson 2 - Editable <i>Flash cultura</i> script,0,0,sample description
Activity_Pack/pan4e_l02_fotonovela_translation.rtf,1,,Video Scripts,,Translation: Lesson 2 - Editable <i>Fotonovela</i> script,0,0,sample description
Activity_Pack/pan4e_l02_fotonovela_videoscript.pdf,1,,Video Scripts,,Videoscript: Lesson 2 - Printable <i>Fotonovela</i> script,0,0,sample description
Activity_Pack/pan4e_l02_fotonovela_videoscript.rtf,1,,Video Scripts,,Videoscript: Lesson 2 - Editable <i>Fotonovela</i> script,0,0,sample description
Activity_Pack/pan4e_l03_flash_cultura_translation.pdf,2,,Video Scripts,,Translation: Lesson 3 - Printable <i>Flash cultura</i> script,0,0,sample description
Activity_Pack/pan4e_l03_flash_cultura_translation.rtf,2,,Video Scripts,,Translation: Lesson 3 - Editable <i>Flash cultura</i> script,0,0,sample description
Activity_Pack/pan4e_l03_flash_cultura_videoscript.pdf,2,,Video Scripts,,Videoscript: Lesson 3 - Printable <i>Flash cultura</i> script,0,0,sample description
Activity_Pack/pan4e_l03_flash_cultura_videoscript.rtf,2,,Video Scripts,,Videoscript: Lesson 3 - Editable <i>Flash cultura</i> script,0,0,sample description
Activity_Pack/pan4e_l03_fotonovela_translation.rtf,2,,Video Scripts,,Translation: Lesson 3 - Editable <i>Fotonovela</i> script,0,0,sample description
Activity_Pack/pan4e_l03_fotonovela_videoscript.pdf,2,,Video Scripts,,Videoscript: Lesson 3 - Printable <i>Fotonovela</i> script,0,0,sample description
Activity_Pack/pan4e_l03_fotonovela_videoscript.rtf,2,,Video Scripts,,Videoscript: Lesson 3 - Editable <i>Fotonovela</i> script,0,0,sample description
Activity_Pack/pan4e_l04_flash_cultura_translation.pdf,3,,Video Scripts,,Translation: Lesson 4 - Printable <i>Flash cultura</i> script,0,0,sample description
Activity_Pack/pan4e_l04_flash_cultura_translation.rtf,3,,Video Scripts,,Translation: Lesson 4 - Editable <i>Flash cultura</i> script,0,0,sample description
Activity_Pack/pan4e_l04_flash_cultura_videoscript.pdf,3,,Video Scripts,,Videoscript: Lesson 4 - Printable <i>Flash cultura</i> script,0,0,sample description
Activity_Pack/pan4e_l04_flash_cultura_videoscript.rtf,3,,Video Scripts,,Videoscript: Lesson 4 - Editable <i>Flash cultura</i> script,0,0,sample description
Activity_Pack/pan4e_l04_fotonovela_translation.rtf,3,,Video Scripts,,Translation: Lesson 4 - Editable <i>Fotonovela</i> script,0,0,sample description
Activity_Pack/pan4e_l04_fotonovela_videoscript.pdf,3,,Video Scripts,,Videoscript: Lesson 4 - Printable <i>Fotonovela </i> script,0,0,sample description
Activity_Pack/pan4e_l04_fotonovela_videoscript.rtf,3,,Video Scripts,,Videoscript: Lesson 4 - Editable <i>Fotonovela </i> script,0,0,sample description
Activity_Pack/pan4e_l05_flash_cultura_translation.pdf,4,,Video Scripts,,Translation: Lesson 5 - Printable <i>Flash cultura</i> script,0,0,sample description
Activity_Pack/pan4e_l05_flash_cultura_translation.rtf,4,,Video Scripts,,Translation: Lesson 5 - Editable <i>Flash cultura</i> script,0,0,sample description
Activity_Pack/pan4e_l05_flash_cultura_videoscript.pdf,4,,Video Scripts,,Videoscript: Lesson 5 - Printable <i>Flash cultura</i> script,0,0,sample description
Activity_Pack/pan4e_l05_flash_cultura_videoscript.rtf,4,,Video Scripts,,Videoscript: Lesson 5 - Editable <i>Flash cultura</i> script,0,0,sample description
Activity_Pack/pan4e_l05_fotonovela_translation.rtf,4,,Video Scripts,,Translation: Lesson 5 - Editable <i>Fotonovela</i> script,0,0,sample description
Activity_Pack/pan4e_l05_fotonovela_videoscript.pdf,4,,Video Scripts,,Videoscript: Lesson 5 - Printable <i>Fotonovela </i> script,0,0,sample description
Activity_Pack/pan4e_l05_fotonovela_videoscript.rtf,4,,Video Scripts,,Videoscript: Lesson 5 - Editable <i>Fotonovela </i> script,0,0,sample description
Activity_Pack/pan4e_l06_flash_cultura_translation.pdf,5,,Video Scripts,,Translation: Lesson 6 - Printable <i>Flash cultura</i> script,0,0,sample description
Activity_Pack/pan4e_l06_flash_cultura_translation.rtf,5,,Video Scripts,,Translation: Lesson 6 - Editable <i>Flash cultura</i> script,0,0,sample description
Activity_Pack/pan4e_l06_flash_cultura_videoscript.pdf,5,,Video Scripts,,Videoscript: Lesson 6 - Printable <i>Flash cultura</i> script,0,0,sample description
Activity_Pack/pan4e_l06_flash_cultura_videoscript.rtf,5,,Video Scripts,,Videoscript: Lesson 6 - Editable <i>Flash cultura</i> script,0,0,sample description
Activity_Pack/pan4e_l06_fotonovela_translation.rtf,5,,Video Scripts,,Translation: Lesson 6 - Editable <i>Fotonovela</i> script,0,0,sample description
Activity_Pack/pan4e_l06_fotonovela_videoscript.pdf,5,,Video Scripts,,Videoscript: Lesson 6 - Printable <i>Fotonovela </i> script,0,0,sample description
Activity_Pack/pan4e_l06_fotonovela_videoscript.rtf,5,,Video Scripts,,Videoscript: Lesson 6 - Editable <i>Fotonovela </i> script,0,0,sample description
Activity_Pack/pan4e_l07_flash_cultura_translation.pdf,6,,Video Scripts,,Translation: Lesson 7 - Printable <i>Flash cultura</i> script,0,0,sample description
Activity_Pack/pan4e_l07_flash_cultura_translation.rtf,6,,Video Scripts,,Translation: Lesson 7 - Editable <i>Flash cultura</i> script,0,0,sample description
Activity_Pack/pan4e_l07_flash_cultura_videoscript.pdf,6,,Video Scripts,,Videoscript: Lesson 7 - Printable <i>Flash cultura</i> script,0,0,sample description
Activity_Pack/pan4e_l07_flash_cultura_videoscript.rtf,6,,Video Scripts,,Videoscript: Lesson 7 - Editable <i>Flash cultura</i> script,0,0,sample description
Activity_Pack/pan4e_l07_fotonovela_translation.rtf,6,,Video Scripts,,Translation: Lesson 7 - Editable <i>Fotonovela</i> script,0,0,sample description
Activity_Pack/pan4e_l07_fotonovela_videoscript.pdf,6,,Video Scripts,,Videoscript: Lesson 7 - Printable <i>Fotonovela </i> script,0,0,sample description
Activity_Pack/pan4e_l07_fotonovela_videoscript.rtf,6,,Video Scripts,,Videoscript: Lesson 7 - Editable <i>Fotonovela </i> script,0,0,sample description
Activity_Pack/pan4e_l08_flash_cultura_translation.pdf,7,,Video Scripts,,Translation: Lesson 8 - Printable <i>Flash cultura</i> script,0,0,sample description
Activity_Pack/pan4e_l08_flash_cultura_translation.rtf,7,,Video Scripts,,Translation: Lesson 8 - Editable <i>Flash cultura</i> script,0,0,sample description
Activity_Pack/pan4e_l08_flash_cultura_videoscript.pdf,7,,Video Scripts,,Videoscript: Lesson 8 - Printable <i>Flash cultura</i> script,0,0,sample description
Activity_Pack/pan4e_l08_flash_cultura_videoscript.rtf,7,,Video Scripts,,Videoscript: Lesson 8 - Editable <i>Flash cultura</i> script,0,0,sample description
Activity_Pack/pan4e_l08_fotonovela_translation.rtf,7,,Video Scripts,,Translation: Lesson 8 - Editable <i>Fotonovela</i> script,0,0,sample description
Activity_Pack/pan4e_l08_fotonovela_videoscript.pdf,7,,Video Scripts,,Videoscript: Lesson 8 - Printable <i>Fotonovela </i> script,0,0,sample description
Activity_Pack/pan4e_l08_fotonovela_videoscript.rtf,7,,Video Scripts,,Videoscript: Lesson 8 - Editable <i>Fotonovela </i> script,0,0,sample description
Activity_Pack/pan4e_l09_flash_cultura_translation.pdf,8,,Video Scripts,,Translation: Lesson 9 - Printable <i>Flash cultura</i> script,0,0,sample description
Activity_Pack/pan4e_l09_flash_cultura_translation.rtf,8,,Video Scripts,,Translation: Lesson 9 - Editable <i>Flash cultura</i> script,0,0,sample description
Activity_Pack/pan4e_l09_flash_cultura_videoscript.pdf,8,,Video Scripts,,Videoscript: Lesson 9 - Printable <i>Flash cultura</i> script,0,0,sample description
Activity_Pack/pan4e_l09_flash_cultura_videoscript.rtf,8,,Video Scripts,,Videoscript: Lesson 9 - Editable <i>Flash cultura</i> script,0,0,sample description
Activity_Pack/pan4e_l09_fotonovela_translation.rtf,8,,Video Scripts,,Translation: Lesson 9 - Editable <i>Fotonovela</i> script,0,0,sample description
Activity_Pack/pan4e_l09_fotonovela_videoscript.pdf,8,,Video Scripts,,Videoscript: Lesson 9 - Printable <i>Fotonovela </i> script,0,0,sample description
Activity_Pack/pan4e_l09_fotonovela_videoscript.rtf,8,,Video Scripts,,Videoscript: Lesson 9 - Editable <i>Fotonovela </i> script,0,0,sample description
Activity_Pack/pan4e_l10_flash_cultura_translation.pdf,9,,Video Scripts,,Translation: Lesson 10 - Printable <i>Flash cultura</i> script,0,0,sample description
Activity_Pack/pan4e_l10_flash_cultura_translation.rtf,9,,Video Scripts,,Translation: Lesson 10 - Editable <i>Flash cultura</i> script,0,0,sample description
Activity_Pack/pan4e_l10_flash_cultura_videoscript.pdf,9,,Video Scripts,,Videoscript: Lesson 10 - Printable <i>Flash cultura</i> script,0,0,sample description
Activity_Pack/pan4e_l10_flash_cultura_videoscript.rtf,9,,Video Scripts,,Videoscript: Lesson 10 - Editable <i>Flash cultura</i> script,0,0,sample description
Activity_Pack/pan4e_l10_fotonovela_translation.rtf,9,,Video Scripts,,Translation: Lesson 10 - Editable <i>Fotonovela</i> script,0,0,sample description
Activity_Pack/pan4e_l10_fotonovela_videoscript.pdf,9,,Video Scripts,,Videoscript: Lesson 10 - Printable <i>Fotonovela </i> script,0,0,sample description
Activity_Pack/pan4e_l10_fotonovela_videoscript.rtf,9,,Video Scripts,,Videoscript: Lesson 10 - Editable <i>Fotonovela </i> script,0,0,sample description
Activity_Pack/pan4e_l11_flash_cultura_translation.pdf,10,,Video Scripts,,Translation: Lesson 11 - Printable <i>Flash cultura</i> script,0,0,sample description
Activity_Pack/pan4e_l11_flash_cultura_translation.rtf,10,,Video Scripts,,Translation: Lesson 11 - Editable <i>Flash cultura</i> script,0,0,sample description
Activity_Pack/pan4e_l11_flash_cultura_videoscript.pdf,10,,Video Scripts,,Videoscript: Lesson 11 - Printable <i>Flash cultura</i> script,0,0,sample description
Activity_Pack/pan4e_l11_flash_cultura_videoscript.rtf,10,,Video Scripts,,Videoscript: Lesson 11 - Editable <i>Flash cultura</i> script,0,0,sample description
Activity_Pack/pan4e_l11_fotonovela_translation.rtf,10,,Video Scripts,,Translation: Lesson 11 - Editable <i>Fotonovela</i> script,0,0,sample description
Activity_Pack/pan4e_l11_fotonovela_videoscript.pdf,10,,Video Scripts,,Videoscript: Lesson 11 - Printable <i>Fotonovela </i> script,0,0,sample description
Activity_Pack/pan4e_l11_fotonovela_videoscript.rtf,10,,Video Scripts,,Videoscript: Lesson 11 - Editable <i>Fotonovela </i> script,0,0,sample description
Activity_Pack/pan4e_l12_flash_cultura_translation.pdf,11,,Video Scripts,,Translation: Lesson 12 - Printable <i>Flash cultura</i> script,0,0,sample description
Activity_Pack/pan4e_l12_flash_cultura_translation.rtf,11,,Video Scripts,,Translation: Lesson 12 - Editable <i>Flash cultura</i> script,0,0,sample description
Activity_Pack/pan4e_l12_flash_cultura_videoscript.pdf,11,,Video Scripts,,Videoscript: Lesson 12 - Printable <i>Flash cultura</i> script,0,0,sample description
Activity_Pack/pan4e_l12_flash_cultura_videoscript.rtf,11,,Video Scripts,,Videoscript: Lesson 12 - Editable <i>Flash cultura</i> script,0,0,sample description
Activity_Pack/pan4e_l12_fotonovela_translation.rtf,11,,Video Scripts,,Translation: Lesson 12 - Editable <i>Fotonovela</i> script,0,0,sample description
Activity_Pack/pan4e_l12_fotonovela_videoscript.pdf,11,,Video Scripts,,Videoscript: Lesson 12 - Printable <i>Fotonovela </i> script,0,0,sample description
Activity_Pack/pan4e_l12_fotonovela_videoscript.rtf,11,,Video Scripts,,Videoscript: Lesson 12 - Editable <i>Fotonovela </i> script,0,0,sample description
Activity_Pack/pan4e_l13_flash_cultura_translation.pdf,12,,Video Scripts,,Translation: Lesson 13 - Printable <i>Flash cultura</i> script,0,0,sample description
Activity_Pack/pan4e_l13_flash_cultura_translation.rtf,12,,Video Scripts,,Translation: Lesson 13 - Editable <i>Flash cultura</i> script,0,0,sample description
Activity_Pack/pan4e_l13_flash_cultura_videoscript.pdf,12,,Video Scripts,,Videoscript: Lesson 13 - Printable <i>Flash cultura</i> script,0,0,sample description
Activity_Pack/pan4e_l13_flash_cultura_videoscript.rtf,12,,Video Scripts,,Videoscript: Lesson 13 - Editable <i>Flash cultura</i> script,0,0,sample description
Activity_Pack/pan4e_l13_fotonovela_translation.rtf,12,,Video Scripts,,Translation: Lesson 13 - Editable <i>Fotonovela</i> script,0,0,sample description
Activity_Pack/pan4e_l13_fotonovela_videoscript.pdf,12,,Video Scripts,,Videoscript: Lesson 13 - Printable <i>Fotonovela </i> script,0,0,sample description
Activity_Pack/pan4e_l13_fotonovela_videoscript.rtf,12,,Video Scripts,,Videoscript: Lesson 13 - Editable <i>Fotonovela </i> script,0,0,sample description
Activity_Pack/pan4e_l14_flash_cultura_translation.pdf,13,,Video Scripts,,Translation: Lesson 14 - Printable <i>Flash cultura</i> script,0,0,sample description
Activity_Pack/pan4e_l14_flash_cultura_translation.rtf,13,,Video Scripts,,Translation: Lesson 14 - Editable <i>Flash cultura</i> script,0,0,sample description
Activity_Pack/pan4e_l14_flash_cultura_videoscript.pdf,13,,Video Scripts,,Videoscript: Lesson 14 - Printable <i>Flash cultura</i> script,0,0,sample description
Activity_Pack/pan4e_l14_flash_cultura_videoscript.rtf,13,,Video Scripts,,Videoscript: Lesson 14 - Editable <i>Flash cultura</i> script,0,0,sample description
Activity_Pack/pan4e_l14_fotonovela_translation.rtf,13,,Video Scripts,,Translation: Lesson 14 - Editable <i>Fotonovela</i> script,0,0,sample description
Activity_Pack/pan4e_l14_fotonovela_videoscript.pdf,13,,Video Scripts,,Videoscript: Lesson 14 - Printable <i>Fotonovela </i> script,0,0,sample description
Activity_Pack/pan4e_l14_fotonovela_videoscript.rtf,13,,Video Scripts,,Videoscript: Lesson 14 - Editable <i>Fotonovela </i> script,0,0,sample description
Activity_Pack/pan4e_l15_flash_cultura_translation.pdf,14,,Video Scripts,,Translation: Lesson 15 - Printable <i>Flash cultura</i> script,0,0,sample description
Activity_Pack/pan4e_l15_flash_cultura_translation.rtf,14,,Video Scripts,,Translation: Lesson 15 - Editable <i>Flash cultura</i> script,0,0,sample description
Activity_Pack/pan4e_l15_flash_cultura_videoscript.pdf,14,,Video Scripts,,Videoscript: Lesson 15 - Printable <i>Flash cultura</i> script,0,0,sample description
Activity_Pack/pan4e_l15_flash_cultura_videoscript.rtf,14,,Video Scripts,,Videoscript: Lesson 15 - Editable <i>Flash cultura</i> script,0,0,sample description
Activity_Pack/pan4e_l15_fotonovela_translation.rtf,14,,Video Scripts,,Translation: Lesson 15 - Editable <i>Fotonovela</i> script,0,0,sample description
Activity_Pack/pan4e_l15_fotonovela_videoscript.pdf,14,,Video Scripts,,Videoscript: Lesson 15 - Printable <i>Fotonovela </i> script,0,0,sample description
Activity_Pack/pan4e_l15_fotonovela_videoscript.rtf,14,,Video Scripts,,Videoscript: Lesson 15 - Editable <i>Fotonovela </i> script,0,0,sample description
Activity_Pack/pan4e_panorama_cultural_translation.pdf,0,14,Video Scripts,,Translation: Lessons 1-15 - Printable <i>Panorama cultural</i> script,0,0,sample description
Activity_Pack/pan4e_panorama_cultural_translation.rtf,0,14,Video Scripts,,Translation: Lessons 1-15 - Editable <i>Panorama cultural</i> script,0,0,sample description
Activity_Pack/pan4e_panorama_cultural_videoscript.pdf,0,14,Video Scripts,,Videoscript: Lessons 1-15 - Printable <i>Panorama cultural</i> script,0,0,sample description
Activity_Pack/pan4e_panorama_cultural_videoscript.rtf,0,14,Video Scripts,,Videoscript: Lessons 1-15 - Editable <i>Panorama cultural</i> script,0,0,sample description
